0;0;0;0;land;false;plains;6
1;167;212;122;land;false;plains;6
2;235;84;226;land;false;plains;6
3;197;222;241;land;false;plains;6
4;237;213;221;land;false;plains;6
5;215;105;248;land;false;low_urban;4
6;228;185;127;land;false;plains;6
7;250;204;186;land;false;plains;6
8;243;252;90;land;false;plains;6
9;131;252;177;land;false;plains;6
10;190;238;136;land;false;plains;5
11;250;165;199;land;false;plains;6
12;224;226;123;land;true;plains;3
13;142;127;236;land;false;plains;6
14;203;215;135;land;false;low_urban;1
15;145;224;175;land;false;marsh;5
16;175;134;215;land;false;plains;5
17;120;188;202;land;false;hills;6
18;144;178;230;land;false;plains;6
19;229;90;201;land;false;low_urban;5
20;246;208;226;land;true;forest;6
21;158;230;169;land;false;plains;2
22;180;216;135;land;false;plains;2
23;237;77;245;land;false;low_urban;3
24;196;239;148;land;false;plains;4
25;202;240;80;land;false;plains;6
26;233;75;231;land;false;plains;6
27;166;188;174;land;false;plains;6
28;252;33;219;land;false;plains;6
29;108;191;216;land;false;plains;1
30;160;229;239;land;false;plains;6
31;204;220;138;land;false;plains;6
32;241;180;179;land;false;plains;6
33;227;138;232;land;false;plains;6
34;230;212;101;land;false;plains;6
35;212;214;175;land;false;plains;3
36;161;188;186;land;true;plains;6
37;220;95;200;land;false;forest;2
38;192;124;196;land;false;forest;6
39;204;134;221;land;false;plains;4
40;218;68;233;land;false;low_urban;3
41;201;128;240;land;false;plains;6
42;217;194;150;land;true;low_urban;1
43;156;159;186;land;false;plains;6
44;207;100;208;land;false;plains;2
45;211;122;179;land;false;plains;6
46;201;227;118;land;false;plains;6
47;181;144;190;land;false;plains;6
48;222;84;195;land;false;plains;6
49;112;230;185;land;false;plains;6
50;202;208;219;land;false;plains;6
51;241;151;183;land;true;plains;6
52;184;131;203;land;false;hills;6
53;202;169;135;land;false;forest;3
54;227;239;237;land;false;plains;3
55;209;240;200;land;false;plains;6
56;209;182;215;land;false;plains;6
57;220;142;222;land;false;plains;6
58;181;197;150;land;false;forest;4
59;167;245;160;land;false;plains;5
60;166;204;222;land;false;plains;6
61;57;203;246;land;false;low_urban;2
62;159;209;178;land;false;plains;6
63;155;173;212;land;false;plains;6
64;155;155;194;land;false;plains;6
65;69;207;231;land;false;plains;6
66;215;169;130;land;false;forest;3
67;170;250;232;land;true;plains;6
68;212;232;114;land;false;plains;6
69;250;100;239;land;true;plains;6
70;115;228;246;land;false;plains;2
71;182;237;161;land;false;plains;6
72;215;135;176;land;false;low_urban;1
73;229;146;132;land;false;urban;5
74;145;199;205;land;false;plains;6
75;204;195;180;land;false;mountain;6
76;249;162;98;land;false;plains;6
77;244;173;186;land;false;plains;6
78;161;208;146;land;false;low_urban;4
79;254;232;98;land;false;urban;2
80;169;236;117;land;false;plains;4
81;163;188;151;land;false;low_urban;3
82;242;158;115;land;false;plains;6
83;249;135;223;land;false;plains;6
84;208;207;216;land;true;plains;6
85;30;247;243;land;false;plains;1
86;244;254;50;land;false;plains;4
87;143;201;236;land;false;plains;6
88;198;195;170;land;false;plains;6
89;225;240;214;land;false;plains;2
90;227;251;223;land;false;plains;6
91;235;209;73;land;false;plains;2
92;186;210;106;land;false;plains;6
93;207;74;230;land;false;plains;6
94;175;213;145;land;false;plains;6
95;136;244;219;land;false;plains;6
96;127;156;234;land;false;plains;6
97;113;242;238;land;false;plains;5
98;165;251;213;land;false;urban;4
99;112;213;198;land;false;low_urban;3
100;209;155;171;land;false;plains;6
101;120;211;230;land;false;plains;6
102;240;211;253;land;false;plains;6
103;243;122;234;land;false;forest;4
104;206;253;185;land;false;plains;6
105;167;219;124;land;false;plains;6
106;143;226;206;land;false;plains;6
107;146;138;217;land;false;plains;6
108;226;83;196;land;false;plains;4
109;217;173;169;land;false;plains;6
110;173;210;240;land;false;forest;2
111;246;153;132;land;false;plains;6
112;232;240;110;land;false;plains;6
113;155;178;238;land;false;plains;6
114;227;183;233;land;false;plains;4
115;241;196;207;land;true;plains;5
116;130;185;236;land;false;plains;6
117;175;168;216;land;false;plains;6
118;227;203;85;land;false;forest;4
119;213;118;240;land;false;plains;1
120;239;101;210;land;false;plains;6
121;122;233;201;land;false;plains;1
122;68;224;233;land;false;hills;4
123;129;239;196;land;false;plains;6
124;199;134;251;land;true;forest;3
125;203;200;147;land;false;forest;1
126;207;245;134;land;false;plains;6
127;218;227;143;land;false;plains;6
128;145;254;238;land;false;plains;6
129;238;245;39;land;false;low_urban;3
130;220;91;197;land;true;urban;4
131;172;200;247;land;false;forest;5
132;100;250;193;land;false;forest;4
133;93;208;216;land;true;plains;4
134;219;197;250;land;false;plains;6
135;112;236;198;land;false;plains;6
136;133;249;230;land;false;forest;2
137;116;206;201;land;false;plains;6
138;218;219;232;land;false;plains;6
139;239;85;196;land;false;forest;5
140;233;91;195;land;false;plains;6
141;209;169;167;land;false;plains;2
142;169;186;236;land;false;plains;6
143;177;182;246;land;false;plains;6
144;181;150;248;land;false;plains;6
145;229;223;254;land;true;plains;6
146;226;250;181;land;false;plains;1
147;168;169;187;land;false;plains;6
148;165;250;114;land;false;forest;6
149;251;110;203;land;false;plains;6
150;112;237;186;land;false;low_urban;3
151;212;138;193;land;false;plains;6
152;200;218;187;land;false;plains;2
153;224;214;247;land;false;forest;6
154;186;252;238;land;true;plains;1
155;227;165;179;land;false;plains;6
156;250;164;200;land;false;plains;2
157;249;192;210;land;false;forest;1
158;190;168;169;land;false;plains;1
159;156;236;212;land;false;plains;6
160;229;184;251;land;false;plains;6
161;213;155;155;land;false;urban;2
162;227;161;161;land;false;plains;6
163;235;240;236;land;false;plains;2
164;166;164;242;land;false;plains;6
165;49;228;251;land;false;plains;6
166;228;140;189;land;false;plains;4
167;183;231;102;land;false;plains;6
168;212;191;238;land;false;plains;6
169;110;180;228;land;false;hills;6
170;171;193;217;land;false;forest;5
171;250;242;244;land;false;plains;6
172;146;210;212;land;false;plains;6
173;230;216;237;land;false;plains;4
174;200;227;83;land;false;plains;2
175;241;157;217;land;false;plains;6
176;215;253;98;land;true;hills;6
177;251;114;171;land;false;forest;2
178;229;105;243;land;false;hills;4
179;204;184;168;land;false;forest;6
180;173;159;234;land;false;plains;1
181;207;232;76;land;false;urban;6
182;174;230;201;land;false;forest;1
183;224;202;221;land;false;plains;5
184;249;251;119;land;false;plains;6
185;199;247;195;land;false;plains;6
186;184;246;203;land;false;plains;6
187;113;218;238;land;false;plains;6
188;205;190;232;land;false;plains;6
189;136;227;145;land;false;plains;6
190;198;181;192;land;true;low_urban;4
191;111;243;192;land;false;plains;6
192;141;237;179;land;false;plains;6
193;126;207;200;land;false;plains;6
194;91;208;210;land;true;plains;5
195;169;243;201;land;false;plains;1
196;205;66;245;land;false;plains;1
197;199;233;230;land;false;plains;6
198;125;247;182;land;false;forest;5
199;148;164;218;land;false;plains;6
200;219;174;128;land;false;forest;1
201;200;206;116;land;false;plains;6
202;227;214;238;land;false;forest;1
203;200;76;226;land;false;plains;5
204;221;207;188;land;false;mountain;4
205;131;237;167;land;false;plains;6
206;140;229;212;land;false;plains;3
207;165;245;192;land;false;hills;4
208;4;251;246;land;false;plains;6
209;147;236;125;land;false;plains;6
210;117;211;234;land;false;plains;1
211;99;209;214;land;false;plains;6
212;230;39;242;land;false;plains;6
213;184;183;162;land;false;plains;6
214;227;219;171;land;false;plains;6
215;118;247;140;land;false;plains;6
216;137;147;236;land;false;urban;4
217;221;204;225;land;false;plains;1
218;106;250;175;land;false;plains;6
219;126;228;247;land;false;forest;4
220;230;124;152;land;false;plains;6
221;222;236;85;land;false;plains;6
222;248;94;239;land;false;plains;3
223;239;121;201;land;false;plains;1
224;158;219;240;land;false;plains;6
225;254;111;196;land;false;forest;6
226;213;76;232;land;false;plains;6
227;196;135;219;land;true;forest;1
228;234;238;121;land;false;forest;3
229;146;216;186;land;false;hills;6
230;223;229;196;land;false;plains;6
231;104;250;234;land;false;plains;6
232;206;163;207;land;false;plains;1
233;159;235;231;land;false;plains;6
234;172;234;98;land;false;plains;4
235;198;233;227;land;false;forest;3
236;158;110;238;land;false;forest;3
237;216;126;242;land;false;plains;6
238;122;189;251;land;false;plains;5
239;237;123;146;land;false;plains;4
240;212;207;172;land;false;plains;1
241;89;229;245;land;false;low_urban;4
242;184;200;186;land;false;plains;4
243;211;207;216;land;false;plains;6
244;112;246;158;land;false;plains;6
245;208;207;136;land;false;plains;1
246;108;230;195;land;false;hills;6
247;77;237;240;land;false;low_urban;1
248;205;191;138;land;false;plains;2
249;228;128;191;land;false;plains;4
250;196;158;249;land;false;hills;6
251;94;210;250;land;false;plains;5
252;253;236;27;land;false;plains;6
253;252;133;189;land;false;plains;6
254;197;208;157;land;false;plains;6
255;248;174;125;land;false;plains;6
256;133;194;195;land;false;mountain;6
257;214;142;171;land;false;mountain;6
258;245;152;171;land;false;plains;6
259;193;251;78;land;false;plains;6
260;126;156;221;land;false;hills;4
261;221;171;254;land;false;low_urban;4
262;203;127;189;land;false;plains;6
263;211;251;254;land;false;plains;6
264;201;158;203;land;false;hills;6
265;109;218;215;land;false;plains;6
266;187;247;191;land;false;plains;6
267;84;218;223;land;false;plains;6
268;137;204;218;land;false;plains;1
269;181;167;247;land;false;plains;6
270;232;98;175;land;false;plains;6
271;174;193;172;land;false;plains;6
272;115;248;242;land;false;plains;6
273;212;201;245;land;false;plains;1
274;121;218;208;land;false;plains;6
275;100;216;237;land;false;plains;6
276;232;182;118;land;false;plains;4
277;117;145;250;land;false;plains;6
278;212;235;188;land;false;plains;6
279;164;238;102;land;false;plains;6
280;164;184;230;land;false;plains;6
281;134;245;122;land;false;forest;2
282;200;145;217;land;false;plains;6
283;95;248;253;land;false;plains;4
284;222;174;201;land;false;plains;6
285;203;189;164;land;false;plains;6
286;190;65;250;land;false;plains;6
287;45;222;239;land;true;plains;6
288;140;153;250;land;false;plains;6
289;83;253;219;land;false;forest;1
290;218;131;237;land;false;plains;6
291;225;124;153;land;false;plains;6
292;239;238;79;land;false;plains;6
293;107;248;160;land;false;hills;4
294;230;229;160;land;true;plains;1
295;193;230;250;land;false;plains;6
296;148;253;164;land;false;plains;6
297;60;213;249;land;false;plains;6
298;167;230;204;land;false;plains;6
299;252;105;186;land;false;plains;6
300;79;251;250;land;false;plains;6
301;213;220;186;land;false;plains;4
302;199;156;230;land;false;plains;6
303;175;187;170;land;false;plains;6
304;169;177;194;land;false;plains;1
305;189;147;186;land;false;plains;5
306;224;252;247;land;false;plains;6
307;168;214;133;land;false;plains;6
308;232;216;56;land;false;low_urban;4
309;184;249;108;land;false;plains;6
310;214;45;252;land;false;forest;6
311;241;29;252;land;false;plains;5
312;205;207;250;land;false;plains;6
313;218;82;239;land;false;plains;6
314;184;222;235;land;false;forest;4
315;195;237;209;land;false;forest;2
316;213;240;220;land;false;plains;6
317;147;218;164;land;false;plains;6
318;103;195;239;land;false;plains;6
319;104;183;250;land;false;plains;6
320;204;123;182;land;true;forest;2
321;187;211;189;land;false;plains;3
322;168;254;165;land;false;plains;6
323;181;210;226;land;false;hills;4
324;121;238;215;land;false;plains;6
325;122;139;241;land;false;plains;6
326;238;175;243;land;false;plains;6
327;190;149;210;land;false;plains;2
328;60;250;234;land;false;plains;6
329;155;213;233;land;false;plains;2
330;223;108;223;land;false;plains;6
331;231;206;176;land;false;plains;6
332;199;237;76;land;false;plains;6
333;217;183;175;land;false;plains;6
334;221;252;156;land;false;plains;6
335;223;208;141;land;false;plains;4
336;217;238;253;land;false;plains;6
337;148;241;173;land;false;plains;6
338;240;184;136;land;false;plains;6
339;199;228;100;land;false;plains;6
340;197;243;139;land;false;hills;4
341;96;254;170;land;false;plains;6
342;231;249;50;land;false;plains;6
343;231;243;214;land;false;plains;6
344;136;218;182;land;false;plains;6
345;225;66;212;land;false;low_urban;4
346;185;200;234;land;false;plains;1
347;230;254;183;land;false;plains;6
348;152;159;205;land;false;plains;1
349;203;176;123;land;false;urban;6
350;223;88;220;land;false;plains;4
351;232;160;196;land;false;industrial;4
352;177;118;233;land;false;plains;6
353;246;207;70;land;false;mountain;3
354;241;155;221;land;false;plains;6
355;233;244;147;land;false;forest;4
356;227;159;187;land;false;plains;4
357;247;114;231;land;false;forest;4
358;213;215;93;land;false;hills;6
359;174;249;85;land;false;plains;6
360;225;205;173;sea;false;ocean;0
361;205;236;182;land;false;plains;6
362;240;199;166;land;false;plains;6
363;254;25;235;land;false;forest;5
364;194;201;147;land;false;plains;6
365;244;75;196;land;false;plains;6
366;254;160;109;land;false;hills;4
367;240;168;164;land;false;plains;6
368;170;214;146;land;false;plains;6
369;242;186;120;land;false;plains;4
370;230;237;74;land;false;forest;3
371;193;193;150;land;false;forest;4
372;128;208;254;land;false;plains;6
373;127;179;205;land;false;mountain;6
374;128;241;206;land;false;urban;3
375;227;219;147;land;false;plains;6
376;245;249;44;land;false;plains;1
377;75;227;217;land;false;plains;2
378;205;198;205;land;false;plains;1
379;248;121;202;land;false;forest;3
380;245;217;219;land;false;low_urban;3
381;196;221;207;land;false;plains;2
382;173;230;220;land;false;forest;3
383;252;236;208;land;false;plains;6
384;227;203;241;land;false;plains;5
385;189;236;216;land;false;plains;6
386;247;165;250;land;false;plains;6
387;179;198;204;land;false;forest;5
388;180;157;245;land;false;plains;4
389;213;129;187;land;false;plains;6
390;209;90;252;land;false;plains;6
391;249;49;206;land;false;forest;2
392;228;72;220;land;false;plains;6
393;62;244;234;land;false;forest;3
394;248;203;158;land;false;mountain;6
395;216;242;227;land;false;plains;5
396;205;175;155;land;false;plains;4
397;210;217;86;land;false;plains;6
398;155;209;250;land;false;plains;6
399;136;125;244;land;false;forest;1
400;231;226;167;land;false;plains;2
401;246;126;133;land;false;low_urban;2
402;99;245;249;land;false;plains;1
403;203;108;240;land;false;marsh;1
404;234;240;36;land;false;low_urban;4
405;219;249;159;land;false;plains;6
406;153;224;248;land;false;plains;6
407;180;249;151;land;false;plains;5
408;128;166;220;land;false;forest;3
409;107;236;181;land;false;plains;6
410;194;137;172;land;false;plains;6
411;252;177;159;land;false;plains;2
412;226;239;177;land;false;plains;6
413;254;215;200;land;false;plains;6
414;248;185;152;land;false;plains;6
415;195;142;244;land;false;plains;6
416;178;178;220;land;false;plains;6
417;249;60;216;land;false;plains;6
418;251;206;103;land;false;plains;6
419;121;253;144;land;false;plains;2
420;118;232;205;land;false;plains;6
421;160;248;175;land;false;plains;6
422;201;251;80;land;false;plains;4
423;131;226;212;land;false;urban;2
424;253;209;85;land;false;plains;6
425;187;208;233;land;false;plains;4
426;250;172;220;land;false;plains;6
427;137;178;217;land;false;plains;6
428;103;223;192;land;false;hills;4
429;212;243;104;land;false;plains;6
430;197;213;106;land;false;urban;2
431;166;232;210;land;false;forest;1
432;221;197;204;land;false;desert;3
433;240;253;229;land;false;hills;4
434;182;170;177;land;false;plains;6
435;252;229;238;land;false;forest;3
436;221;207;131;land;true;plains;1
437;170;210;243;land;false;plains;1
438;48;234;224;land;false;plains;6
439;213;252;249;land;false;plains;3
440;240;243;186;land;false;plains;4
441;190;117;207;land;false;forest;4
442;124;251;126;land;true;urban;4
443;159;163;254;land;false;plains;2
444;189;238;218;land;false;plains;3
445;231;254;112;land;false;plains;6
446;253;196;165;land;false;plains;2
447;165;176;184;land;false;forest;6
448;223;181;207;land;false;plains;2
449;225;253;90;land;true;plains;6
450;229;178;199;land;false;plains;6
451;95;242;176;land;false;plains;6
452;206;222;125;land;false;plains;6
453;221;213;234;land;false;plains;5
454;163;221;235;land;false;plains;1
455;208;112;224;land;false;forest;2
456;180;119;219;land;false;plains;6
457;235;182;145;land;false;plains;6
458;247;110;145;land;true;plains;3
459;221;108;249;land;false;plains;1
460;176;223;239;land;false;plains;4
461;96;201;228;land;false;plains;6
462;190;197;198;land;false;hills;4
463;240;125;139;land;false;plains;6
464;142;162;253;land;false;plains;6
465;73;210;224;land;false;forest;1
466;204;163;236;land;false;plains;6
467;69;225;246;land;false;plains;1
468;215;221;140;land;false;plains;6
469;251;34;221;land;false;plains;6
470;251;235;60;land;false;forest;1
471;167;248;190;land;false;plains;6
472;209;193;220;land;false;plains;6
473;213;186;180;land;false;plains;2
474;118;182;250;land;false;plains;6
475;215;246;102;land;true;plains;2
476;247;163;137;land;false;plains;6
477;209;193;219;land;false;plains;4
478;191;221;224;land;false;forest;6
479;96;253;213;land;false;plains;6
480;126;241;250;land;false;plains;5
481;206;104;203;land;false;forest;4
482;241;245;112;land;false;forest;5
483;103;181;220;land;false;plains;6
484;202;56;246;land;false;forest;4
485;252;134;161;land;false;plains;6
486;221;80;236;land;false;plains;6
487;24;247;251;land;false;hills;6
488;212;194;154;land;false;plains;1
489;241;160;132;land;false;plains;6
490;204;170;250;land;true;plains;1
491;108;250;237;land;true;low_urban;3
492;254;72;188;land;false;plains;6
493;159;180;175;land;false;plains;6
494;194;199;117;land;false;plains;6
495;251;206;78;land;false;forest;1
496;248;147;126;land;false;plains;6
497;245;169;241;land;false;plains;1
498;211;250;74;land;false;plains;6
499;200;119;194;land;false;forest;1
500;187;169;203;land;false;mountain;4
501;133;140;250;land;false;plains;6
502;229;235;222;land;false;plains;6
503;175;217;175;land;false;plains;6
504;208;202;166;land;false;plains;6
505;183;245;242;land;false;plains;6
506;238;252;194;land;false;plains;5
507;90;254;195;land;false;forest;4
508;204;230;215;land;false;plains;4
509;160;185;213;land;false;urban;1
510;160;202;219;land;false;plains;2
511;221;251;238;land;false;plains;6
512;233;86;231;land;false;plains;6
513;158;221;142;land;false;plains;6
514;234;198;122;land;false;plains;6
515;64;201;251;land;false;plains;6
516;138;239;146;land;true;forest;5
517;212;239;211;land;true;low_urban;5
518;28;254;239;land;true;plains;6
519;236;171;139;land;false;plains;1
520;33;238;231;land;false;plains;1
521;129;241;135;land;false;forest;3
522;164;146;234;land;false;plains;5
523;250;247;200;land;false;forest;2
524;246;210;220;land;false;plains;4
525;50;249;216;land;false;forest;2
526;161;157;223;land;false;low_urban;3
527;178;229;152;land;false;plains;6
528;86;206;254;land;true;low_urban;3
529;210;233;87;land;false;plains;1
530;97;237;182;land;false;forest;2
531;79;248;180;land;false;forest;2
532;160;170;241;land;false;mountain;6
533;204;153;248;land;true;plains;6
534;137;218;201;land;false;plains;4
535;189;137;251;land;false;plains;6
536;140;251;146;land;false;low_urban;5
537;115;202;237;land;false;plains;6
538;238;250;127;land;false;plains;6
539;106;236;228;land;false;plains;6
540;172;176;223;land;false;plains;6
541;211;94;215;land;false;plains;6
542;219;62;237;land;false;forest;5
543;111;235;218;land;false;plains;1
544;177;234;120;land;true;forest;1
545;195;207;196;land;false;hills;6
546;219;235;152;land;false;plains;4
547;218;178;252;land;false;forest;6
548;211;105;204;land;false;forest;6
549;190;221;124;land;false;forest;4
550;251;228;131;land;false;plains;6
551;150;209;144;land;false;plains;6
552;82;247;186;land;true;plains;6
553;235;217;206;land;false;low_urban;5
554;253;169;154;land;true;low_urban;6
555;157;232;220;land;false;forest;5
556;162;225;187;land;false;plains;1
557;153;228;207;land;true;forest;2
558;195;239;143;land;false;plains;6
559;252;250;216;land;false;plains;6
560;192;232;171;land;false;plains;6
561;233;77;247;land;false;plains;4
562;178;216;216;land;true;plains;3
563;221;105;204;land;false;mountain;6
564;246;90;223;land;false;plains;6
565;149;246;174;land;false;urban;5
566;239;59;224;land;false;hills;6
567;244;216;219;land;false;plains;1
568;217;67;220;land;false;plains;6
569;158;171;211;land;false;plains;1
570;206;104;234;land;false;plains;6
571;154;125;235;land;false;plains;1
572;203;212;176;land;false;plains;6
573;183;184;236;land;false;plains;6
574;246;73;240;land;false;plains;2
575;174;171;253;land;false;plains;6
576;235;230;221;land;false;plains;5
577;252;187;158;land;false;plains;6
578;163;219;122;land;false;plains;6
579;123;148;243;land;false;mountain;4
580;115;254;190;land;false;forest;2
581;251;210;189;land;false;plains;1
582;136;248;225;land;false;hills;6
583;252;152;223;land;false;plains;1
584;100;203;205;land;true;plains;4
585;232;203;130;land;false;plains;6
586;250;222;209;land;false;plains;4
587;63;233;238;land;false;forest;1
588;206;61;238;land;false;plains;6
589;240;156;174;land;false;plains;4
590;167;174;184;land;false;forest;4
591;194;190;210;land;false;plains;1
592;159;221;203;land;false;plains;1
593;104;165;234;land;false;plains;2
594;218;246;251;land;false;plains;6
595;131;239;240;land;false;plains;6
596;220;233;245;land;false;plains;6
597;230;235;210;land;false;plains;4
598;125;184;196;land;false;plains;6
599;165;132;244;land;false;forest;4
600;230;215;98;land;false;plains;6
601;194;228;232;land;true;low_urban;1
602;226;249;34;land;false;plains;6
603;163;168;204;land;false;plains;6
604;207;237;85;land;false;plains;6
605;56;219;243;land;false;plains;6
606;92;241;208;land;true;low_urban;6
607;169;206;136;land;false;plains;1
608;226;231;130;land;false;plains;4
609;232;249;22;land;true;low_urban;5
610;229;197;178;land;false;forest;2
611;184;199;225;land;false;low_urban;1
612;145;128;243;land;false;forest;5
613;241;235;242;land;false;forest;2
614;248;130;204;land;false;hills;5
615;176;147;202;land;false;plains;6
616;62;213;254;land;false;forest;4
617;235;69;252;land;false;plains;4
618;254;171;190;land;false;plains;6
619;226;158;225;land;false;forest;1
620;231;47;249;land;false;plains;1
621;162;213;233;land;false;plains;4
622;88;252;226;land;false;plains;2
623;222;145;155;land;false;plains;6
624;243;215;100;land;false;low_urban;5
625;210;237;125;land;false;plains;6
626;148;254;105;land;false;plains;6
627;246;233;201;land;false;plains;1
628;216;228;191;land;false;plains;5
629;228;160;127;land;false;plains;6
630;104;214;239;land;false;plains;4
631;135;238;185;land;false;plains;4
632;149;204;153;land;false;plains;6
633;250;42;214;land;false;mountain;6
634;194;219;185;land;false;plains;6
635;207;217;212;land;false;plains;1
636;214;207;151;land;false;plains;5
637;204;146;151;land;false;forest;5
638;221;154;135;land;false;low_urban;3
639;223;87;251;land;false;plains;6
640;230;250;247;land;false;marsh;4
641;143;163;228;land;false;plains;1
642;249;142;230;land;false;forest;4
643;198;179;204;land;false;urban;5
644;198;186;138;land;false;low_urban;4
645;232;213;139;land;false;plains;6
646;221;199;227;land;false;plains;6
647;154;186;234;land;true;plains;6
648;157;249;133;land;false;plains;4
649;131;246;141;land;false;plains;6
650;235;176;136;land;false;forest;1
651;99;231;182;land;false;plains;5
652;218;234;226;land;false;forest;6
653;207;191;209;land;false;plains;6
654;229;176;132;land;false;plains;2
655;96;239;181;land;false;plains;3
656;210;114;235;land;false;plains;6
657;212;222;109;land;false;plains;1
658;102;229;236;land;false;plains;2
659;229;94;249;land;false;plains;6
660;208;147;193;land;false;plains;6
661;233;208;206;land;false;low_urban;4
662;108;243;217;land;false;hills;4
663;139;214;220;land;true;plains;5
664;253;196;216;land;false;plains;5
665;249;231;113;land;false;plains;3
666;173;211;216;land;false;plains;6
667;201;72;238;land;false;plains;4
668;224;74;244;land;false;forest;6
669;236;100;176;land;false;urban;4
670;114;252;251;land;true;plains;2
671;98;220;248;land;false;plains;6
672;181;135;197;land;true;urban;4
673;250;125;221;land;false;plains;6
674;233;171;199;land;false;plains;1
675;246;174;248;land;true;industrial;4
676;98;191;235;land;false;plains;6
677;227;150;212;land;false;plains;6
678;157;198;231;land;false;plains;4
679;123;233;168;land;false;plains;6
680;105;242;251;land;false;plains;6
681;113;241;167;land;false;plains;6
682;228;220;197;land;false;forest;2
683;128;247;164;land;false;plains;6
684;182;212;169;land;false;forest;6
685;254;165;175;land;false;plains;1
686;138;243;177;land;true;plains;1
687;99;190;233;land;false;plains;5
688;159;249;131;land;false;plains;6
689;112;212;188;land;false;plains;3
690;211;243;141;land;false;forest;4
691;222;179;202;land;false;plains;6
692;250;98;207;land;false;plains;6
693;51;252;232;land;false;forest;2
694;244;237;252;land;false;plains;6
695;168;118;228;land;false;plains;6
696;123;198;214;land;false;plains;1
697;119;163;254;land;false;plains;6
698;254;95;156;land;false;forest;5
699;194;152;160;land;false;plains;6
700;196;192;220;land;true;marsh;5
701;174;175;205;land;false;plains;6
702;247;141;205;land;false;plains;6
703;222;197;183;sea;false;ocean;0
704;185;248;115;land;false;plains;6
705;197;243;178;land;false;plains;2
706;131;233;201;land;false;plains;6
707;179;146;227;land;false;plains;6
708;221;87;237;land;false;plains;6
709;209;161;242;land;false;plains;6
710;252;251;154;land;true;plains;2
711;247;166;206;land;false;plains;6
712;176;121;250;land;true;plains;5
713;186;238;185;land;false;plains;6
714;168;248;152;land;true;forest;5
715;196;218;207;land;false;plains;6
716;173;224;205;land;true;plains;5
717;150;251;152;land;false;plains;6
718;130;228;176;land;false;plains;6
719;175;243;119;land;false;plains;6
720;253;212;50;land;false;plains;1
721;249;34;236;land;false;plains;3
722;246;222;87;land;false;plains;6
723;227;59;237;land;false;plains;5
724;168;246;170;land;false;plains;6
725;157;225;140;land;false;plains;6
726;54;245;231;land;false;forest;2
727;157;145;233;land;false;plains;6
728;183;223;95;land;false;plains;6
729;248;174;136;land;false;hills;6
730;153;251;153;land;false;forest;5
731;117;251;192;land;true;plains;1
732;217;208;143;land;false;plains;5
733;174;162;254;land;false;plains;6
734;203;113;202;land;false;plains;6
735;98;241;228;land;false;forest;6
736;241;27;235;land;false;plains;1
737;250;186;173;land;false;marsh;5
738;58;224;232;land;false;low_urban;3
739;190;208;164;land;false;forest;5
740;208;84;231;land;false;marsh;5
741;162;136;213;land;false;plains;6
742;245;186;223;land;false;plains;6
743;202;251;90;land;false;plains;6
744;130;217;232;land;false;plains;6
745;188;171;189;land;false;plains;6
746;221;126;176;land;false;plains;6
747;89;175;239;land;false;forest;6
748;214;175;145;land;false;plains;6
749;198;160;248;land;false;plains;6
750;168;189;154;land;false;plains;2
751;189;98;222;land;false;plains;4
752;220;133;242;land;false;plains;6
753;195;145;249;land;false;plains;6
754;237;192;169;land;false;plains;6
755;166;162;215;land;false;plains;6
756;212;195;166;land;false;plains;6
757;253;46;216;land;false;plains;3
758;215;234;239;land;false;plains;6
759;137;228;166;land;true;plains;5
760;124;248;205;land;false;plains;4
761;95;234;189;land;false;plains;6
762;221;108;174;land;false;plains;6
763;184;194;248;land;false;forest;4
764;126;231;158;land;false;plains;5
765;231;142;141;land;false;plains;3
766;153;240;143;land;false;plains;6
767;240;188;234;land;false;forest;5
768;186;145;218;land;false;plains;6
769;187;231;113;land;false;plains;4
770;206;240;56;land;false;plains;4
771;241;169;150;land;false;forest;2
772;194;166;202;land;false;forest;6
773;233;170;107;land;false;plains;1
774;186;228;199;land;false;plains;6
775;226;97;180;land;false;plains;6
776;169;214;198;land;false;plains;6
777;188;225;147;land;false;plains;6
778;102;238;206;land;false;plains;6
779;142;195;199;land;true;plains;3
780;187;243;75;land;true;plains;2
781;200;239;111;land;false;plains;6
782;233;122;234;land;false;plains;2
783;212;250;172;land;false;plains;2
784;208;72;248;land;false;plains;5
785;207;224;206;land;false;low_urban;3
786;149;141;211;land;false;plains;6
787;240;195;109;land;false;plains;6
788;154;206;236;land;false;plains;4
789;204;250;198;land;false;plains;6
790;215;98;202;land;false;forest;6
791;138;212;235;land;false;forest;1
792;249;195;234;land;false;plains;5
793;88;184;230;land;false;forest;3
794;159;249;156;land;false;plains;4
795;204;86;223;land;false;plains;4
796;158;97;247;land;false;plains;5
797;187;252;119;land;false;forest;1
798;219;92;232;land;false;plains;6
799;237;107;171;land;true;hills;6
800;205;250;197;land;false;plains;5
801;233;109;251;land;false;plains;6
802;212;214;108;land;false;plains;6
803;246;247;64;land;false;plains;1
804;249;170;109;land;false;plains;6
805;237;228;130;land;false;plains;6
806;139;180;248;land;false;plains;6
807;145;233;142;land;false;plains;2
808;95;242;212;land;false;plains;6
809;177;146;221;land;false;low_urban;3
810;234;220;216;land;true;plains;2
811;241;73;247;land;true;plains;6
812;250;205;163;land;false;plains;4
813;135;244;131;land;false;plains;6
814;117;179;248;land;false;hills;6
815;156;135;218;land;false;plains;6
816;149;223;137;land;false;plains;5
817;241;223;162;land;false;hills;4
818;222;185;239;land;false;plains;5
819;190;159;230;land;false;plains;2
820;181;203;143;land;false;hills;6
821;108;244;239;land;true;hills;6
822;160;223;230;land;false;plains;6
823;81;207;217;land;false;plains;6
824;180;144;183;land;false;plains;1
825;196;137;184;land;false;forest;5
826;45;222;238;land;true;plains;3
827;123;163;244;land;false;plains;4
828;186;182;142;land;false;plains;6
829;142;236;208;land;false;low_urban;3
830;237;101;219;land;false;plains;6
831;213;138;227;land;false;low_urban;4
832;190;225;142;land;false;plains;2
833;68;254;237;land;false;plains;6
834;192;254;250;land;false;plains;6
835;148;181;226;land;false;plains;1
836;81;238;231;land;false;plains;6
837;150;245;195;land;false;plains;6
838;171;238;195;land;false;plains;2
839;175;250;186;land;true;plains;1
840;124;248;180;land;false;forest;3
841;208;164;228;land;false;forest;4
842;248;253;226;land;false;plains;6
843;204;213;179;land;false;plains;6
844;139;236;141;land;false;plains;4
845;250;101;213;land;false;plains;6
846;217;184;248;land;true;plains;6
847;214;77;212;land;false;plains;6
848;230;245;152;land;false;plains;2
849;208;162;154;land;true;forest;3
850;141;250;119;land;false;plains;6
851;142;219;159;land;false;plains;4
852;223;243;151;land;false;forest;3
853;188;152;209;land;false;forest;2
854;237;198;197;land;false;mountain;6
855;177;183;215;land;false;plains;2
856;167;198;224;land;true;low_urban;4
857;191;220;161;land;false;plains;4
858;254;155;97;land;true;plains;6
859;246;74;252;land;false;plains;6
860;179;202;231;land;false;plains;6
861;221;77;232;land;false;plains;6
862;137;162;244;land;false;plains;6
863;103;239;206;land;false;plains;6
864;248;229;203;land;false;plains;1
865;252;134;194;land;false;plains;6
866;246;157;191;land;false;plains;6
867;178;141;191;land;false;low_urban;3
868;135;225;219;land;false;hills;4
869;67;214;236;land;false;plains;6
870;214;245;71;land;false;plains;5
871;197;144;187;land;false;plains;6
872;110;253;178;land;false;plains;6
873;79;226;242;land;false;forest;6
874;223;232;233;land;false;mountain;4
875;123;168;235;land;false;plains;6
876;178;227;180;land;false;forest;4
877;68;216;241;land;false;plains;6
878;118;250;201;land;false;plains;6
879;145;148;217;land;false;plains;4
880;238;56;234;land;false;marsh;3
881;243;153;222;land;false;plains;6
882;177;171;223;land;false;mountain;6
883;230;102;202;land;false;plains;6
884;206;237;163;land;false;forest;5
885;224;186;176;land;false;forest;4
886;141;174;208;land;false;low_urban;3
887;179;141;221;land;false;plains;4
888;184;248;215;land;false;plains;6
889;190;222;231;land;false;plains;6
890;252;209;100;land;false;low_urban;3
891;95;206;209;land;false;forest;1
892;224;204;239;land;false;plains;6
893;169;213;244;land;false;plains;5
894;240;207;177;land;false;forest;4
895;220;100;232;land;false;plains;1
896;94;219;218;land;false;plains;5
897;160;222;146;land;true;plains;1
898;224;227;56;land;false;plains;3
899;246;117;254;land;false;plains;6
900;83;221;207;land;false;plains;5
901;127;245;222;land;false;industrial;4
902;223;173;248;land;false;plains;3
903;104;222;185;lake;false;lakes;0
904;204;146;182;land;true;forest;2
905;238;208;58;land;false;plains;6
906;227;230;193;land;false;mountain;4
907;132;223;250;land;false;plains;1
908;229;220;71;land;false;plains;4
909;205;71;227;land;false;plains;6
910;152;241;164;land;false;plains;3
911;191;182;160;land;false;forest;1
912;242;240;156;land;false;urban;4
913;250;187;183;land;false;plains;3
914;108;156;254;land;true;plains;6
915;246;132;199;land;false;plains;6
916;177;247;121;land;false;urban;3
917;219;149;133;land;false;low_urban;5
918;30;254;240;land;true;plains;2
919;102;219;223;land;false;plains;1
920;247;162;106;land;false;marsh;5
921;196;215;150;land;false;hills;4
922;201;252;155;land;false;plains;6
923;183;251;191;land;false;forest;1
924;253;212;213;land;false;hills;4
925;206;199;153;land;false;plains;6
926;131;226;254;land;false;plains;6
927;191;198;175;land;false;plains;5
928;208;191;183;land;false;plains;6
929;189;220;226;land;false;mountain;5
930;242;147;158;land;false;plains;6
931;237;184;89;land;false;plains;6
932;225;155;168;land;false;plains;4
933;134;242;149;land;false;low_urban;1
934;177;240;185;land;false;plains;4
935;127;206;185;land;false;mountain;6
936;218;88;249;land;false;plains;1
937;147;188;249;land;false;plains;6
938;205;225;103;land;false;low_urban;5
939;188;104;229;land;false;low_urban;3
940;196;139;190;land;false;plains;6
941;223;243;235;land;false;plains;4
942;144;219;247;land;true;plains;2
943;235;164;217;land;true;plains;6
944;114;203;206;land;false;plains;2
945;210;223;208;land;false;plains;6
946;213;163;164;land;false;plains;5
947;111;201;237;land;false;plains;4
948;189;246;143;land;false;low_urban;4
949;238;208;234;land;true;plains;5
950;213;222;86;land;false;plains;6
951;155;249;212;land;false;plains;1
952;181;227;205;land;false;plains;3
953;207;153;254;land;false;plains;6
954;67;208;243;land;false;forest;4
955;214;202;191;land;false;forest;4
956;159;128;237;land;false;plains;6
957;205;159;206;land;true;plains;1
958;227;164;170;land;false;plains;4
959;163;98;248;land;false;forest;6
960;48;243;239;land;false;plains;6
961;53;248;244;land;false;plains;3
962;150;247;153;land;false;low_urban;4
963;115;201;188;land;false;plains;1
964;188;216;214;land;false;plains;4
965;217;57;231;land;false;plains;4
966;55;250;223;land;false;plains;5
967;187;215;179;land;false;plains;1
968;199;242;152;land;true;plains;5
969;125;191;186;land;false;urban;6
970;181;179;168;land;false;forest;2
971;250;153;100;land;false;forest;6
972;148;244;217;land;true;plains;5
973;135;236;241;land;false;plains;6
974;186;83;251;land;false;plains;6
975;252;231;83;land;false;plains;6
976;154;186;187;land;false;plains;6
977;250;207;171;land;false;plains;6
978;205;234;79;land;false;plains;6
979;242;44;224;land;false;plains;6
980;241;236;177;land;false;forest;3
981;157;129;237;land;false;plains;4
982;169;187;185;land;false;forest;4
983;224;193;207;land;true;low_urban;6
984;192;161;150;land;false;forest;5
985;198;225;200;land;false;plains;6
986;110;239;253;land;true;industrial;3
987;215;145;205;land;false;forest;4
988;102;226;189;land;false;hills;4
989;204;233;117;land;false;forest;6
990;202;174;179;land;false;plains;6
991;80;252;202;land;false;forest;3
992;236;238;96;land;false;plains;4
993;219;250;127;land;false;plains;3
994;89;168;250;land;false;low_urban;4
995;222;92;206;land;false;plains;3
996;177;200;229;land;false;plains;4
997;156;165;234;land;false;plains;5
998;253;127;244;land;true;urban;3
999;166;251;145;land;false;forest;2
1000;224;166;234;land;false;plains;6
1001;102;193;243;land;false;plains;4
1002;238;232;35;land;false;forest;2
1003;201;76;228;land;false;plains;3
1004;109;215;254;land;false;urban;1
1005;245;219;222;land;false;plains;6
1006;211;91;254;land;false;plains;1
1007;253;134;237;land;false;forest;1
1008;67;235;212;land;true;plains;2
1009;199;248;179;land;false;hills;3
1010;197;214;135;land;false;plains;6
1011;196;182;140;land;false;plains;6
1012;149;180;204;land;false;forest;2
1013;234;74;236;land;false;plains;4
1014;220;245;191;land;false;plains;6
1015;188;249;125;land;false;plains;6
1016;180;240;120;land;false;plains;1
1017;198;246;177;land;false;low_urban;5
1018;225;166;137;land;false;plains;6
1019;111;238;159;land;false;plains;6
1020;185;229;224;land;false;plains;6
1021;239;216;214;land;false;plains;6
1022;146;178;192;land;false;plains;6
1023;136;168;213;land;false;plains;4
1024;111;172;251;land;false;plains;3
1025;205;191;241;land;false;forest;2
1026;224;221;122;land;false;industrial;4
1027;196;127;203;land;false;plains;3
1028;189;203;252;land;false;plains;3
1029;206;159;241;land;false;forest;2
1030;236;200;160;land;false;plains;6
1031;212;111;237;land;false;forest;1
1032;215;201;204;land;false;plains;6
1033;216;221;171;land;false;plains;4
1034;183;189;198;land;true;plains;6
1035;228;228;101;land;false;plains;6
1036;173;219;208;land;false;plains;6
1037;203;115;211;land;false;plains;6
1038;222;135;226;land;false;plains;4
1039;221;183;169;land;false;plains;4
1040;189;102;233;land;false;plains;1
1041;147;157;232;land;false;urban;4
1042;171;108;229;land;false;plains;6
1043;217;167;165;land;false;forest;4
1044;237;201;77;land;false;plains;6
1045;110;229;224;land;false;plains;6
1046;170;248;235;land;false;hills;6
1047;230;176;120;land;false;plains;6
1048;253;110;180;land;false;forest;1
1049;248;182;243;land;false;plains;6
1050;254;159;152;land;false;plains;6
1051;245;46;232;land;false;plains;5
1052;253;188;205;land;true;forest;4
1053;228;138;141;land;false;plains;2
1054;36;238;249;land;false;plains;6
1055;206;84;234;land;false;forest;2
1056;186;114;212;land;false;forest;3
1057;241;155;198;land;false;plains;6
1058;133;158;243;land;true;plains;5
1059;207;117;211;land;false;plains;6
1060;199;158;187;land;false;plains;3
1061;178;244;182;land;false;plains;6
1062;150;210;227;land;false;forest;3
1063;129;245;193;land;false;urban;5
1064;212;220;84;land;false;plains;6
1065;113;190;250;land;false;forest;1
1066;61;236;234;land;false;plains;2
1067;227;129;231;land;false;plains;6
1068;225;241;215;land;true;low_urban;5
1069;142;129;250;land;false;plains;6
1070;138;229;179;land;false;mountain;6
1071;228;243;84;land;false;plains;6
1072;199;247;197;land;false;forest;5
1073;213;212;85;land;false;plains;6
1074;237;228;53;land;false;plains;6
1075;239;75;244;land;false;plains;2
1076;253;185;160;land;false;forest;1
1077;215;106;242;land;false;forest;6
1078;252;222;57;land;false;plains;6
1079;111;253;228;land;false;forest;3
1080;204;105;199;land;true;plains;1
1081;212;71;241;land;false;plains;4
1082;245;88;191;land;false;mountain;6
1083;233;175;237;land;false;plains;3
1084;228;203;146;land;false;plains;4
1085;203;158;141;land;false;low_urban;2
1086;195;184;126;land;false;plains;5
1087;69;214;247;land;false;plains;6
1088;185;186;214;land;false;plains;4
1089;196;233;135;land;true;mountain;6
1090;225;159;222;land;false;plains;6
1091;43;219;252;land;false;hills;4
1092;214;76;213;land;false;forest;4
1093;205;233;78;land;false;plains;5
1094;188;133;237;land;false;marsh;5
1095;252;144;247;land;false;plains;1
1096;253;43;249;land;false;plains;6
1097;186;224;129;land;false;plains;5
1098;140;231;179;land;false;plains;2
1099;153;244;124;land;false;plains;2
1100;178;108;233;land;false;plains;3
1101;246;196;148;land;false;plains;6
1102;196;161;188;land;false;plains;6
1103;206;199;252;land;false;plains;5
1104;156;168;239;land;false;plains;6
1105;217;242;230;land;false;plains;6
1106;196;207;117;land;false;forest;1
1107;170;116;220;land;false;plains;6
1108;191;73;251;land;false;plains;6
1109;229;236;158;land;false;low_urban;4
1110;123;158;229;land;false;plains;6
1111;240;232;87;land;true;plains;1
1112;245;247;193;land;false;forest;4
1113;142;132;228;land;false;urban;4
1114;187;213;225;land;false;low_urban;4
1115;107;211;204;land;false;plains;6
1116;199;212;194;land;false;plains;3
1117;249;239;111;land;false;plains;6
1118;150;214;239;land;false;plains;6
1119;90;222;232;land;true;forest;2
1120;237;197;90;land;false;mountain;6
1121;254;124;179;land;true;forest;6
1122;127;240;183;land;false;plains;1
1123;249;101;155;land;false;plains;6
1124;233;176;110;land;false;plains;6
1125;148;193;217;land;false;plains;6
1126;247;189;91;land;false;hills;4
1127;129;171;235;land;false;plains;4
1128;207;104;229;land;false;plains;6
1129;173;231;143;land;false;plains;1
1130;228;252;67;land;false;plains;6
1131;228;206;117;land;false;plains;6
1132;193;145;181;land;false;plains;4
1133;205;208;164;land;false;forest;2
1134;104;238;172;land;false;plains;4
1135;220;84;240;land;false;plains;5
1136;193;69;242;land;true;plains;6
1137;196;207;235;land;false;low_urban;4
1138;247;213;204;land;true;forest;3
1139;213;253;218;land;false;plains;6
1140;96;152;253;land;false;plains;1
1141;241;212;218;land;false;plains;6
1142;153;232;247;land;false;forest;6
1143;224;253;27;land;false;urban;5
1144;154;230;139;land;false;plains;6
1145;233;154;164;land;false;plains;6
1146;222;137;154;land;false;plains;5
1147;135;178;190;land;false;plains;6
1148;240;244;219;land;false;hills;4
1149;196;199;134;land;false;plains;6
1150;119;200;236;land;false;plains;6
1151;208;240;53;land;false;forest;6
1152;245;172;136;land;false;plains;5
1153;168;205;208;land;false;plains;6
1154;245;170;89;land;false;plains;6
1155;218;213;183;land;false;plains;6
1156;230;189;182;land;false;plains;4
1157;243;199;82;land;false;plains;5
1158;224;153;228;land;false;forest;4
1159;219;188;120;land;false;plains;6
1160;227;239;207;land;false;plains;1
1161;227;250;228;land;false;mountain;6
1162;174;161;229;land;false;plains;5
1163;146;233;130;land;false;plains;4
1164;116;243;145;land;false;plains;5
1165;245;228;129;land;false;plains;3
1166;236;148;226;land;false;forest;6
1167;193;152;190;land;false;low_urban;3
1168;190;227;151;land;false;plains;6
1169;103;239;208;land;false;plains;4
1170;132;230;206;land;false;plains;5
1171;198;198;188;land;true;forest;1
1172;198;204;235;land;false;plains;1
1173;141;231;172;land;false;plains;5
1174;165;199;180;land;false;plains;4
1175;124;245;140;land;false;plains;4
1176;155;253;175;land;false;plains;6
1177;233;254;14;land;false;plains;1
1178;252;231;62;land;false;plains;6
1179;81;254;236;land;false;plains;6
1180;250;253;223;land;false;plains;6
1181;92;190;236;land;false;plains;5
1182;247;201;131;land;true;urban;2
1183;224;193;183;land;false;plains;6
1184;104;253;189;land;false;plains;1
1185;246;127;208;land;false;low_urban;5
1186;226;161;160;land;false;plains;4
1187;69;243;189;land;false;mountain;6
1188;241;222;63;land;false;forest;2
1189;134;239;237;land;false;plains;6
1190;198;78;246;land;true;plains;2
1191;99;242;203;land;true;forest;5
1192;95;152;254;land;false;plains;2
1193;187;97;253;land;false;plains;6
1194;240;216;128;land;false;hills;4
1195;112;196;238;land;false;plains;6
1196;206;193;158;land;false;low_urban;4
1197;200;194;240;land;false;plains;6
1198;135;201;166;land;false;jungle;4
1199;204;153;244;land;false;low_urban;5
1200;186;184;238;land;false;hills;4
1201;186;170;165;land;false;plains;6
1202;242;184;119;land;false;plains;1
1203;197;167;250;land;false;plains;6
1204;162;213;191;land;false;plains;1
1205;222;164;250;land;false;plains;5
1206;175;197;235;land;false;plains;1
1207;245;239;192;land;false;forest;6
1208;246;121;185;land;false;plains;6
1209;193;150;223;land;false;plains;4
1210;245;240;171;land;false;plains;6
1211;215;244;149;land;false;plains;6
1212;239;145;243;land;false;forest;1
1213;164;237;135;land;false;mountain;6
1214;236;197;202;land;false;forest;4
1215;231;254;208;land;false;plains;6
1216;190;204;226;land;false;mountain;6
1217;233;175;198;land;false;hills;4
1218;210;190;196;land;false;plains;4
1219;251;169;198;land;false;plains;6
1220;247;211;217;land;false;plains;1
1221;144;252;160;land;false;plains;2
1222;182;239;215;land;true;plains;5
1223;149;111;248;land;true;plains;5
1224;242;154;132;land;false;hills;6
1225;226;187;98;land;false;plains;6
1226;245;223;62;land;false;forest;1
1227;199;223;83;land;false;hills;4
1228;44;218;241;land;true;low_urban;4
1229;147;227;234;land;false;mountain;6
1230;249;199;228;land;false;plains;6
1231;135;222;242;land;false;plains;1
1232;57;210;250;land;false;plains;1
1233;250;237;197;land;false;forest;2
1234;233;213;238;land;false;forest;4
1235;236;218;207;land;true;forest;2
1236;213;139;174;land;false;plains;4
1237;109;226;241;land;false;hills;4
1238;135;192;181;land;false;plains;4
1239;225;240;254;land;false;plains;6
1240;173;226;111;land;true;plains;5
1241;241;145;148;land;false;plains;6
1242;83;254;222;land;false;forest;4
1243;253;79;177;land;false;urban;3
1244;218;179;193;land;false;plains;4
1245;168;194;157;land;false;plains;6
1246;234;134;167;land;false;forest;2
1247;220;227;60;land;false;plains;4
1248;253;232;78;land;false;plains;6
1249;228;72;226;land;false;forest;2
1250;221;202;89;land;false;plains;5
1251;233;197;144;land;false;plains;6
1252;162;188;156;land;false;urban;4
1253;226;233;147;land;false;plains;6
1254;201;126;199;land;false;hills;4
1255;104;179;218;land;false;forest;4
1256;249;134;171;land;false;low_urban;4
1257;217;113;197;land;false;plains;6
1258;185;243;80;land;false;forest;4
1259;196;248;81;land;false;plains;6
1260;226;148;162;land;false;plains;1
1261;247;105;230;land;false;plains;6
1262;120;237;146;land;false;low_urban;3
1263;167;114;234;land;false;hills;6
1264;170;253;173;land;false;plains;4
1265;186;218;122;land;true;plains;3
1266;159;149;214;land;false;plains;6
1267;221;137;156;land;false;plains;1
1268;241;140;159;land;false;urban;3
1269;214;85;218;land;false;plains;4
1270;147;181;252;land;false;plains;6
1271;206;241;209;land;false;plains;6
1272;168;195;222;land;false;hills;6
1273;187;223;192;land;false;forest;4
1274;241;188;112;land;false;low_urban;5
1275;201;251;158;land;false;plains;2
1276;203;254;150;land;false;hills;6
1277;142;159;236;land;true;low_urban;3
1278;221;170;144;land;false;plains;5
1279;182;242;206;land;false;forest;1
1280;241;72;193;land;false;plains;6
1281;225;249;172;land;false;forest;2
1282;161;164;203;land;false;plains;1
1283;118;196;201;land;false;plains;6
1284;191;69;251;land;false;plains;5
1285;180;208;169;land;false;plains;6
1286;208;157;153;land;false;plains;2
1287;93;184;252;land;false;forest;4
1288;230;86;232;land;false;plains;3
1289;157;166;187;land;false;hills;6
1290;244;138;184;land;false;plains;3
1291;119;165;219;land;false;plains;6
1292;158;247;199;land;true;urban;3
1293;248;213;250;land;false;plains;3
1294;155;159;224;land;false;forest;5
1295;237;130;196;land;false;plains;1
1296;245;116;192;land;false;plains;6
1297;240;93;217;land;false;forest;4
1298;208;233;253;land;false;forest;6
1299;172;230;208;land;false;plains;6
1300;167;228;145;land;false;plains;6
1301;235;225;67;land;true;plains;5
1302;183;234;251;land;false;forest;1
1303;250;245;192;land;false;forest;3
1304;202;194;138;land;false;plains;5
1305;201;132;242;land;false;plains;4
1306;180;131;193;land;true;plains;6
1307;163;231;170;land;false;plains;6
1308;118;237;147;land;false;plains;5
1309;185;143;182;land;false;plains;4
1310;100;234;200;land;false;plains;6
1311;190;180;232;land;false;plains;6
1312;233;220;132;land;false;plains;3
1313;232;237;48;land;false;plains;5
1314;171;180;245;land;false;plains;5
1315;121;180;218;land;false;plains;6
1316;138;189;208;land;false;plains;6
1317;201;250;87;land;false;plains;1
1318;216;94;247;land;false;plains;1
1319;192;231;95;land;true;plains;2
1320;153;203;189;land;false;hills;4
1321;174;229;103;land;true;forest;5
1322;237;180;195;land;false;plains;6
1323;242;247;177;land;false;plains;4
1324;238;192;89;land;false;mountain;3
1325;226;151;146;land;false;plains;4
1326;225;226;166;land;false;plains;6
1327;211;209;183;land;false;mountain;6
1328;243;243;202;land;false;forest;2
1329;76;225;215;land;false;plains;6
1330;226;139;183;land;false;plains;6
1331;214;152;160;land;false;low_urban;4
1332;134;239;204;land;false;plains;6
1333;224;208;172;land;false;forest;2
1334;45;6;114;land;true;plains;6
1335;251;181;224;land;false;forest;6
1336;237;45;240;land;false;plains;4
1337;234;233;161;land;false;plains;6
1338;196;179;195;land;false;plains;5
1339;209;140;189;land;false;plains;6
1340;240;198;121;land;false;plains;6
1341;205;246;89;land;false;forest;5
1342;169;141;193;land;false;plains;2
1343;172;102;246;land;false;forest;3
1344;166;243;212;land;false;plains;6
1345;170;169;232;land;false;forest;2
1346;208;190;225;land;false;plains;6
1347;121;159;224;land;false;plains;6
1348;200;125;218;land;false;plains;1
1349;148;232;193;land;false;plains;4
1350;196;108;253;land;false;low_urban;5
1351;250;185;225;land;false;forest;2
1352;241;250;52;land;false;hills;4
1353;196;235;162;land;false;plains;6
1354;199;230;88;land;false;plains;6
1355;182;216;195;land;false;plains;1
1356;9;242;163;land;false;plains;3
1357;160;121;252;land;false;urban;4
1358;232;248;199;land;false;plains;5
1359;249;94;228;land;false;plains;6
1360;215;243;85;land;false;plains;6
1361;134;253;191;land;false;forest;4
1362;60;244;214;land;false;low_urban;3
1363;232;252;52;land;false;forest;1
1364;124;227;191;land;false;forest;5
1365;163;171;251;land;false;plains;6
1366;230;184;152;land;false;forest;4
1367;156;200;168;land;false;plains;6
1368;185;184;132;land;false;mountain;4
1369;187;84;240;land;false;plains;6
1370;252;204;98;land;false;plains;4
1371;233;196;203;land;false;plains;6
1372;164;161;249;land;true;urban;1
1373;175;191;218;land;false;plains;4
1374;236;31;246;land;false;plains;6
1375;232;207;150;land;false;forest;4
1376;159;188;215;land;false;plains;6
1377;183;191;195;land;false;forest;3
1378;156;183;210;land;false;forest;4
1379;163;218;122;land;false;plains;2
1380;193;228;171;land;false;plains;6
1381;115;214;227;land;false;plains;6
1382;209;224;159;land;false;plains;4
1383;232;246;223;land;false;plains;6
1384;254;172;199;land;false;plains;5
1385;240;157;166;land;false;low_urban;3
1386;158;247;184;land;false;forest;1
1387;225;167;254;land;false;plains;6
1388;247;215;172;land;false;forest;5
1389;157;220;243;land;false;plains;2
1390;188;197;142;land;true;plains;6
1391;206;151;157;land;false;plains;6
1392;124;253;141;land;false;plains;6
1393;244;68;251;land;false;plains;4
1394;228;206;163;land;true;forest;4
1395;172;158;233;land;false;plains;6
1396;200;194;140;land;false;low_urban;4
1397;198;179;225;land;false;forest;5
1398;231;194;91;land;false;plains;3
1399;141;205;162;land;false;plains;3
1400;100;254;216;land;false;plains;6
1401;149;171;195;land;false;plains;2
1402;155;163;195;land;false;forest;3
1403;249;236;224;land;false;plains;6
1404;248;163;183;land;false;plains;6
1405;248;187;130;land;false;plains;6
1406;163;166;213;land;false;plains;2
1407;136;164;227;land;false;plains;5
1408;204;145;248;land;false;plains;6
1409;47;251;215;land;false;plains;1
1410;241;230;150;land;false;plains;4
1411;158;184;235;land;false;plains;4
1412;68;226;227;land;false;plains;6
1413;166;200;213;land;false;plains;6
1414;155;115;241;land;false;plains;5
1415;210;139;194;land;false;plains;4
1416;143;127;241;land;false;plains;1
1417;252;238;242;land;false;forest;2
1418;243;194;77;land;false;plains;5
1419;198;193;156;land;false;plains;6
1420;207;96;226;land;false;plains;6
1421;223;114;199;land;false;plains;6
1422;248;154;218;land;false;low_urban;4
1423;237;163;136;land;false;plains;1
1424;92;190;223;land;true;plains;6
1425;148;139;227;land;false;hills;3
1426;187;216;154;land;false;plains;4
1427;115;170;247;land;false;forest;2
1428;220;174;253;land;false;plains;6
1429;106;220;202;land;false;marsh;4
1430;86;195;223;land;false;forest;4
1431;242;230;93;land;false;plains;6
1432;245;228;168;land;false;plains;4
1433;245;195;174;land;false;plains;1
1434;216;236;54;land;false;plains;5
1435;204;118;192;land;false;forest;4
1436;109;173;225;land;false;forest;6
1437;245;245;247;land;false;plains;2
1438;169;229;244;land;false;plains;6
1439;202;121;227;land;false;plains;6
1440;211;153;181;land;false;plains;4
1441;202;117;244;land;false;mountain;6
1442;141;187;225;land;true;plains;3
1443;252;177;86;land;false;plains;1
1444;160;15;185;land;false;plains;1
1445;253;187;179;land;false;plains;2
1446;207;248;238;land;false;plains;6
1447;229;230;168;land;false;plains;3
1448;246;216;94;land;false;forest;3
1449;174;135;208;land;false;low_urban;4
1450;211;238;56;land;false;plains;6
1451;176;245;140;land;true;plains;6
1452;100;206;210;land;false;plains;5
1453;186;206;120;land;false;plains;1
1454;214;114;191;land;false;plains;6
1455;218;240;121;land;false;plains;6
1456;209;155;217;land;false;plains;2
1457;160;151;234;land;false;mountain;4
1458;254;213;253;land;false;plains;6
1459;212;117;233;land;false;plains;4
1460;126;193;251;land;false;forest;3
1461;205;219;203;land;false;forest;3
1462;135;226;140;land;false;mountain;6
1463;153;137;247;land;false;plains;6
1464;173;198;233;land;false;plains;5
1465;144;150;250;land;true;plains;5
1466;204;154;176;land;false;forest;1
1467;186;140;212;land;false;plains;5
1468;253;156;209;land;false;plains;6
1469;249;201;245;land;false;plains;4
1470;254;108;190;land;false;low_urban;5
1471;169;140;242;land;false;plains;6
1472;102;202;243;land;false;mountain;6
1473;144;240;193;land;true;low_urban;1
1474;62;211;253;land;true;plains;6
1475;155;189;178;land;false;plains;6
1476;104;211;248;land;false;plains;1
1477;251;90;250;land;false;forest;5
1478;238;207;131;land;false;plains;6
1479;228;236;217;land;false;hills;4
1480;137;241;228;land;false;plains;6
1481;224;162;179;land;false;plains;6
1482;223;234;147;land;false;plains;4
1483;243;253;69;land;false;plains;4
1484;192;153;179;land;false;plains;4
1485;230;76;248;land;false;low_urban;4
1486;181;125;218;land;false;forest;4
1487;228;231;173;land;false;forest;4
1488;204;132;240;land;false;hills;4
1489;241;205;204;land;false;forest;2
1490;246;180;105;land;false;mountain;6
1491;194;200;252;land;true;urban;4
1492;248;225;205;land;false;plains;4
1493;119;162;236;land;false;plains;6
1494;237;57;249;land;false;hills;6
1495;196;134;208;land;false;hills;4
1496;212;75;246;land;false;forest;4
1497;241;245;204;land;false;plains;4
1498;184;221;137;land;false;plains;4
1499;233;24;246;land;true;plains;2
1500;210;234;135;land;false;plains;2
1501;192;140;225;land;false;plains;3
1502;129;181;204;land;false;forest;3
1503;240;251;125;land;false;plains;6
1504;244;74;199;land;false;plains;6
1505;127;213;223;land;false;forest;4
1506;183;252;181;land;false;urban;2
1507;24;232;245;land;false;plains;6
1508;100;240;200;land;false;low_urban;5
1509;228;106;233;land;false;forest;2
1510;188;230;137;land;false;plains;2
1511;245;101;241;land;false;plains;6
1512;249;221;63;land;false;plains;1
1513;210;118;230;land;false;low_urban;5
1514;66;246;223;land;false;forest;1
1515;171;198;253;land;false;forest;1
1516;157;218;213;land;false;low_urban;3
1517;212;111;196;land;false;plains;4
1518;124;193;201;land;false;mountain;4
1519;205;169;166;land;true;low_urban;4
1520;251;151;106;land;false;plains;6
1521;218;231;101;land;false;forest;4
1522;206;156;221;land;false;plains;1
1523;160;224;250;land;false;low_urban;3
1524;188;200;115;land;false;forest;2
1525;159;195;219;land;false;plains;3
1526;156;197;175;land;false;mountain;4
1527;72;216;237;land;false;hills;4
1528;153;133;228;land;false;plains;1
1529;204;170;210;land;false;plains;1
1530;241;208;80;land;false;plains;1
1531;124;206;247;land;false;forest;5
1532;221;55;254;land;false;plains;4
1533;250;151;246;land;false;hills;6
1534;211;104;203;land;true;low_urban;5
1535;161;223;221;land;false;plains;6
1536;194;236;99;land;false;low_urban;4
1537;126;196;202;land;false;plains;5
1538;216;86;217;land;false;plains;5
1539;165;238;107;land;false;plains;1
1540;158;245;167;land;false;plains;6
1541;235;139;230;land;true;plains;6
1542;221;213;191;land;false;plains;1
1543;190;244;248;land;false;forest;1
1544;241;134;136;land;false;plains;3
1545;216;204;198;land;false;plains;4
1546;175;234;198;land;false;plains;6
1547;157;133;215;land;false;marsh;3
1548;209;207;218;land;false;plains;6
1549;171;233;107;land;false;hills;6
1550;234;215;221;land;false;plains;1
1551;136;234;175;land;false;hills;6
1552;241;230;172;land;false;plains;6
1553;244;82;230;land;false;plains;4
1554;215;166;186;land;false;plains;4
1555;224;236;51;land;false;plains;4
1556;248;102;253;land;false;forest;3
1557;202;196;152;land;false;forest;5
1558;231;70;220;land;false;forest;6
1559;82;209;239;land;false;forest;2
1560;212;179;209;land;false;plains;6
1561;239;157;113;land;false;low_urban;1
1562;222;180;249;land;true;forest;5
1563;204;250;238;land;false;plains;6
1564;170;220;120;land;false;urban;4
1565;223;210;70;land;false;plains;4
1566;190;76;239;land;true;plains;6
1567;136;197;253;land;false;plains;5
1568;152;161;194;land;false;plains;3
1569;198;115;204;land;false;plains;6
1570;244;80;187;land;false;plains;3
1571;132;185;207;land;false;plains;5
1572;163;225;139;land;false;hills;6
1573;112;244;214;land;false;plains;6
1574;221;208;114;land;false;plains;6
1575;217;225;112;land;false;plains;5
1576;207;116;220;land;false;plains;5
1577;108;213;248;land;false;urban;4
1578;221;165;232;land;false;plains;6
1579;195;221;191;land;false;forest;2
1580;101;220;216;land;false;forest;3
1581;203;118;224;land;false;plains;1
1582;238;222;170;land;false;plains;6
1583;118;233;231;land;false;plains;1
1584;200;197;229;land;false;plains;1
1585;229;233;149;land;false;plains;5
1586;143;242;153;land;false;plains;6
1587;240;108;178;land;false;mountain;4
1588;249;253;221;land;false;plains;2
1589;186;91;242;land;false;forest;1
1590;134;235;189;land;false;forest;6
1591;173;222;194;land;false;forest;5
1592;204;205;111;land;false;forest;2
1593;174;214;199;land;false;plains;6
1594;135;242;162;land;false;low_urban;5
1595;126;226;209;land;false;plains;4
1596;204;162;146;land;false;forest;6
1597;211;223;74;land;false;plains;3
1598;180;252;156;land;false;plains;3
1599;224;200;80;land;false;hills;4
1600;162;196;244;land;false;forest;4
1601;137;212;181;land;false;plains;6
1602;252;232;169;land;false;plains;6
1603;157;167;226;land;false;low_urban;4
1604;140;128;253;land;false;plains;6
1605;125;224;226;land;false;forest;5
1606;220;207;94;land;false;forest;1
1607;212;253;189;land;false;forest;1
1608;175;158;235;land;false;hills;4
1609;99;243;184;land;true;plains;3
1610;114;177;212;land;false;low_urban;4
1611;203;85;234;land;true;urban;5
1612;174;193;138;land;true;low_urban;3
1613;223;231;55;land;false;plains;6
1614;165;244;185;land;false;low_urban;5
1615;205;182;170;land;false;plains;1
1616;120;203;235;land;false;plains;4
1617;221;237;191;land;false;plains;4
1618;186;234;206;land;false;plains;6
1619;244;240;185;land;false;forest;2
1620;135;179;206;land;false;hills;4
1621;169;188;242;land;false;plains;5
1622;234;101;204;land;false;forest;4
1623;241;145;252;land;false;forest;4
1624;214;252;138;land;false;plains;6
1625;237;232;214;land;false;plains;6
1626;233;181;178;land;false;forest;4
1627;247;245;252;land;false;plains;6
1628;125;253;234;land;true;plains;6
1629;241;178;103;land;false;mountain;4
1630;240;250;89;land;false;plains;4
1631;223;77;252;land;false;forest;1
1632;244;193;96;land;false;plains;6
1633;108;220;240;land;false;forest;4
1634;149;214;138;land;false;forest;2
1635;113;151;249;land;false;hills;3
1636;207;240;92;land;false;hills;6
1637;246;134;130;land;false;plains;5
1638;221;211;129;land;false;forest;4
1639;234;236;42;land;false;forest;1
1640;225;238;214;land;false;plains;5
1641;219;132;254;land;false;plains;6
1642;251;193;141;land;false;hills;6
1643;237;167;153;land;false;mountain;4
1644;177;175;169;land;false;plains;6
1645;218;248;230;land;false;plains;6
1646;201;166;220;land;false;plains;6
1647;188;194;223;land;false;low_urban;5
1648;221;185;159;land;false;plains;6
1649;178;254;226;land;false;forest;5
1650;207;208;154;land;true;plains;1
1651;211;103;241;land;false;plains;1
1652;221;184;129;land;false;plains;3
1653;244;220;209;land;false;plains;4
1654;123;243;245;land;false;plains;1
1655;177;206;187;land;false;plains;1
1656;228;163;128;land;false;hills;4
1657;251;116;159;land;false;hills;3
1658;251;166;192;land;false;plains;6
1659;216;118;211;land;true;plains;5
1660;145;148;233;land;false;plains;1
1661;238;164;196;land;true;plains;5
1662;76;211;233;land;false;low_urban;3
1663;22;246;233;land;false;forest;1
1664;218;136;225;land;true;plains;6
1665;254;101;247;land;false;low_urban;5
1666;124;233;188;land;false;plains;1
1667;126;219;169;land;false;forest;1
1668;212;75;242;land;false;forest;3
1669;137;192;222;land;false;plains;6
1670;254;245;153;land;false;plains;6
1671;200;184;125;land;false;forest;2
1672;202;174;159;land;false;mountain;6
1673;244;77;236;land;false;plains;5
1674;199;253;89;land;true;forest;4
1675;254;92;207;land;false;mountain;6
1676;243;138;194;land;false;plains;6
1677;210;214;88;land;false;plains;6
1678;219;252;142;land;false;plains;5
1679;254;127;164;land;false;plains;2
1680;200;200;110;land;false;plains;5
1681;116;249;228;land;false;forest;1
1682;244;245;57;land;false;forest;1
1683;164;167;234;land;false;plains;1
1684;17;237;248;land;false;plains;4
1685;218;149;208;land;false;plains;4
1686;130;217;158;land;false;forest;5
1687;252;176;230;land;false;plains;4
1688;241;14;228;land;true;urban;1
1689;32;254;228;land;false;hills;6
1690;180;120;211;land;false;plains;4
1691;246;146;116;land;false;plains;6
1692;239;96;174;land;false;plains;1
1693;196;206;176;land;false;plains;3
1694;224;241;179;land;false;hills;4
1695;240;242;134;land;false;low_urban;4
1696;231;70;242;land;false;low_urban;4
1697;196;235;107;land;false;plains;4
1698;227;154;246;land;false;plains;4
1699;231;62;246;land;false;plains;3
1700;200;237;153;land;false;forest;2
1701;161;153;213;land;false;plains;5
1702;89;208;208;land;false;plains;6
1703;225;198;153;land;false;hills;6
1704;207;235;115;land;false;plains;5
1705;155;215;192;land;false;hills;6
1706;166;211;216;land;false;plains;6
1707;137;236;161;land;false;plains;6
1708;242;144;242;land;false;plains;6
1709;238;241;155;land;false;plains;2
1710;148;240;186;land;false;plains;6
1711;184;239;128;land;false;low_urban;4
1712;204;241;156;land;false;low_urban;3
1713;196;106;250;land;false;plains;4
1714;164;165;205;land;false;mountain;4
1715;250;109;218;land;false;forest;2
1716;235;90;199;land;false;plains;6
1717;214;201;161;land;false;forest;3
1718;246;122;240;land;false;plains;3
1719;235;162;122;land;false;plains;6
1720;113;179;238;land;false;plains;6
1721;191;170;226;land;false;plains;6
1722;170;176;212;land;false;marsh;5
1723;222;196;161;land;false;plains;4
1724;158;198;165;land;true;plains;2
1725;193;167;146;land;false;forest;2
1726;179;231;176;land;false;plains;5
1727;134;245;210;land;false;plains;6
1728;203;175;230;land;false;plains;2
1729;235;213;95;land;false;plains;1
1730;238;248;187;land;false;plains;5
1731;254;173;205;land;false;plains;6
1732;181;93;231;land;false;forest;6
1733;196;79;234;land;false;plains;6
1734;110;212;212;land;false;forest;6
1735;67;224;237;land;false;forest;4
1736;228;224;82;land;false;plains;5
1737;215;110;222;land;false;plains;6
1738;195;253;149;land;false;plains;3
1739;248;132;153;land;false;plains;6
1740;117;175;233;land;false;plains;6
1741;254;165;106;land;false;plains;1
1742;227;132;145;land;false;plains;6
1743;253;99;151;land;true;forest;5
1744;235;253;54;land;false;plains;6
1745;91;179;243;land;false;hills;4
1746;136;230;227;land;false;plains;4
1747;167;227;215;land;false;forest;3
1748;187;202;174;land;false;plains;5
1749;212;140;161;land;false;hills;4
1750;116;193;242;land;false;forest;5
1751;137;214;254;land;false;forest;4
1752;208;151;205;land;false;plains;4
1753;166;251;178;land;false;plains;2
1754;234;181;164;land;false;forest;5
1755;237;12;253;land;false;plains;4
1756;163;236;205;land;false;plains;5
1757;175;199;172;land;false;forest;2
1758;171;232;103;land;false;plains;6
1759;205;128;184;land;false;urban;1
1760;214;142;162;land;false;low_urban;3
1761;202;198;221;land;false;plains;1
1762;182;194;235;land;false;plains;5
1763;142;208;196;land;false;plains;6
1764;157;238;234;land;false;low_urban;4
1765;197;197;246;land;false;plains;1
1766;198;227;179;land;false;forest;3
1767;11;236;224;land;false;plains;3
1768;183;225;197;land;true;forest;4
1769;125;216;254;land;false;plains;6
1770;247;245;196;land;false;hills;4
1771;241;67;238;land;false;mountain;4
1772;212;115;220;land;false;urban;4
1773;160;221;214;land;true;plains;1
1774;135;171;240;land;false;plains;1
1775;222;209;244;land;false;plains;3
1776;195;200;209;land;false;urban;4
1777;202;56;250;land;false;plains;6
1778;225;205;190;land;false;low_urban;4
1779;110;220;248;land;false;plains;5
1780;154;126;237;land;true;plains;2
1781;209;229;210;land;false;plains;3
1782;207;219;175;land;false;plains;4
1783;152;244;234;land;false;industrial;3
1784;205;147;231;land;false;plains;1
1785;171;96;253;land;false;plains;4
1786;214;232;142;land;false;plains;5
1787;169;231;207;land;false;urban;3
1788;108;179;249;land;true;forest;5
1789;108;191;224;land;false;hills;4
1790;149;226;180;land;true;plains;1
1791;185;234;188;land;false;plains;6
1792;115;229;191;land;false;plains;3
1793;65;221;217;land;false;low_urban;4
1794;236;171;182;land;false;hills;4
1795;252;244;212;land;false;hills;6
1796;242;177;134;land;false;mountain;3
1797;167;246;110;land;false;plains;6
1798;129;212;221;land;false;forest;6
1799;245;253;117;land;false;plains;6
1800;195;160;200;land;false;low_urban;4
1801;183;180;159;land;false;plains;6
1802;226;249;190;land;false;plains;5
1803;175;117;229;land;false;marsh;1
1804;185;217;109;land;false;forest;4
1805;246;245;82;land;false;plains;3
1806;171;170;245;land;false;plains;4
1807;199;233;215;land;false;forest;5
1808;120;253;148;land;true;plains;4
1809;223;65;234;land;false;forest;4
1810;132;253;150;land;false;forest;2
1811;187;249;197;land;false;plains;6
1812;208;203;130;land;false;plains;4
1813;211;117;185;land;false;plains;1
1814;189;98;233;land;false;urban;4
1815;184;231;197;land;false;forest;2
1816;132;219;158;land;false;plains;5
1817;113;237;250;land;false;plains;6
1818;232;186;213;land;false;plains;5
1819;165;205;240;land;false;mountain;4
1820;207;245;167;land;true;low_urban;4
1821;247;89;230;land;false;forest;6
1822;206;229;237;land;false;plains;1
1823;198;150;222;land;false;hills;6
1824;170;118;249;land;false;plains;6
1825;177;176;158;land;false;forest;4
1826;244;110;150;land;false;plains;4
1827;244;118;169;land;false;plains;6
1828;241;125;247;land;true;marsh;4
1829;105;239;189;land;false;low_urban;4
1830;145;208;210;land;false;forest;4
1831;200;203;192;land;false;urban;4
1832;243;182;210;land;false;plains;3
1833;101;254;225;land;false;plains;4
1834;213;239;170;lake;false;lakes;0
1835;101;242;196;land;false;plains;5
1836;219;252;70;land;false;plains;4
1837;158;197;197;land;false;plains;4
1838;174;174;186;land;true;plains;2
1839;193;171;227;land;false;marsh;4
1840;253;229;194;land;false;urban;4
1841;227;88;214;land;false;low_urban;1
1842;216;224;161;land;true;forest;1
1843;207;232;93;land;false;mountain;6
1844;68;193;246;land;false;plains;5
1845;81;219;238;land;false;forest;3
1846;152;144;225;land;false;plains;6
1847;228;232;239;land;false;plains;5
1848;239;129;233;land;false;plains;6
1849;206;164;185;land;false;plains;4
1850;251;114;181;land;false;urban;3
1851;190;225;140;land;false;forest;5
1852;239;172;175;land;false;forest;2
1853;199;231;89;land;false;plains;6
1854;236;104;163;land;false;marsh;3
1855;166;123;222;land;false;low_urban;4
1856;224;215;175;land;false;plains;1
1857;212;122;178;land;false;plains;2
1858;190;132;212;land;false;plains;6
1859;202;79;224;land;false;plains;4
1860;230;149;218;land;false;plains;6
1861;211;243;171;land;false;plains;1
1862;132;196;196;land;false;forest;6
1863;107;251;208;land;false;forest;6
1864;234;175;222;land;false;plains;4
1865;212;231;88;land;false;hills;3
1866;161;130;214;land;false;forest;5
1867;185;130;227;land;true;plains;1
1868;127;223;200;land;false;forest;5
1869;230;193;122;land;false;plains;6
1870;233;114;208;land;false;hills;3
1871;178;211;158;land;false;plains;6
1872;165;189;159;land;true;low_urban;4
1873;245;181;107;land;false;plains;2
1874;236;181;141;land;false;plains;6
1875;218;207;134;land;false;forest;1
1876;201;165;138;land;false;plains;6
1877;252;49;229;land;false;plains;4
1878;189;227;236;land;false;forest;4
1879;150;206;195;land;false;hills;4
1880;128;183;230;land;false;plains;6
1881;142;177;252;land;true;plains;6
1882;114;243;251;land;true;plains;6
1883;149;164;249;land;false;forest;4
1884;140;203;180;land;false;plains;6
1885;212;131;248;land;false;plains;5
1886;220;235;46;land;false;plains;2
1887;204;197;167;land;false;plains;6
1888;180;212;137;land;true;plains;5
1889;80;180;247;land;false;plains;6
1890;207;246;136;land;true;low_urban;5
1891;65;223;244;land;false;plains;6
1892;186;234;168;land;false;plains;5
1893;155;105;252;land;false;plains;4
1894;231;234;238;land;false;urban;2
1895;169;175;158;land;false;forest;4
1896;140;200;172;land;false;hills;6
1897;196;231;110;land;false;plains;3
1898;139;222;169;land;false;plains;3
1899;252;228;201;land;false;hills;6
1900;247;165;137;land;true;forest;4
1901;233;214;149;land;false;plains;1
1902;250;227;254;land;false;plains;4
1903;94;167;245;land;false;plains;1
1904;182;202;171;land;false;low_urban;1
1905;166;252;211;land;false;plains;1
1906;15;244;250;land;false;plains;2
1907;242;35;239;land;false;plains;4
1908;210;166;246;land;false;plains;6
1909;89;211;225;land;false;plains;2
1910;242;170;237;land;false;plains;1
1911;237;199;187;land;false;plains;6
1912;207;198;107;land;false;plains;1
1913;206;190;113;land;false;plains;6
1914;252;204;165;land;true;plains;5
1915;242;209;83;land;false;plains;5
1916;162;175;246;land;false;plains;3
1917;205;111;211;land;true;forest;2
1918;235;143;157;land;true;plains;6
1919;252;41;235;land;true;plains;4
1920;175;147;253;land;false;low_urban;4
1921;167;193;168;land;false;urban;3
1922;227;170;208;land;false;plains;6
1923;149;158;204;land;false;hills;3
1924;83;227;199;land;false;plains;6
1925;148;229;174;land;false;hills;2
1926;242;149;149;land;true;plains;6
1927;123;241;141;land;false;plains;4
1928;244;154;179;land;false;hills;6
1929;252;95;217;land;false;hills;4
1930;198;99;227;land;false;plains;2
1931;253;157;100;land;true;plains;1
1932;139;173;238;land;false;plains;6
1933;139;190;242;land;false;plains;1
1934;187;217;179;land;false;mountain;3
1935;142;229;138;land;false;plains;6
1936;156;243;108;land;true;plains;4
1937;162;170;186;land;false;plains;6
1938;175;166;193;land;false;low_urban;4
1939;231;70;250;land;true;plains;6
1940;235;241;222;land;false;plains;4
1941;176;232;124;land;false;forest;4
1942;82;221;249;land;false;plains;6
1943;146;156;219;land;false;plains;5
1944;227;223;148;land;false;plains;3
1945;134;254;202;land;false;plains;3
1946;229;200;227;land;false;hills;3
1947;185;249;184;land;false;plains;4
1948;241;172;218;land;false;plains;1
1949;216;143;154;land;false;forest;2
1950;153;186;215;land;false;plains;6
1951;251;97;166;land;false;plains;6
1952;79;237;185;land;false;plains;6
1953;178;86;242;land;false;hills;6
1954;251;195;62;land;false;plains;6
1955;154;136;239;land;false;plains;4
1956;182;212;185;land;false;plains;4
1957;242;156;154;land;false;forest;3
1958;218;242;48;land;false;hills;6
1959;176;129;254;land;false;low_urban;1
1960;180;194;163;land;false;plains;4
1961;236;180;236;land;false;hills;2
1962;131;254;230;land;false;mountain;4
1963;217;196;190;land;false;plains;4
1964;160;209;186;land;false;mountain;4
1965;192;176;188;land;false;plains;3
1966;223;254;183;land;false;plains;1
1967;223;67;244;land;false;low_urban;3
1968;226;227;171;land;false;forest;3
1969;172;217;165;land;false;plains;6
1970;221;232;244;land;false;plains;6
1971;177;152;254;land;false;plains;6
1972;79;169;253;land;true;marsh;2
1973;242;230;138;land;false;hills;3
1974;188;177;144;land;false;plains;1
1975;68;242;237;land;false;plains;6
1976;158;131;243;land;false;plains;3
1977;214;125;233;land;false;plains;6
1978;205;158;143;land;false;plains;2
1979;175;208;157;land;false;plains;6
1980;60;217;251;land;false;plains;1
1981;142;218;171;land;false;plains;6
1982;252;161;134;land;false;forest;1
1983;214;209;184;land;false;plains;6
1984;73;252;234;land;false;plains;5
1985;209;85;210;land;false;hills;4
1986;130;220;221;land;false;plains;4
1987;185;148;190;land;false;urban;2
1988;243;94;211;land;false;plains;5
1989;228;248;108;land;false;forest;1
1990;218;68;231;land;false;forest;3
1991;154;226;198;land;false;marsh;4
1992;223;215;64;land;false;plains;3
1993;135;190;236;land;false;plains;6
1994;241;34;246;land;true;low_urban;6
1995;242;182;167;land;false;plains;6
1996;239;164;104;land;false;plains;1
1997;228;236;221;land;false;plains;5
1998;125;200;203;land;false;plains;5
1999;207;72;235;land;false;forest;1
2000;206;106;218;land;false;forest;3
2001;183;228;163;land;false;forest;1
2002;230;109;179;land;false;forest;1
2003;198;242;105;land;false;plains;6
2004;134;252;170;land;false;low_urban;5
2005;226;223;138;land;false;plains;6
2006;108;221;175;land;true;forest;5
2007;176;240;186;land;true;plains;1
2008;219;176;173;land;false;plains;1
2009;156;232;184;land;false;forest;4
2010;188;162;191;land;false;mountain;4
2011;196;174;216;land;false;forest;4
2012;234;67;248;land;false;plains;4
2013;250;134;243;land;false;hills;6
2014;95;229;195;land;false;plains;6
2015;181;196;126;land;false;urban;5
2016;179;205;119;land;false;urban;6
2017;230;189;179;land;true;forest;5
2018;213;241;68;land;false;plains;6
2019;224;118;196;land;false;plains;6
2020;77;243;187;land;false;forest;3
2021;173;221;217;land;false;plains;1
2022;247;222;235;land;false;plains;5
2023;81;249;199;land;false;forest;2
2024;76;232;228;land;false;forest;2
2025;221;214;173;land;false;urban;4
2026;163;233;219;land;false;plains;2
2027;128;195;186;land;false;mountain;4
2028;118;138;247;land;false;plains;5
2029;165;189;251;land;true;forest;5
2030;236;75;208;land;false;mountain;6
2031;154;211;220;land;false;plains;3
2032;164;111;232;land;false;low_urban;4
2033;245;160;103;land;false;plains;6
2034;223;176;122;land;false;plains;6
2035;248;204;145;land;false;forest;1
2036;213;231;116;land;false;plains;4
2037;179;125;225;land;false;plains;6
2038;47;224;235;land;false;plains;5
2039;244;37;233;land;false;plains;4
2040;182;196;253;land;false;forest;5
2041;253;204;123;land;false;plains;5
2042;220;248;147;land;false;plains;6
2043;175;247;133;land;false;forest;5
2044;130;199;199;land;false;forest;5
2045;215;243;58;land;false;plains;4
2046;122;252;219;land;false;plains;3
2047;193;212;132;land;true;plains;5
2048;245;168;191;land;false;forest;2
2049;91;244;226;land;false;plains;6
2050;225;187;128;land;false;plains;6
2051;138;246;190;land;false;forest;4
2052;215;217;210;land;false;forest;6
2053;213;140;176;land;false;forest;4
2054;234;188;224;land;false;forest;5
2055;251;126;236;land;false;mountain;6
2056;204;150;234;land;false;plains;6
2057;152;241;156;land;false;plains;6
2058;243;160;242;land;false;plains;4
2059;80;212;222;land;false;forest;2
2060;248;154;134;land;false;plains;4
2061;234;234;205;land;false;plains;6
2062;205;238;205;land;false;forest;2
2063;227;100;210;land;false;low_urban;4
2064;209;251;45;land;false;plains;1
2065;251;140;200;land;false;forest;3
2066;195;182;248;land;false;plains;2
2067;202;219;135;land;true;forest;2
2068;188;230;215;land;false;plains;2
2069;230;197;242;land;true;industrial;1
2070;240;235;99;land;true;plains;1
2071;142;251;218;land;false;plains;5
2072;117;185;229;land;false;forest;1
2073;208;213;203;land;false;plains;5
2074;213;205;147;land;false;plains;6
2075;144;132;236;land;false;forest;5
2076;50;229;247;land;false;forest;6
2077;241;224;119;land;false;mountain;6
2078;142;172;246;land;false;mountain;4
2079;68;225;224;land;false;forest;2
2080;164;140;217;land;false;forest;2
2081;205;141;222;land;false;plains;1
2082;247;68;240;land;false;plains;4
2083;227;195;150;land;false;plains;6
2084;146;250;205;land;false;forest;1
2085;230;210;120;land;false;forest;2
2086;208;178;245;land;false;forest;1
2087;180;143;202;land;false;forest;1
2088;250;146;149;land;true;forest;2
2089;116;244;165;land;false;urban;2
2090;226;250;61;land;false;plains;6
2091;240;109;237;land;false;plains;3
2092;152;170;251;land;false;low_urban;4
2093;210;199;190;land;false;forest;4
2094;218;215;207;land;false;forest;3
2095;188;210;189;land;false;plains;6
2096;126;224;208;land;true;plains;1
2097;245;251;164;land;false;forest;4
2098;212;200;229;land;false;forest;2
2099;195;156;190;land;true;forest;1
2100;142;223;189;land;false;forest;1
2101;208;198;252;land;false;plains;6
2102;237;130;244;land;false;low_urban;4
2103;207;114;183;land;false;plains;5
2104;201;105;232;land;false;low_urban;4
2105;225;245;38;land;true;low_urban;3
2106;241;202;252;land;false;forest;5
2107;139;231;158;land;false;industrial;4
2108;241;241;101;land;false;forest;1
2109;206;211;234;land;false;plains;6
2110;226;61;215;land;false;plains;2
2111;217;201;181;land;false;low_urban;1
2112;168;253;108;land;false;forest;2
2113;249;242;201;land;true;plains;5
2114;235;217;243;land;false;plains;5
2115;206;216;101;land;false;plains;2
2116;183;216;131;land;false;plains;6
2117;199;242;174;land;false;plains;2
2118;205;254;180;land;true;plains;1
2119;248;139;219;land;true;plains;2
2120;115;184;249;land;false;low_urban;4
2121;242;232;146;land;false;plains;6
2122;55;217;238;land;false;plains;6
2123;202;160;222;land;false;plains;6
2124;221;204;117;land;false;plains;5
2125;146;229;215;land;false;plains;5
2126;159;243;101;land;false;hills;6
2127;221;125;161;land;false;marsh;5
2128;181;227;219;land;false;plains;1
2129;203;171;133;land;false;plains;3
2130;94;201;236;land;false;plains;4
2131;198;184;251;land;false;plains;4
2132;176;197;250;land;false;forest;1
2133;166;151;201;land;false;forest;5
2134;233;131;161;land;false;plains;4
2135;244;252;119;land;false;plains;5
2136;226;151;199;land;false;plains;4
2137;211;204;86;land;false;plains;1
2138;202;201;105;land;false;plains;6
2139;160;204;165;land;false;plains;5
2140;208;153;144;land;false;forest;6
2141;227;142;210;land;false;plains;3
2142;48;93;201;land;false;urban;4
2143;241;98;245;land;false;forest;1
2144;100;177;250;land;false;forest;1
2145;172;241;226;land;false;plains;3
2146;189;179;172;land;false;plains;6
2147;154;124;224;land;false;plains;5
2148;152;104;250;land;false;plains;4
2149;222;236;131;land;false;plains;5
2150;219;210;223;land;false;plains;1
2151;214;132;170;land;false;plains;6
2152;155;171;224;land;false;forest;4
2153;189;197;152;land;false;plains;4
2154;127;197;213;land;false;plains;5
2155;233;179;118;land;true;plains;1
2156;254;208;85;land;false;plains;6
2157;179;212;197;land;false;plains;6
2158;122;174;232;land;false;plains;2
2159;163;135;249;land;false;plains;4
2160;234;175;207;land;false;plains;6
2161;144;182;225;land;false;low_urban;5
2162;225;213;235;land;false;plains;6
2163;184;242;154;land;false;plains;5
2164;254;214;162;land;false;plains;1
2165;252;192;252;land;false;plains;6
2166;228;147;182;land;false;forest;5
2167;220;182;135;land;false;plains;6
2168;210;217;154;land;true;plains;2
2169;134;208;235;land;false;plains;6
2170;229;244;51;land;false;hills;4
2171;103;206;199;land;false;plains;3
2172;182;186;167;land;true;plains;6
2173;189;239;213;land;false;plains;2
2174;227;97;229;land;false;forest;3
2175;243;229;186;land;false;plains;1
2176;250;184;214;land;false;plains;2
2177;173;183;165;land;false;low_urban;3
2178;205;141;180;land;false;plains;4
2179;178;236;88;land;false;forest;3
2180;121;252;222;land;false;plains;5
2181;104;248;211;land;false;plains;6
2182;239;226;184;land;true;plains;4
2183;233;175;221;land;true;plains;2
2184;140;180;211;land;false;forest;5
2185;245;168;197;land;false;plains;5
2186;253;110;177;land;false;hills;4
2187;177;194;220;land;false;plains;6
2188;151;230;137;land;false;plains;3
2189;224;210;245;land;false;plains;3
2190;57;218;245;land;false;low_urban;4
2191;239;106;252;land;false;plains;5
2192;150;253;239;land;false;forest;1
2193;144;171;215;land;false;plains;3
2194;252;19;243;land;false;low_urban;5
2195;240;114;216;land;false;forest;5
2196;198;193;165;land;false;urban;5
2197;218;71;236;land;false;plains;1
2198;104;195;207;land;false;forest;1
2199;214;251;209;land;false;plains;2
2200;171;145;210;land;false;plains;6
2201;189;215;145;land;false;mountain;4
2202;207;244;142;land;false;forest;2
2203;202;238;180;land;false;plains;2
2204;219;132;166;land;false;plains;5
2205;216;233;130;land;false;plains;1
2206;235;88;241;land;false;plains;1
2207;235;154;145;land;false;forest;5
2208;188;248;176;land;false;forest;2
2209;137;210;195;land;false;forest;2
2210;233;144;129;land;false;forest;2
2211;246;239;82;land;false;plains;1
2212;181;184;225;land;false;plains;1
2213;93;217;239;land;false;plains;4
2214;238;161;132;land;false;plains;5
2215;215;208;82;land;false;plains;6
2216;106;206;244;land;false;hills;6
2217;238;113;172;land;false;plains;6
2218;191;200;212;land;true;plains;1
2219;239;43;246;land;false;plains;6
2220;145;240;136;land;false;forest;4
2221;248;213;118;land;false;urban;3
2222;137;186;227;land;false;mountain;4
2223;215;214;192;land;false;plains;1
2224;164;161;204;land;false;plains;1
2225;250;214;160;land;false;forest;1
2226;131;207;220;land;false;plains;5
2227;237;184;231;land;false;mountain;4
2228;222;189;130;land;false;plains;4
2229;136;219;174;land;true;plains;5
2230;217;134;235;land;false;hills;6
2231;69;252;227;land;false;low_urban;4
2232;216;242;142;land;true;plains;2
2233;161;185;191;land;false;hills;6
2234;210;158;215;land;false;plains;1
2235;102;197;218;land;false;plains;6
2236;215;171;136;land;false;plains;3
2237;145;189;171;land;false;forest;3
2238;230;200;137;land;false;forest;2
2239;181;235;239;land;false;plains;6
2240;120;198;185;land;false;plains;3
2241;2;254;249;land;false;plains;5
2242;217;208;118;land;false;low_urban;2
2243;241;243;175;land;false;plains;1
2244;197;245;161;land;false;plains;6
2245;133;157;234;land;false;urban;3
2246;225;236;116;land;false;plains;6
2247;27;247;237;land;false;mountain;6
2248;245;169;192;land;false;forest;2
2249;119;163;239;land;false;plains;6
2250;253;185;148;land;false;plains;6
2251;252;233;203;land;false;low_urban;2
2252;162;152;251;land;false;plains;6
2253;253;220;90;land;false;plains;2
2254;191;209;220;land;false;plains;5
2255;153;227;134;land;true;plains;1
2256;192;244;77;land;false;forest;2
2257;195;242;123;land;false;plains;5
2258;229;103;185;land;false;plains;1
2259;81;245;178;land;false;forest;2
2260;166;242;196;land;true;low_urban;6
2261;242;177;148;land;false;plains;2
2262;176;102;242;land;false;forest;6
2263;191;180;195;land;false;forest;4
2264;154;250;107;land;false;low_urban;5
2265;252;112;237;land;false;plains;6
2266;250;138;130;land;false;plains;2
2267;147;235;166;land;false;forest;2
2268;176;152;243;land;false;industrial;4
2269;93;215;193;land;true;low_urban;5
2270;128;180;215;land;false;plains;6
2271;223;123;204;land;false;forest;3
2272;243;229;118;land;false;forest;3
2273;250;101;185;land;false;plains;5
2274;237;242;133;land;false;hills;4
2275;248;162;107;land;false;plains;6
2276;221;233;79;land;false;plains;5
2277;92;203;217;land;false;plains;3
2278;254;187;162;land;false;low_urban;4
2279;217;214;212;land;false;plains;5
2280;206;239;204;land;false;forest;2
2281;122;208;220;land;false;plains;4
2282;216;223;250;land;false;plains;6
2283;175;135;224;land;false;forest;2
2284;228;183;213;land;false;forest;2
2285;231;56;234;land;false;forest;1
2286;230;116;184;land;false;plains;4
2287;188;115;199;land;false;urban;4
2288;153;217;251;land;false;plains;1
2289;119;209;196;land;false;forest;1
2290;81;209;222;land;false;plains;6
2291;231;47;236;land;false;plains;2
2292;242;172;151;land;false;plains;1
2293;168;168;179;land;false;low_urban;5
2294;238;245;142;land;false;plains;6
2295;202;172;156;land;false;plains;5
2296;243;118;157;land;false;plains;4
2297;252;207;241;land;false;forest;4
2298;173;190;243;land;false;plains;3
2299;206;129;246;land;false;plains;3
2300;217;223;175;land;false;plains;5
2301;137;239;200;land;false;plains;2
2302;184;99;248;land;false;low_urban;3
2303;233;36;235;land;true;forest;1
2304;214;211;95;land;false;plains;5
2305;176;246;99;land;false;plains;5
2306;169;152;200;land;true;low_urban;6
2307;163;206;239;land;false;forest;1
2308;184;246;115;land;false;forest;5
2309;233;221;94;land;false;forest;5
2310;214;133;155;land;false;low_urban;5
2311;254;229;130;land;false;plains;6
2312;114;162;246;land;false;plains;1
2313;31;246;235;land;false;plains;3
2314;120;194;246;land;false;plains;6
2315;246;249;59;land;false;plains;4
2316;252;146;247;land;false;urban;3
2317;229;188;247;land;false;plains;3
2318;191;182;200;land;false;forest;2
2319;238;211;169;land;false;forest;1
2320;193;152;172;land;false;plains;6
2321;242;135;235;land;false;plains;1
2322;159;253;245;land;false;plains;1
2323;101;244;190;land;false;urban;2
2324;240;246;44;land;false;low_urban;3
2325;140;193;221;land;false;forest;5
2326;246;116;200;land;false;plains;5
2327;112;254;233;land;false;plains;6
2328;61;232;217;land;false;plains;6
2329;251;138;167;land;false;plains;4
2330;231;233;183;land;false;plains;6
2331;230;138;198;land;false;plains;4
2332;193;219;182;land;false;low_urban;4
2333;179;173;238;land;false;plains;6
2334;201;194;201;land;false;plains;6
2335;244;66;212;land;false;low_urban;4
2336;126;248;219;land;false;hills;6
2337;251;81;212;land;false;plains;6
2338;243;194;86;land;false;forest;3
2339;175;169;210;land;false;plains;6
2340;208;240;150;land;false;forest;4
2341;107;230;200;land;false;forest;5
2342;122;194;194;land;false;plains;5
2343;168;155;234;land;false;urban;3
2344;167;188;228;land;false;plains;5
2345;157;202;216;land;false;plains;6
2346;223;63;220;land;false;forest;2
2347;253;237;246;land;false;plains;1
2348;78;198;233;land;false;plains;4
2349;125;239;210;land;false;plains;5
2350;239;93;236;land;false;forest;3
2351;253;135;178;land;false;plains;5
2352;53;232;223;land;false;urban;3
2353;193;225;157;land;false;forest;4
2354;241;147;181;land;false;plains;1
2355;245;222;168;land;false;forest;2
2356;215;116;230;land;false;plains;4
2357;51;225;243;land;false;forest;4
2358;217;246;226;land;false;plains;5
2359;153;154;245;land;false;plains;5
2360;253;193;108;land;true;plains;1
2361;164;203;196;land;false;plains;6
2362;142;215;196;land;false;forest;4
2363;139;200;187;land;false;plains;1
2364;188;156;243;land;false;plains;5
2365;249;232;119;land;true;plains;2
2366;187;196;158;land;false;mountain;4
2367;253;240;199;land;false;forest;4
2368;176;134;194;land;false;forest;4
2369;121;178;202;land;false;plains;1
2370;108;232;204;land;false;low_urban;3
2371;212;144;213;land;false;mountain;3
2372;251;213;117;land;true;plains;1
2373;161;248;163;land;false;plains;6
2374;106;252;185;land;false;plains;4
2375;120;166;222;land;false;forest;2
2376;252;243;222;land;true;low_urban;6
2377;87;200;227;land;false;forest;1
2378;212;125;196;land;false;plains;2
2379;226;149;165;land;false;plains;5
2380;234;223;129;land;false;plains;2
2381;243;115;203;land;false;plains;6
2382;198;228;175;land;false;forest;4
2383;211;106;224;land;false;forest;3
2384;206;160;138;land;false;plains;6
2385;208;175;233;land;false;low_urban;3
2386;240;160;159;land;true;forest;2
2387;246;201;105;land;false;plains;2
2388;246;103;254;land;false;plains;6
2389;236;91;212;land;false;forest;3
2390;208;197;105;land;false;plains;1
2391;234;239;228;land;false;low_urban;4
2392;55;220;230;land;false;plains;4
2393;215;232;247;land;false;plains;1
2394;121;223;190;land;false;forest;4
2395;250;251;169;land;false;urban;4
2396;231;253;136;land;false;plains;1
2397;212;240;162;land;false;forest;1
2398;254;223;127;land;false;low_urban;5
2399;64;207;253;land;false;plains;6
2400;240;148;171;land;true;plains;3
2401;241;195;121;land;false;hills;4
2402;124;197;228;land;true;low_urban;5
2403;209;192;235;land;false;plains;3
2404;193;189;122;land;false;forest;3
2405;201;89;233;land;false;plains;2
2406;177;192;152;land;false;urban;3
2407;194;253;249;land;false;hills;6
2408;244;110;235;land;false;plains;1
2409;130;244;230;land;false;plains;6
2410;223;227;75;land;false;plains;3
2411;246;176;243;land;false;forest;5
2412;240;180;98;land;false;low_urban;3
2413;133;214;176;land;true;plains;2
2414;202;228;219;land;false;low_urban;4
2415;216;224;95;land;false;plains;4
2416;185;141;194;land;false;plains;6
2417;197;169;157;land;false;plains;6
2418;166;161;245;land;false;mountain;6
2419;223;122;194;land;false;plains;6
2420;245;232;247;land;false;plains;4
2421;231;102;197;land;true;low_urban;1
2422;224;202;210;land;false;plains;6
2423;230;132;172;land;false;forest;4
2424;222;118;233;land;false;plains;4
2425;129;141;246;land;false;plains;6
2426;207;202;113;land;false;plains;6
2427;220;240;160;land;false;plains;5
2428;227;136;232;land;false;urban;3
2429;151;160;245;land;true;plains;1
2430;252;119;186;land;false;low_urban;3
2431;147;173;246;land;false;plains;4
2432;236;37;231;land;false;plains;3
2433;158;158;209;land;false;plains;6
2434;249;253;226;land;false;low_urban;5
2435;142;240;120;land;false;plains;6
2436;143;208;209;land;false;low_urban;4
2437;207;105;200;land;false;plains;6
2438;219;75;208;land;false;forest;5
2439;186;247;132;land;false;low_urban;4
2440;187;154;208;land;false;forest;5
2441;177;244;179;land;false;plains;6
2442;204;131;253;land;false;mountain;4
2443;103;227;194;land;false;plains;4
2444;219;232;196;land;false;plains;6
2445;237;226;155;land;false;plains;1
2446;174;246;138;land;false;hills;6
2447;212;74;254;land;false;forest;5
2448;137;179;243;land;false;plains;4
2449;248;31;236;land;false;plains;2
2450;61;226;245;land;false;plains;5
2451;232;223;179;land;false;plains;4
2452;233;195;131;land;false;plains;3
2453;252;240;90;land;true;urban;4
2454;201;245;215;land;false;plains;4
2455;247;187;84;land;false;forest;6
2456;194;189;178;land;false;forest;4
2457;162;142;242;land;false;marsh;5
2458;188;208;193;land;false;plains;6
2459;216;253;83;land;false;hills;3
2460;182;247;105;land;false;low_urban;3
2461;208;206;179;land;false;plains;6
2462;252;168;96;land;false;plains;6
2463;147;201;214;land;false;plains;3
2464;251;129;245;land;false;low_urban;3
2465;248;253;67;land;false;plains;5
2466;199;218;217;land;false;forest;1
2467;251;220;182;land;false;low_urban;4
2468;147;200;252;land;false;plains;4
2469;202;250;185;land;true;plains;4
2470;182;197;239;land;false;plains;6
2471;240;154;115;land;false;plains;3
2472;254;217;161;land;true;plains;5
2473;220;157;205;land;false;plains;4
2474;188;241;74;land;false;low_urban;4
2475;250;103;234;land;false;plains;6
2476;206;197;215;land;false;plains;6
2477;87;233;217;land;false;low_urban;5
2478;199;218;247;land;false;forest;5
2479;203;137;233;land;false;plains;4
2480;224;246;140;land;false;plains;3
2481;188;180;179;land;false;plains;1
2482;177;106;218;land;false;plains;1
2483;183;87;234;land;false;forest;6
2484;116;242;172;land;false;forest;5
2485;132;189;201;land;false;forest;6
2486;247;55;228;land;false;plains;4
2487;90;231;194;land;false;low_urban;3
2488;208;246;229;land;true;forest;2
2489;229;168;226;land;false;forest;4
2490;152;189;206;land;false;plains;1
2491;142;170;216;land;false;hills;4
2492;136;206;239;land;false;plains;4
2493;137;224;142;land;false;forest;5
2494;217;254;66;land;false;hills;4
2495;217;181;120;land;false;urban;4
2496;214;97;209;land;false;forest;5
2497;174;163;233;land;false;plains;6
2498;236;185;147;land;false;plains;5
2499;199;242;209;land;false;plains;5
2500;207;141;222;land;false;plains;6
2501;228;226;209;land;false;forest;4
2502;200;230;99;land;false;plains;6
2503;154;206;212;land;false;plains;2
2504;129;242;237;land;false;plains;4
2505;228;111;207;land;false;plains;3
2506;181;248;74;land;false;forest;3
2507;175;254;165;land;false;plains;6
2508;82;251;219;land;false;low_urban;3
2509;251;180;93;land;false;hills;3
2510;241;212;96;land;false;plains;6
2511;171;242;187;land;true;plains;5
2512;247;166;205;land;false;marsh;4
2513;35;254;247;land;false;marsh;5
2514;156;173;221;land;false;plains;6
2515;216;235;244;land;false;forest;2
2516;68;199;253;land;true;forest;1
2517;183;194;225;land;false;plains;1
2518;190;226;220;land;true;plains;4
2519;198;141;166;land;true;forest;4
2520;223;233;122;land;true;plains;2
2521;75;121;103;land;true;forest;1
2522;175;164;174;land;false;plains;4
2523;163;194;232;land;false;low_urban;4
2524;114;220;182;land;false;plains;4
2525;200;200;193;land;false;plains;6
2526;242;242;170;land;false;plains;6
2527;222;63;253;land;false;plains;1
2528;197;113;211;land;false;mountain;4
2529;38;219;251;land;false;mountain;4
2530;170;132;214;land;false;low_urban;3
2531;173;237;213;land;false;plains;4
2532;226;54;254;land;false;plains;3
2533;196;228;116;land;false;plains;6
2534;150;216;231;land;false;plains;6
2535;225;215;176;land;false;mountain;3
2536;158;243;134;land;false;low_urban;5
2537;151;232;206;land;false;plains;4
2538;221;162;148;land;false;plains;6
2539;124;214;230;land;false;forest;3
2540;189;154;215;land;false;plains;3
2541;107;253;141;land;false;forest;5
2542;223;165;165;land;false;hills;4
2543;203;230;170;land;true;low_urban;5
2544;72;239;227;land;true;forest;1
2545;61;253;253;land;false;plains;6
2546;213;223;73;land;false;low_urban;5
2547;183;193;165;land;false;plains;3
2548;229;223;216;land;true;plains;5
2549;74;214;242;land;false;low_urban;4
2550;240;100;181;land;false;plains;4
2551;251;5;248;land;true;forest;2
2552;215;111;186;land;false;low_urban;3
2553;166;143;242;land;true;plains;6
2554;155;207;145;land;false;plains;5
2555;134;154;223;land;true;plains;6
2556;232;123;167;land;false;plains;1
2557;229;206;165;land;false;plains;1
2558;190;180;236;land;false;plains;4
2559;214;79;212;land;false;plains;1
2560;201;132;185;land;false;plains;3
2561;46;232;236;land;false;mountain;3
2562;203;150;222;land;false;plains;5
2563;119;154;238;land;true;plains;3
2564;227;240;243;land;false;low_urban;3
2565;190;179;235;land;true;plains;6
2566;235;123;153;land;false;plains;1
2567;165;235;192;land;true;low_urban;2
2568;243;162;214;land;false;plains;6
2569;157;198;239;land;false;low_urban;1
2570;152;236;170;land;false;urban;4
2571;111;249;149;land;false;plains;6
2572;254;187;231;land;false;plains;3
2573;186;216;148;land;false;hills;4
2574;212;244;99;land;true;low_urban;4
2575;198;93;234;land;false;plains;6
2576;221;116;178;land;false;mountain;6
2577;230;248;162;land;false;hills;4
2578;223;127;198;land;false;plains;6
2579;239;209;125;land;false;hills;4
2580;188;230;166;land;false;low_urban;3
2581;246;252;207;land;false;forest;3
2582;124;218;199;land;true;plains;5
2583;205;141;228;land;false;plains;1
2584;180;199;206;land;false;hills;4
2585;165;214;140;land;false;plains;6
2586;50;229;250;land;false;plains;5
2587;194;192;193;land;false;forest;3
2588;66;246;234;land;false;plains;6
2589;34;248;225;land;false;forest;5
2590;187;210;131;land;false;plains;5
2591;248;244;30;land;false;plains;1
2592;236;174;158;land;false;plains;5
2593;252;136;151;land;false;plains;4
2594;66;237;244;land;false;plains;6
2595;246;233;228;land;false;plains;1
2596;150;214;212;land;false;urban;3
2597;61;241;228;land;false;plains;1
2598;240;144;204;land;false;plains;6
2599;248;189;119;land;false;plains;4
2600;66;245;207;land;false;plains;5
2601;69;222;221;land;false;forest;1
2602;120;249;225;land;false;forest;3
2603;205;194;231;land;false;plains;5
2604;211;220;118;land;false;plains;1
2605;53;237;246;land;false;low_urban;1
2606;254;171;202;land;false;low_urban;4
2607;129;204;179;land;false;forest;4
2608;152;210;226;land;false;forest;5
2609;93;237;200;land;false;plains;6
2610;224;228;77;land;false;low_urban;4
2611;107;225;241;land;false;plains;1
2612;215;179;201;land;false;plains;6
2613;173;220;140;land;false;plains;1
2614;155;173;234;land;false;plains;6
2615;240;237;135;land;false;hills;6
2616;161;212;188;land;false;plains;6
2617;189;236;185;land;false;plains;5
2618;245;122;168;land;false;plains;6
2619;131;227;201;land;false;forest;3
2620;246;180;206;land;false;low_urban;1
2621;178;123;229;land;false;plains;6
2622;161;132;253;land;true;forest;5
2623;229;245;105;land;false;plains;6
2624;149;123;238;land;true;plains;3
2625;247;239;147;land;false;plains;6
2626;184;226;140;land;false;plains;6
2627;217;190;149;land;false;plains;5
2628;194;234;128;land;false;plains;6
2629;142;126;249;land;false;plains;5
2630;174;248;245;land;false;plains;4
2631;253;104;183;land;false;plains;1
2632;139;146;250;land;false;plains;4
2633;191;128;203;land;false;forest;2
2634;181;110;249;land;false;mountain;4
2635;198;198;129;land;true;low_urban;5
2636;229;203;138;land;true;plains;6
2637;242;186;219;land;false;urban;2
2638;165;105;234;land;false;plains;6
2639;232;159;123;land;false;urban;2
2640;225;218;224;land;false;hills;4
2641;117;191;199;land;false;low_urban;4
2642;188;242;182;land;false;plains;6
2643;105;250;253;land;false;forest;6
2644;167;107;253;land;false;plains;4
2645;240;182;238;land;false;plains;6
2646;88;235;184;land;false;plains;6
2647;147;219;186;land;false;plains;5
2648;167;253;147;land;false;plains;1
2649;224;45;239;land;false;plains;5
2650;250;221;173;land;false;hills;4
2651;206;240;191;land;true;low_urban;5
2652;186;168;180;land;false;hills;4
2653;236;181;229;land;false;plains;6
2654;203;244;95;land;false;plains;5
2655;214;65;252;land;false;forest;4
2656;157;223;218;land;false;hills;4
2657;184;246;235;land;false;urban;4
2658;242;176;114;land;false;plains;3
2659;165;250;232;land;false;plains;2
2660;239;104;174;land;false;plains;1
2661;107;218;177;land;false;low_urban;5
2662;244;170;90;land;false;plains;2
2663;140;217;187;land;true;low_urban;3
2664;242;252;77;land;false;urban;1
2665;174;180;220;land;false;plains;6
2666;163;208;136;land;false;plains;1
2667;201;175;219;land;false;plains;2
2668;252;147;151;land;false;forest;5
2669;93;184;229;land;false;plains;1
2670;142;202;188;land;false;forest;1
2671;252;142;246;land;false;plains;1
2672;245;207;70;land;false;forest;4
2673;166;211;200;land;true;plains;1
2674;175;176;254;land;false;plains;5
2675;117;244;251;land;false;plains;6
2676;226;146;249;land;false;plains;5
2677;217;249;88;land;false;plains;1
2678;252;150;117;land;false;plains;4
2679;243;113;207;land;false;hills;4
2680;225;80;237;land;false;plains;2
2681;10;252;234;land;false;plains;4
2682;248;41;222;land;false;urban;4
2683;187;101;226;land;true;low_urban;1
2684;252;126;199;land;false;plains;1
2685;150;198;205;land;false;forest;4
2686;65;230;247;land;false;plains;5
2687;246;155;165;land;true;plains;5
2688;165;150;205;land;false;forest;5
2689;203;214;229;land;false;plains;3
2690;139;254;139;land;false;plains;1
2691;120;210;215;land;false;forest;1
2692;244;103;248;land;true;plains;4
2693;178;132;216;land;false;forest;6
2694;238;202;134;land;true;plains;4
2695;178;251;130;land;false;low_urban;4
2696;253;59;236;land;false;plains;6
2697;63;247;202;land;false;forest;1
2698;251;98;247;land;false;plains;4
2699;248;172;239;land;false;marsh;5
2700;237;48;244;land;false;plains;6
2701;232;119;184;land;true;plains;1
2702;241;162;230;land;false;low_urban;5
2703;213;192;141;land;false;plains;4
2704;112;193;232;land;false;plains;2
2705;250;142;228;land;false;plains;6
2706;204;249;231;land;false;plains;5
2707;235;225;153;land;false;plains;1
2708;196;246;69;land;false;plains;4
2709;227;204;88;land;false;plains;6
2710;157;110;239;land;false;hills;4
2711;225;120;197;land;false;mountain;3
2712;231;183;247;land;false;plains;6
2713;244;231;94;land;false;plains;5
2714;107;169;254;land;false;forest;4
2715;125;230;244;land;false;plains;4
2716;248;153;214;land;true;marsh;4
2717;228;185;124;land;false;plains;6
2718;163;162;191;land;false;plains;3
2719;167;237;150;land;false;forest;4
2720;229;153;125;land;false;plains;4
2721;155;174;223;land;false;plains;6
2722;164;247;226;land;true;plains;5
2723;235;79;248;land;false;urban;1
2724;216;106;194;land;false;forest;1
2725;254;71;188;land;false;plains;6
2726;228;195;216;land;false;hills;6
2727;244;202;107;land;false;forest;3
2728;71;204;243;land;false;low_urban;3
2729;237;244;210;land;false;plains;6
2730;247;165;199;land;false;forest;1
2731;176;147;230;land;true;forest;5
2732;154;215;163;land;false;plains;6
2733;145;250;126;land;false;low_urban;3
2734;214;153;238;land;false;plains;4
2735;124;155;229;land;false;mountain;6
2736;228;115;179;land;false;plains;1
2737;211;233;158;land;false;low_urban;3
2738;13;253;253;land;false;plains;4
2739;198;233;252;land;false;plains;6
2740;123;163;253;land;false;plains;4
2741;130;177;227;land;false;urban;4
2742;251;76;208;land;false;urban;1
2743;202;190;213;land;false;plains;4
2744;245;210;241;land;false;plains;6
2745;152;252;138;land;false;plains;4
2746;242;186;212;land;false;plains;3
2747;242;83;178;land;true;plains;4
2748;103;214;185;land;false;low_urban;5
2749;135;251;237;land;false;plains;1
2750;230;184;187;land;false;plains;2
2751;184;190;203;land;false;industrial;4
2752;171;164;184;land;false;plains;4
2753;176;213;205;land;false;plains;6
2754;208;82;213;land;false;plains;4
2755;244;201;223;land;false;forest;3
2756;160;195;233;land;false;plains;2
2757;249;231;92;land;false;plains;6
2758;224;177;165;land;false;plains;1
2759;242;161;136;land;false;plains;4
2760;199;184;188;land;false;plains;3
2761;142;164;239;land;false;plains;1
2762;207;235;209;land;false;forest;5
2763;226;77;252;land;false;plains;1
2764;250;193;134;land;false;plains;5
2765;217;172;242;land;false;forest;4
2766;229;249;124;land;false;hills;6
2767;220;142;204;land;false;forest;1
2768;216;244;60;land;false;plains;3
2769;224;231;151;land;false;forest;4
2770;245;173;117;land;false;plains;6
2771;226;176;229;land;false;plains;4
2772;213;179;150;land;true;marsh;4
2773;123;244;239;land;false;urban;3
2774;246;86;236;land;false;hills;3
2775;198;243;87;land;false;plains;3
2776;253;30;242;land;false;plains;5
2777;207;170;237;land;false;plains;1
2778;166;160;208;land;false;plains;5
2779;181;204;141;land;false;forest;1
2780;247;240;85;land;false;plains;5
2781;215;64;236;land;false;forest;6
2782;161;251;241;land;false;plains;6
2783;170;162;224;land;false;forest;4
2784;137;175;218;land;false;forest;3
2785;207;211;222;land;false;plains;1
2786;163;188;239;land;false;plains;3
2787;251;117;166;land;true;low_urban;2
2788;127;253;230;land;false;plains;5
2789;109;178;227;land;false;plains;4
2790;116;208;247;land;false;forest;5
2791;205;155;246;land;true;plains;3
2792;194;191;130;land;false;hills;4
2793;182;182;175;land;false;hills;6
2794;252;237;59;land;false;hills;4
2795;171;241;130;land;false;forest;2
2796;216;148;178;land;false;forest;1
2797;26;251;235;land;false;low_urban;4
2798;240;161;234;land;false;plains;5
2799;252;186;92;land;false;plains;6
2800;253;166;196;land;false;forest;4
2801;106;204;230;land;false;plains;4
2802;232;161;151;land;false;plains;1
2803;232;88;190;land;false;plains;3
2804;242;174;106;land;false;plains;5
2805;232;238;230;land;false;plains;2
2806;252;37;232;land;false;plains;5
2807;241;173;109;land;false;plains;3
2808;252;251;63;land;false;forest;5
2809;234;125;202;land;false;plains;4
2810;186;184;167;land;false;low_urban;4
2811;226;86;208;land;false;low_urban;4
2812;238;155;160;land;false;plains;1
2813;163;197;227;land;false;plains;6
2814;253;91;204;land;false;low_urban;1
2815;224;198;221;land;false;plains;6
2816;247;129;145;land;false;plains;1
2817;88;205;254;land;false;forest;3
2818;98;202;204;land;false;plains;5
2819;101;214;80;land;false;forest;3
2820;252;142;231;land;false;forest;1
2821;143;186;248;land;true;plains;5
2822;204;164;185;land;false;plains;1
2823;187;202;125;land;false;plains;6
2824;239;180;134;land;true;urban;4
2825;200;252;132;land;false;low_urban;4
2826;243;211;159;land;false;forest;1
2827;154;222;129;land;false;plains;4
2828;37;252;228;land;false;hills;3
2829;196;68;241;land;false;low_urban;4
2830;189;218;143;land;false;plains;6
2831;211;169;178;land;false;forest;5
2832;149;234;192;land;false;plains;5
2833;132;234;225;land;false;forest;3
2834;241;179;198;land;false;low_urban;3
2835;204;172;245;land;false;plains;1
2836;142;242;142;land;false;plains;5
2837;230;23;250;land;true;plains;6
2838;76;201;254;land;false;plains;2
2839;230;205;165;land;false;plains;2
2840;159;158;225;land;false;forest;2
2841;209;165;141;land;false;forest;6
2842;238;146;124;land;false;plains;2
2843;245;212;65;land;false;mountain;6
2844;248;242;136;land;true;plains;2
2845;135;197;184;land;true;urban;4
2846;193;196;231;land;false;plains;4
2847;71;224;244;land;false;forest;2
2848;229;138;160;land;false;forest;4
2849;215;191;193;land;false;plains;2
2850;199;175;215;land;false;plains;3
2851;227;137;202;land;false;forest;2
2852;243;170;93;land;true;industrial;2
2853;152;215;187;land;false;plains;1
2854;225;200;138;land;true;plains;1
2855;23;253;241;land;false;plains;1
2856;253;192;239;land;false;forest;1
2857;160;238;243;land;false;plains;6
2858;145;222;223;land;false;low_urban;4
2859;190;183;220;land;false;plains;1
2860;162;194;254;land;false;plains;4
2861;224;237;120;land;false;plains;6
2862;208;252;168;land;false;plains;6
2863;254;187;202;land;false;plains;1
2864;219;182;248;land;false;plains;3
2865;206;219;126;land;false;plains;5
2866;229;177;187;land;false;forest;1
2867;213;214;100;land;false;urban;3
2868;165;215;123;land;false;low_urban;4
2869;225;195;194;land;false;plains;5
2870;233;240;207;land;false;mountain;6
2871;231;189;117;land;true;urban;1
2872;253;226;58;land;false;plains;6
2873;208;230;88;land;false;urban;3
2874;150;219;176;land;false;plains;6
2875;151;225;179;land;true;low_urban;3
2876;236;44;224;land;false;plains;6
2877;112;245;193;land;false;forest;4
2878;175;249;184;land;false;forest;4
2879;175;151;210;land;true;low_urban;3
2880;249;234;130;land;false;plains;1
2881;186;254;247;land;true;forest;5
2882;232;163;133;land;true;plains;2
2883;168;226;131;land;false;plains;6
2884;182;142;243;land;false;low_urban;4
2885;210;226;203;land;false;plains;6
2886;184;249;247;land;false;low_urban;5
2887;128;211;216;land;false;plains;4
2888;193;214;99;land;false;forest;4
2889;238;109;168;land;false;forest;6
2890;199;217;173;land;false;mountain;3
2891;193;124;200;land;true;low_urban;3
2892;243;245;53;land;false;hills;6
2893;109;203;205;land;false;plains;6
2894;83;219;221;land;false;forest;4
2895;48;242;233;land;false;plains;5
2896;247;135;189;land;false;forest;4
2897;138;209;248;land;false;plains;6
2898;211;246;55;land;false;low_urban;2
2899;119;212;183;land;false;forest;2
2900;193;184;150;land;false;plains;1
2901;251;244;58;land;false;forest;5
2902;172;235;230;land;false;hills;4
2903;217;243;130;land;false;plains;3
2904;118;215;176;land;false;forest;1
2905;142;248;220;land;false;hills;4
2906;142;133;237;land;false;plains;3
2907;197;221;147;land;false;plains;5
2908;249;201;63;land;false;urban;3
2909;251;102;253;land;false;plains;6
2910;53;233;232;land;false;low_urban;5
2911;204;191;216;land;false;plains;1
2912;119;186;221;land;false;plains;2
2913;92;189;248;land;false;hills;4
2914;192;248;248;land;false;plains;3
2915;218;151;183;land;false;plains;1
2916;246;250;139;land;false;plains;5
2917;238;58;238;land;false;hills;4
2918;223;128;233;land;false;plains;6
2919;200;193;244;land;false;plains;6
2920;204;150;163;land;false;forest;5
2921;155;185;227;land;false;hills;4
2922;195;148;206;land;false;forest;1
2923;183;232;210;land;false;plains;4
2924;157;158;216;land;false;forest;1
2925;191;205;228;land;false;plains;2
2926;205;254;46;land;false;plains;3
2927;140;196;195;land;false;plains;6
2928;219;131;187;land;false;low_urban;4
2929;135;232;221;land;false;plains;6
2930;251;190;245;land;false;plains;1
2931;216;233;140;land;false;plains;6
2932;250;195;172;land;true;plains;1
2933;243;196;230;land;false;plains;1
2934;118;190;234;land;false;mountain;3
2935;212;209;132;land;false;urban;3
2936;202;230;222;land;false;plains;3
2937;229;250;36;land;false;plains;6
2938;152;129;231;land;false;low_urban;3
2939;162;178;240;land;true;plains;2
2940;185;74;245;land;false;forest;3
2941;210;211;90;land;false;plains;3
2942;181;157;242;land;true;plains;3
2943;184;179;210;land;false;plains;4
2944;168;184;179;land;false;plains;3
2945;216;232;61;land;false;plains;1
2946;85;213;214;land;false;forest;6
2947;226;248;195;land;false;low_urban;1
2948;230;218;215;land;false;plains;6
2949;180;148;204;land;false;plains;6
2950;251;210;73;land;false;low_urban;4
2951;162;176;202;land;false;plains;6
2952;233;55;253;land;false;plains;6
2953;237;174;184;land;false;forest;1
2954;180;118;236;land;false;plains;1
2955;225;231;62;land;false;forest;1
2956;171;247;135;land;false;plains;1
2957;202;112;207;land;false;plains;2
2958;106;204;228;land;false;plains;6
2959;74;233;238;land;false;hills;6
2960;251;89;163;land;false;plains;1
2961;177;150;231;land;false;plains;1
2962;148;133;238;land;false;low_urban;1
2963;208;254;148;land;true;plains;1
2964;240;42;226;land;true;low_urban;1
2965;244;197;156;land;true;plains;6
2966;243;123;203;land;false;low_urban;3
2967;123;240;167;land;false;plains;3
2968;229;132;253;land;true;urban;2
2969;212;202;196;land;false;plains;4
2970;173;246;137;land;false;low_urban;3
2971;207;202;206;land;false;plains;1
2972;240;99;177;land;false;plains;6
2973;214;158;161;land;false;forest;1
2974;248;238;56;land;false;plains;1
2975;195;175;209;land;false;plains;4
2976;56;248;210;land;false;plains;1
2977;117;245;149;land;false;forest;2
2978;224;27;251;land;false;plains;2
2979;192;241;164;land;false;plains;3
2980;160;252;217;land;false;low_urban;5
2981;133;222;189;land;false;plains;2
2982;226;127;214;land;false;urban;4
2983;242;229;72;land;false;plains;6
2984;120;225;162;land;false;forest;4
2985;219;188;142;land;true;plains;5
2986;250;193;229;land;true;forest;5
2987;136;216;193;land;false;low_urban;4
2988;227;133;164;land;false;plains;3
2989;190;98;230;land;false;plains;6
2990;184;254;179;land;false;hills;4
2991;226;241;98;land;false;plains;5
2992;244;251;99;land;false;forest;2
2993;210;252;216;land;false;plains;1
2994;200;174;226;land;false;forest;2
2995;146;164;207;land;false;low_urban;5
2996;150;226;229;land;false;low_urban;3
2997;85;194;227;land;false;plains;4
2998;123;197;198;land;false;plains;6
2999;243;36;253;land;false;low_urban;3
3000;140;216;163;land;false;forest;4
3001;170;131;226;land;false;forest;3
3002;84;215;237;land;false;plains;3
3003;90;219;236;land;false;plains;4
3004;237;221;92;land;false;plains;1
3005;253;185;104;land;false;plains;6
3006;253;227;167;land;false;urban;1
3007;218;154;180;land;false;plains;5
3008;244;94;211;land;false;hills;4
3009;186;97;241;land;false;plains;6
3010;240;174;232;land;false;plains;3
3011;166;230;145;land;false;plains;3
3012;226;208;150;land;false;forest;6
3013;198;217;136;land;false;plains;5
3014;170;89;253;land;false;low_urban;5
3015;153;178;221;land;false;forest;4
3016;226;67;236;land;false;urban;4
3017;137;233;243;land;false;plains;4
3018;246;111;210;land;false;low_urban;3
3019;232;214;75;land;false;plains;4
3020;150;196;155;land;false;plains;6
3021;199;152;179;land;false;plains;5
3022;249;179;198;land;false;hills;3
3023;203;243;136;land;false;plains;4
3024;249;143;124;land;false;plains;1
3025;210;144;177;land;false;plains;6
3026;172;223;171;land;false;forest;5
3027;253;185;193;land;false;urban;4
3028;195;232;189;land;false;plains;2
3029;245;190;183;land;false;plains;4
3030;187;252;194;land;false;forest;3
3031;157;88;89;land;false;low_urban;4
3032;239;197;202;land;true;forest;5
3033;184;232;91;land;false;forest;2
3034;252;147;111;land;false;plains;3
3035;248;220;147;land;false;plains;5
3036;240;85;217;land;false;plains;2
3037;246;205;161;land;false;plains;2
3038;231;172;129;land;false;plains;6
3039;233;153;223;land;false;hills;6
3040;217;102;207;land;false;plains;5
3041;147;241;202;land;false;low_urban;4
3042;157;122;245;land;false;plains;4
3043;96;202;219;land;true;plains;3
3044;230;130;231;land;false;plains;6
3045;200;232;247;land;false;hills;3
3046;195;181;215;land;false;mountain;6
3047;229;234;247;land;false;forest;5
3048;152;245;114;land;false;low_urban;3
3049;73;209;238;land;false;plains;1
3050;191;91;250;land;false;forest;2
3051;187;135;232;land;true;forest;5
3052;160;225;121;land;false;plains;4
3053;205;237;74;land;true;plains;5
3054;203;196;133;land;false;forest;4
3055;209;156;213;land;false;forest;5
3056;231;145;148;land;false;plains;1
3057;208;247;161;land;false;plains;6
3058;248;45;253;land;false;forest;3
3059;244;157;162;land;false;plains;6
3060;184;157;192;land;false;forest;2
3061;159;205;249;land;false;forest;3
3062;210;191;249;land;false;plains;2
3063;33;245;248;land;false;plains;6
3064;110;203;203;land;false;low_urban;4
3065;237;160;170;land;false;plains;3
3066;246;208;155;land;false;plains;6
3067;194;157;201;land;false;plains;4
3068;159;245;129;land;false;plains;2
3069;172;242;116;land;false;plains;1
3070;55;251;225;land;false;plains;3
3071;51;205;251;land;false;forest;2
3072;225;150;139;land;false;plains;3
3073;213;181;214;land;false;plains;1
3074;165;227;123;land;false;urban;5
3075;201;189;140;land;true;forest;1
3076;238;159;104;land;false;plains;5
3077;253;103;182;land;false;plains;2
3078;186;228;207;land;false;plains;2
3079;254;153;188;land;false;plains;4
3080;114;254;247;land;false;urban;4
3081;253;131;164;land;false;plains;4
3082;117;196;249;land;false;plains;6
3083;75;241;198;land;false;forest;1
3084;176;225;114;land;false;plains;4
3085;201;85;235;land;false;plains;5
3086;133;208;172;land;false;low_urban;4
3087;75;244;230;land;false;hills;4
3088;127;237;161;land;true;low_urban;1
3089;184;240;130;land;false;plains;4
3090;198;212;150;land;false;low_urban;4
3091;202;212;116;land;false;plains;5
3092;162;190;181;land;false;plains;4
3093;168;202;238;land;false;mountain;6
3094;253;205;60;land;false;plains;6
3095;205;83;240;land;false;plains;6
3096;179;164;212;land;false;plains;5
3097;202;221;208;land;false;plains;6
3098;160;160;189;land;false;plains;5
3099;233;172;143;land;false;plains;5
3100;195;250;209;land;false;plains;4
3101;250;189;249;land;false;marsh;5
3102;254;45;244;land;false;plains;1
3103;149;248;191;land;false;plains;6
3104;213;245;101;land;false;plains;2
3105;50;251;201;land;false;plains;4
3106;182;222;120;land;false;plains;1
3107;244;204;101;land;false;forest;1
3108;213;233;77;land;false;forest;4
3109;184;156;215;land;false;urban;1
3110;177;237;176;land;false;plains;4
3111;230;244;82;land;false;plains;6
3112;160;146;210;land;false;urban;1
3113;137;207;217;land;false;low_urban;4
3114;240;96;249;land;false;plains;4
3115;242;253;108;land;false;plains;1
3116;234;211;88;land;false;plains;1
3117;149;120;241;land;false;plains;5
3118;215;141;211;land;false;forest;3
3119;199;102;235;land;false;hills;4
3120;136;192;231;land;false;plains;1
3121;233;219;247;land;false;plains;6
3122;238;167;226;land;false;plains;4
3123;152;215;253;land;false;forest;5
3124;156;226;235;land;false;plains;5
3125;235;141;150;land;false;plains;3
3126;114;233;222;land;true;plains;6
3127;199;218;147;land;false;plains;6
3128;160;153;198;land;true;forest;2
3129;157;248;235;land;false;urban;4
3130;102;246;190;land;false;plains;4
3131;176;159;183;land;false;plains;4
3132;215;158;171;land;false;plains;1
3133;243;147;224;land;false;plains;5
3134;135;226;247;land;false;forest;2
3135;224;98;232;land;false;mountain;6
3136;202;188;182;land;false;plains;6
3137;97;227;197;land;false;plains;6
3138;170;195;161;land;false;plains;2
3139;188;207;137;land;false;plains;4
3140;251;170;217;land;false;low_urban;4
3141;251;149;126;land;true;plains;2
3142;184;129;253;land;false;plains;4
3143;197;234;101;land;true;plains;5
3144;195;166;251;land;false;plains;6
3145;247;208;148;land;false;plains;6
3146;251;235;166;land;false;forest;2
3147;181;163;210;land;false;urban;3
3148;243;77;254;land;false;low_urban;5
3149;101;253;242;land;false;hills;4
3150;148;237;241;land;true;plains;4
3151;80;232;228;land;true;plains;5
3152;199;156;188;land;false;plains;6
3153;159;210;196;land;false;forest;4
3154;251;148;194;land;false;plains;5
3155;117;181;220;land;false;plains;2
3156;205;181;146;land;false;forest;4
3157;161;169;188;land;false;low_urban;4
3158;155;224;202;land;false;low_urban;1
3159;180;167;229;land;false;plains;1
3160;215;244;163;land;false;plains;4
3161;200;163;176;land;false;plains;1
3162;180;170;189;land;false;plains;1
3163;231;139;163;land;false;plains;1
3164;147;208;167;land;false;plains;2
3165;137;231;135;land;false;plains;5
3166;63;242;209;land;false;plains;4
3167;156;193;195;land;false;forest;1
3168;172;162;175;land;false;plains;6
3169;119;152;244;land;false;forest;2
3170;252;145;158;land;false;plains;1
3171;219;188;193;land;false;forest;3
3172;109;248;190;land;false;plains;6
3173;240;94;220;land;false;plains;5
3174;216;101;191;land;false;plains;5
3175;229;238;159;land;false;low_urban;4
3176;247;241;184;land;false;plains;6
3177;214;205;91;land;false;plains;2
3178;214;231;66;land;false;forest;2
3179;158;187;211;land;false;forest;1
3180;205;249;183;land;false;forest;2
3181;243;114;210;land;false;plains;6
3182;253;215;36;land;false;plains;6
3183;242;156;113;land;false;plains;2
3184;183;170;240;land;false;low_urban;4
3185;203;168;130;land;false;plains;1
3186;251;112;144;land;false;low_urban;3
3187;203;189;161;land;false;plains;6
3188;150;238;222;land;false;plains;4
3189;183;128;223;land;false;forest;4
3190;225;195;95;land;false;urban;5
3191;233;146;217;land;false;urban;3
3192;226;108;211;land;true;plains;2
3193;113;247;149;land;true;plains;2
3194;244;222;205;land;false;plains;4
3195;248;161;240;land;false;plains;4
3196;212;160;140;land;false;hills;4
3197;215;156;146;land;false;plains;3
3198;226;33;242;land;false;urban;4
3199;108;194;219;land;false;forest;3
3200;173;162;191;land;false;forest;3
3201;176;246;185;land;false;urban;4
3202;232;206;215;land;false;plains;5
3203;119;152;245;land;false;plains;2
3204;229;234;152;land;false;hills;4
3205;248;247;156;land;false;forest;5
3206;60;235;248;land;false;plains;5
3207;133;159;218;land;false;forest;1
3208;209;83;245;land;false;low_urban;5
3209;49;238;222;land;false;urban;5
3210;196;210;96;land;false;low_urban;4
3211;153;174;237;land;false;forest;1
3212;222;173;196;land;false;plains;2
3213;216;241;132;land;false;low_urban;5
3214;173;253;124;land;true;forest;6
3215;219;216;184;land;false;plains;6
3216;239;238;247;land;false;plains;1
3217;159;220;187;land;false;low_urban;5
3218;244;204;162;land;true;plains;5
3219;144;249;226;land;false;hills;4
3220;210;223;212;land;false;plains;1
3221;240;222;86;land;false;plains;5
3222;158;177;199;land;false;plains;4
3223;177;244;91;land;false;plains;6
3224;203;116;189;land;false;plains;6
3225;193;80;249;land;false;low_urban;4
3226;119;214;235;land;true;marsh;5
3227;252;213;43;land;false;plains;1
3228;189;199;252;land;false;hills;3
3229;211;211;125;land;false;plains;6
3230;210;199;191;land;false;forest;4
3231;182;209;115;land;false;plains;6
3232;164;239;163;land;false;plains;1
3233;250;145;137;land;false;plains;4
3234;211;167;180;land;true;plains;5
3235;129;236;242;land;false;plains;3
3236;144;242;181;land;false;low_urban;4
3237;153;233;193;land;false;plains;4
3238;218;241;250;land;true;forest;3
3239;101;229;210;land;false;forest;2
3240;196;85;227;land;false;plains;4
3241;97;188;222;land;false;forest;4
3242;151;206;179;land;true;forest;3
3243;128;253;149;land;false;plains;3
3244;193;188;243;land;false;plains;6
3245;130;199;233;land;false;plains;4
3246;191;156;188;land;false;low_urban;2
3247;147;188;202;land;true;plains;5
3248;247;150;137;land;false;forest;2
3249;207;141;254;land;false;plains;6
3250;125;236;185;land;true;plains;4
3251;206;130;211;land;false;plains;3
3252;94;212;235;land;false;plains;4
3253;129;173;233;land;false;plains;5
3254;187;248;101;land;false;plains;4
3255;253;84;236;land;true;low_urban;1
3256;251;152;127;land;false;plains;6
3257;245;237;210;land;false;plains;5
3258;206;232;149;land;false;plains;1
3259;156;183;241;land;false;plains;6
3260;203;230;172;land;false;plains;3
3261;233;206;187;land;false;plains;4
3262;235;146;187;land;false;urban;4
3263;178;192;165;land;false;urban;6
3264;254;192;199;land;false;low_urban;4
3265;206;241;240;land;false;plains;3
3266;238;189;138;land;false;plains;6
3267;180;182;210;land;false;plains;2
3268;242;70;234;land;false;plains;3
3269;197;253;107;land;false;plains;5
3270;182;160;239;land;false;plains;3
3271;192;131;252;land;false;plains;1
3272;145;185;243;land;true;forest;1
3273;75;181;253;land;false;plains;5
3274;222;149;176;land;false;plains;4
3275;211;195;157;land;false;low_urban;4
3276;109;225;251;land;false;low_urban;3
3277;197;238;150;land;false;hills;3
3278;214;103;212;land;false;urban;4
3279;106;216;242;land;false;plains;4
3280;217;189;115;land;false;hills;3
3281;212;193;98;land;false;plains;4
3282;107;223;232;land;false;plains;2
3283;236;103;220;land;false;plains;2
3284;137;159;218;land;false;forest;4
3285;224;233;231;land;false;plains;4
3286;125;142;252;land;false;forest;4
3287;239;216;138;land;false;industrial;5
3288;240;183;163;land;false;plains;5
3289;176;169;251;land;false;plains;4
3290;199;73;232;land;false;low_urban;3
3291;172;126;226;land;false;plains;4
3292;130;250;253;land;false;low_urban;4
3293;137;203;177;land;false;forest;1
3294;176;252;132;land;true;plains;2
3295;214;184;216;land;false;plains;5
3296;236;112;189;land;false;plains;6
3297;236;52;233;land;false;low_urban;1
3298;202;182;173;land;false;urban;3
3299;113;197;238;land;false;forest;1
3300;85;187;233;land;false;low_urban;3
3301;242;218;48;land;false;plains;6
3302;254;178;251;land;false;low_urban;4
3303;253;197;191;land;false;plains;6
3304;193;228;178;land;false;urban;3
3305;178;74;253;land;false;plains;1
3306;195;224;126;land;false;plains;2
3307;245;37;220;land;false;urban;4
3308;175;190;200;land;true;forest;3
3309;225;207;103;land;false;plains;4
3310;250;60;232;land;true;plains;1
3311;149;177;183;land;false;hills;4
3312;208;248;137;land;false;low_urban;2
3313;158;154;205;land;false;plains;6
3314;136;230;190;land;false;plains;3
3315;242;231;73;land;true;low_urban;5
3316;243;152;146;land;false;plains;6
3317;238;250;54;land;false;plains;4
3318;253;178;128;land;false;plains;1
3319;239;204;152;land;false;plains;6
3320;237;249;192;land;false;hills;4
3321;124;209;201;land;false;low_urban;4
3322;143;241;174;land;false;plains;5
3323;204;226;227;land;false;plains;1
3324;224;155;133;land;false;industrial;4
3325;218;238;91;land;false;low_urban;4
3326;140;145;221;land;true;forest;4
3327;66;252;215;land;false;forest;4
3328;140;154;212;land;false;plains;1
3329;232;233;208;land;false;urban;3
3330;207;155;197;land;false;plains;4
3331;125;195;200;land;false;low_urban;4
3332;198;90;252;land;false;hills;4
3333;213;129;171;land;false;plains;6
3334;141;233;144;land;false;urban;4
3335;249;175;160;land;false;plains;1
3336;158;190;228;land;false;mountain;4
3337;201;219;198;land;false;plains;6
3338;117;230;252;land;false;plains;6
3339;240;232;243;land;false;plains;5
3340;253;183;222;land;false;forest;1
3341;182;180;178;land;false;plains;6
3342;244;96;210;land;false;plains;1
3343;71;247;233;land;true;urban;1
3344;180;235;249;land;false;urban;4
3345;224;225;116;land;false;plains;1
3346;249;229;118;land;false;urban;5
3347;83;171;247;land;false;hills;4
3348;74;254;253;land;false;plains;5
3349;252;230;83;land;false;plains;6
3350;143;245;242;land;false;forest;1
3351;147;252;113;land;false;urban;4
3352;247;203;179;land;false;plains;5
3353;37;230;254;land;true;low_urban;1
3354;164;231;122;land;false;urban;3
3355;199;193;198;land;false;forest;4
3356;223;71;228;land;true;low_urban;2
3357;29;246;246;land;true;urban;3
3358;130;197;223;land;false;urban;1
3359;206;223;220;land;false;plains;2
3360;243;175;115;land;false;forest;1
3361;131;211;167;land;false;forest;5
3362;124;219;174;land;false;plains;5
3363;252;115;178;land;false;plains;6
3364;245;237;119;land;true;forest;2
3365;221;100;180;land;true;urban;3
3366;235;219;58;land;false;plains;1
3367;243;124;145;land;false;urban;1
3368;110;229;208;sea;false;ocean;0
3369;140;246;239;land;false;forest;5
3370;219;168;251;land;false;forest;5
3371;216;217;215;land;false;plains;5
3372;8;113;99;land;false;plains;5
3373;193;206;161;land;false;plains;4
3374;126;219;165;land;false;forest;1
3375;144;203;226;land;true;forest;5
3376;194;134;239;land;false;low_urban;5
3377;120;147;238;land;true;plains;1
3378;174;207;227;land;false;plains;6
3379;208;131;174;land;false;plains;6
3380;246;216;117;land;false;mountain;6
3381;218;87;237;land;false;plains;5
3382;245;198;97;land;false;plains;4
3383;210;191;133;land;false;plains;3
3384;213;157;167;land;false;plains;5
3385;228;203;126;land;false;forest;4
3386;123;229;213;land;true;plains;2
3387;176;251;199;land;false;mountain;6
3388;246;194;94;land;false;forest;1
3389;164;172;195;land;false;plains;4
3390;202;193;240;land;false;plains;5
3391;182;213;188;land;false;forest;4
3392;222;178;225;land;true;urban;3
3393;152;239;238;land;false;plains;1
3394;220;161;218;land;false;plains;6
3395;68;219;231;land;false;forest;5
3396;153;222;201;land;false;plains;1
3397;154;217;236;land;false;hills;4
3398;141;177;246;land;true;low_urban;5
3399;238;108;212;land;false;plains;4
3400;189;215;123;land;false;plains;6
3401;186;205;226;land;false;plains;6
3402;245;90;222;land;false;hills;4
3403;193;205;184;land;false;urban;1
3404;218;149;190;land;false;plains;5
3405;230;234;54;land;false;low_urban;1
3406;181;196;133;land;false;plains;3
3407;227;137;212;land;false;desert;1
3408;128;248;143;land;true;plains;1
3409;210;247;218;land;false;hills;4
3410;242;126;166;land;false;forest;3
3411;242;190;243;land;false;low_urban;4
3412;248;213;248;land;false;low_urban;5
3413;234;234;117;land;false;plains;5
3414;209;117;176;land;false;plains;6
3415;229;196;89;land;false;plains;4
3416;47;251;210;land;false;low_urban;3
3417;198;204;107;land;false;forest;4
3418;191;243;121;land;false;plains;4
3419;248;205;237;land;false;mountain;4
3420;222;147;222;land;false;plains;6
3421;167;210;212;land;true;plains;4
3422;222;221;193;land;false;low_urban;4
3423;69;244;215;land;false;plains;4
3424;40;222;250;land;false;plains;1
3425;162;184;237;land;false;forest;3
3426;238;206;116;land;false;forest;3
3427;205;142;157;land;false;plains;6
3428;253;149;175;land;false;plains;6
3429;185;178;202;land;false;plains;1
3430;174;187;165;land;false;plains;4
3431;219;238;154;land;false;forest;4
3432;187;151;171;land;false;plains;6
3433;245;227;86;land;false;plains;6
3434;210;140;193;land;false;plains;6
3435;253;129;178;land;false;forest;3
3436;145;234;157;land;false;low_urban;4
3437;191;116;206;land;false;plains;3
3438;211;148;239;land;true;plains;1
3439;139;239;156;land;false;forest;2
3440;176;247;145;land;false;plains;3
3441;234;241;93;land;false;plains;4
3442;53;232;246;land;false;low_urban;4
3443;188;134;250;land;false;plains;4
3444;253;127;189;land;false;forest;2
3445;197;252;226;land;false;plains;1
3446;222;129;252;land;false;plains;6
3447;78;201;235;land;false;plains;4
3448;186;201;205;land;false;plains;1
3449;193;232;191;land;false;plains;4
3450;143;248;252;land;false;mountain;4
3451;231;157;220;land;false;plains;1
3452;162;215;133;land;false;low_urban;3
3453;94;209;220;land;false;forest;2
3454;248;124;133;land;false;plains;4
3455;175;147;221;land;false;low_urban;4
3456;124;167;246;land;true;low_urban;3
3457;211;151;160;land;false;plains;6
3458;239;163;223;land;false;plains;5
3459;129;135;238;land;false;plains;4
3460;140;122;240;land;false;plains;3
3461;124;232;209;land;false;plains;5
3462;152;227;167;land;false;plains;6
3463;75;243;221;land;false;hills;4
3464;183;243;241;land;false;plains;5
3465;148;137;222;land;false;low_urban;1
3466;200;213;155;land;false;low_urban;4
3467;251;177;116;land;false;plains;6
3468;192;124;244;land;false;low_urban;4
3469;136;224;183;land;false;forest;3
3470;247;234;215;land;false;plains;4
3471;224;75;211;land;true;marsh;2
3472;146;197;247;land;false;plains;4
3473;153;131;248;land;false;plains;4
3474;172;243;252;land;false;hills;4
3475;198;241;137;land;false;plains;2
3476;244;102;205;land;false;forest;4
3477;254;248;54;land;false;plains;6
3478;75;253;244;land;false;low_urban;5
3479;247;164;250;land;false;forest;5
3480;151;157;222;land;false;forest;2
3481;128;214;234;land;false;plains;6
3482;160;158;206;land;false;plains;3
3483;62;231;240;land;false;plains;6
3484;204;156;192;land;false;forest;6
3485;190;247;92;land;false;plains;1
3486;238;250;237;land;false;hills;4
3487;252;219;196;land;false;plains;1
3488;239;252;220;land;false;forest;1
3489;132;231;196;land;false;plains;5
3490;159;219;152;land;false;plains;1
3491;236;180;248;land;false;plains;1
3492;211;180;253;land;false;forest;4
3493;181;139;208;land;false;plains;6
3494;60;225;219;land;true;forest;4
3495;210;171;126;land;false;plains;4
3496;136;249;181;land;false;plains;4
3497;207;93;230;land;false;plains;6
3498;209;199;120;land;false;plains;6
3499;73;208;253;land;false;plains;4
3500;222;201;227;land;false;forest;5
3501;111;241;189;land;false;plains;1
3502;171;177;245;land;false;plains;1
3503;229;225;161;land;false;plains;4
3504;149;161;229;land;false;urban;2
3505;253;141;153;land;false;forest;4
3506;119;171;212;land;false;forest;2
3507;51;221;235;land;false;plains;6
3508;168;184;201;land;false;forest;4
3509;182;149;224;land;false;plains;2
3510;186;139;239;land;false;plains;6
3511;230;214;69;land;false;forest;4
3512;205;180;176;land;false;forest;5
3513;247;61;237;land;false;plains;1
3514;254;190;113;land;false;plains;2
3515;192;249;123;land;false;urban;3
3516;209;187;156;land;true;plains;3
3517;175;251;75;land;true;plains;6
3518;190;71;254;land;true;plains;6
3519;171;172;230;land;false;plains;6
3520;182;243;124;land;false;low_urban;4
3521;104;247;221;land;false;forest;6
3522;214;170;245;land;false;plains;6
3523;194;232;227;land;false;plains;6
3524;92;228;226;land;false;plains;6
3525;215;190;243;land;true;plains;6
3526;190;139;235;land;false;marsh;6
3527;222;95;230;land;false;plains;2
3528;229;129;198;land;false;plains;2
3529;216;202;204;land;false;plains;2
3530;247;250;235;land;false;plains;2
3531;187;153;191;land;false;plains;2
3532;187;178;159;land;false;forest;2
3533;233;223;53;land;false;plains;6
3534;192;128;244;land;false;plains;2
3535;189;220;187;land;false;plains;6
3536;193;123;200;land;false;plains;5
3537;225;133;188;land;true;plains;2
3538;165;248;170;land;false;plains;6
3539;99;245;168;land;false;urban;2
3540;161;215;156;land;false;forest;2
3541;250;176;227;land;false;plains;2
3542;230;246;230;land;false;plains;5
3543;172;246;242;land;false;low_urban;2
3544;208;122;185;land;false;plains;5
3545;57;243;212;land;false;plains;6
3546;128;216;240;land;false;plains;6
3547;234;239;109;land;false;plains;2
3548;136;157;214;land;false;plains;5
3549;211;206;206;land;false;plains;2
3550;249;123;199;land;false;plains;2
3551;231;211;194;land;false;plains;2
3552;247;200;72;land;true;plains;5
3553;178;244;155;land;true;plains;2
3554;50;250;244;land;false;plains;5
3555;180;130;235;land;false;plains;4
3556;222;130;222;land;false;plains;5
3557;172;239;160;land;false;plains;5
3558;193;114;200;land;false;forest;5
3559;171;225;149;land;false;plains;5
3560;243;162;169;land;false;plains;5
3561;244;123;198;land;false;plains;2
3562;204;123;226;land;false;plains;6
3563;234;229;41;land;false;plains;5
3564;254;131;205;land;false;plains;2
3565;214;245;131;land;false;plains;2
3566;157;248;109;land;false;forest;5
3567;242;230;84;land;false;plains;5
3568;245;89;216;land;false;plains;5
3569;175;177;225;land;false;low_urban;5
3570;207;73;246;land;false;marsh;5
3571;197;107;201;land;true;plains;5
3572;203;124;189;land;false;plains;6
3573;159;197;170;land;false;forest;2
3574;126;250;164;land;false;plains;6
3575;218;229;181;land;false;forest;2
3576;144;141;244;land;false;plains;6
3577;175;221;253;land;false;forest;2
3578;208;80;222;land;false;plains;2
3579;172;165;225;land;false;forest;5
3580;191;160;198;land;false;plains;5
3581;127;198;236;land;false;forest;2
3582;209;168;231;land;false;plains;2
3583;242;109;242;land;true;low_urban;5
3584;109;204;192;land;false;plains;2
3585;254;182;198;land;true;plains;5
3586;154;251;214;land;false;low_urban;5
3587;243;164;243;land;false;plains;6
3588;235;244;66;land;false;plains;5
3589;216;174;244;land;false;forest;2
3590;65;216;234;land;false;plains;6
3591;83;239;191;land;false;plains;5
3592;218;240;217;land;false;forest;2
3593;233;186;89;land;false;forest;2
3594;73;238;213;land;false;plains;5
3595;241;138;141;land;true;forest;5
3596;217;148;200;land;false;plains;5
3597;70;228;214;land;false;plains;2
3598;162;236;120;land;false;plains;2
3599;234;178;174;land;false;forest;2
3600;236;194;71;land;false;plains;1
3601;234;251;21;land;false;plains;5
3602;227;133;159;land;false;plains;2
3603;203;155;167;land;false;plains;6
3604;201;199;111;land;false;plains;2
3605;249;211;94;land;false;plains;2
3606;252;83;254;land;false;plains;5
3607;229;168;208;land;false;plains;5
3608;190;194;117;land;true;forest;5
3609;225;143;164;land;false;plains;6
3610;207;127;236;land;false;forest;1
3611;151;194;161;land;false;forest;1
3612;208;69;241;land;false;low_urban;1
3613;252;208;203;land;false;plains;1
3614;239;77;232;land;false;plains;5
3615;226;237;179;land;false;plains;5
3616;152;153;218;land;false;plains;6
3617;234;188;215;land;false;plains;1
3618;237;198;96;land;false;forest;2
3619;184;245;136;land;true;plains;2
3620;181;212;236;land;false;forest;2
3621;125;235;192;land;true;forest;1
3622;174;99;233;land;false;plains;5
3623;176;127;238;land;false;plains;2
3624;242;124;212;land;true;forest;5
3625;189;119;214;land;false;plains;1
3626;224;191;172;land;false;plains;6
3627;59;238;216;land;false;plains;5
3628;222;133;148;land;false;plains;5
3629;121;254;194;land;false;plains;6
3630;236;254;132;land;false;forest;5
3631;228;144;138;land;false;forest;2
3632;248;144;238;land;false;plains;5
3633;106;199;198;land;false;forest;5
3634;251;161;136;land;false;plains;1
3635;181;101;242;land;true;marsh;5
3636;180;203;220;land;false;plains;1
3637;193;171;180;land;false;forest;5
3638;149;192;215;land;false;forest;1
3639;248;247;25;land;false;plains;1
3640;135;160;218;land;true;plains;1
3641;241;57;230;land;false;marsh;5
3642;184;122;214;land;false;plains;5
3643;82;189;239;land;false;low_urban;5
3644;214;226;152;land;false;plains;2
3645;217;253;122;land;false;plains;2
3646;79;237;229;land;false;plains;6
3647;117;135;253;land;true;plains;2
3648;180;154;245;land;false;urban;1
3649;212;165;232;land;false;forest;5
3650;237;182;99;land;false;plains;2
3651;14;240;254;land;true;forest;2
3652;248;242;179;land;false;low_urban;1
3653;207;163;215;land;true;forest;1
3654;183;226;162;land;false;plains;2
3655;228;115;236;land;false;forest;1
3656;170;240;246;land;false;low_urban;1
3657;226;223;62;land;false;industrial;1
3658;115;152;242;land;false;plains;1
3659;178;215;219;land;false;plains;5
3660;157;247;169;land;false;plains;6
3661;242;228;67;land;false;forest;1
3662;200;230;185;land;true;plains;5
3663;126;219;221;land;false;plains;5
3664;241;115;208;land;false;plains;5
3665;239;235;97;land;false;forest;2
3666;110;252;155;land;false;plains;6
3667;241;245;73;land;false;plains;5
3668;253;228;129;land;false;plains;2
3669;151;198;216;land;false;forest;1
3670;228;62;229;land;false;plains;1
3671;167;245;89;land;false;plains;5
3672;237;228;136;land;false;forest;5
3673;127;215;169;land;false;plains;1
3674;101;168;242;land;false;plains;1
3675;253;109;188;land;false;plains;2
3676;159;219;191;land;false;forest;1
3677;141;173;217;land;false;plains;1
3678;244;254;222;land;false;plains;1
3679;234;95;189;land;false;plains;5
3680;166;173;226;land;false;plains;5
3681;83;197;217;land;false;forest;1
3682;212;154;165;land;false;plains;5
3683;122;230;214;land;false;plains;6
3684;209;236;59;land;false;plains;5
3685;152;177;219;land;false;forest;1
3686;113;208;200;land;true;plains;2
3687;191;206;108;land;false;plains;5
3688;143;238;173;land;false;urban;5
3689;212;232;192;land;false;plains;1
3690;236;84;207;land;false;plains;5
3691;249;105;168;land;false;plains;2
3692;116;209;213;land;false;plains;1
3693;178;134;203;land;false;plains;2
3694;124;236;213;land;false;forest;5
3695;234;138;224;land;false;plains;1
3696;98;237;206;land;false;plains;5
3697;132;240;248;land;false;plains;1
3698;120;178;220;land;false;plains;6
3699;131;233;159;land;false;plains;6
3700;223;226;132;land;false;plains;1
3701;209;231;71;land;false;low_urban;5
3702;101;253;166;land;false;plains;5
3703;252;186;217;land;false;forest;4
3704;100;244;219;land;false;plains;1
3705;154;213;185;land;false;plains;5
3706;189;103;212;land;true;plains;6
3707;140;165;198;land;true;plains;1
3708;244;237;136;land;false;plains;5
3709;243;79;249;land;false;plains;3
3710;204;212;225;land;false;plains;6
3711;141;190;190;land;false;plains;5
3712;218;247;100;land;false;forest;3
3713;46;71;254;land;false;plains;5
3714;234;231;233;land;false;low_urban;1
3715;214;210;123;land;false;plains;6
3716;85;254;209;land;true;plains;1
3717;251;159;128;land;false;plains;1
3718;236;220;189;land;true;plains;5
3719;245;58;205;land;true;forest;5
3720;190;234;204;land;false;plains;5
3721;247;191;96;land;false;plains;3
3722;251;149;119;land;false;plains;1
3723;127;254;165;land;false;plains;5
3724;236;253;44;land;false;low_urban;1
3725;105;242;201;land;false;plains;1
3726;220;116;240;land;false;plains;1
3727;208;232;139;land;false;plains;6
3728;245;119;228;land;true;forest;1
3729;147;174;191;land;false;plains;1
3730;207;132;177;land;false;plains;5
3731;141;204;181;land;true;urban;5
3732;185;198;160;land;false;plains;1
3733;225;87;246;land;false;plains;1
3734;214;253;253;land;false;forest;1
3735;196;235;204;land;false;plains;5
3736;97;182;230;land;true;low_urban;1
3737;222;190;101;land;false;plains;6
3738;103;230;227;land;false;plains;6
3739;247;127;228;land;false;plains;6
3740;238;183;219;land;false;plains;1
3741;105;229;220;land;false;plains;1
3742;253;177;138;land;false;low_urban;1
3743;156;199;172;land;true;marsh;1
3744;139;240;193;land;false;plains;1
3745;191;235;106;land;false;plains;6
3746;169;205;170;land;true;plains;5
3747;249;108;215;land;false;plains;6
3748;202;245;134;land;false;plains;1
3749;186;140;178;land;false;low_urban;5
3750;229;186;148;land;false;plains;5
3751;216;211;143;land;false;plains;6
3752;235;247;241;land;false;low_urban;3
3753;203;207;118;land;true;low_urban;1
3754;140;248;130;land;false;plains;5
3755;155;192;203;land;false;plains;3
3756;210;174;162;land;true;low_urban;5
3757;190;242;220;land;false;plains;5
3758;236;104;221;land;false;plains;1
3759;137;216;199;land;true;plains;1
3760;172;251;240;land;false;low_urban;1
3761;172;174;194;land;false;plains;1
3762;234;218;223;land;false;urban;5
3763;53;237;215;land;false;plains;1
3764;188;185;188;land;false;low_urban;5
3765;139;235;203;land;false;forest;3
3766;74;235;243;land;false;plains;5
3767;80;232;191;land;true;urban;5
3768;232;251;160;land;false;plains;1
3769;67;243;231;land;false;marsh;5
3770;250;121;212;land;false;urban;1
3771;178;185;251;land;false;plains;3
3772;228;233;241;land;true;urban;5
3773;144;180;209;land;false;urban;5
3774;219;204;241;land;false;plains;5
3775;162;151;240;land;false;forest;3
3776;223;58;229;land;false;plains;4
3777;37;241;249;land;false;plains;1
3778;140;202;251;land;false;plains;1
3779;179;167;221;land;false;plains;6
3780;197;190;128;land;false;plains;6
3781;204;166;184;land;false;plains;5
3782;224;204;213;land;false;plains;6
3783;84;243;226;land;true;forest;3
3784;221;168;119;land;false;forest;4
3785;187;112;228;land;false;plains;5
3786;161;231;122;land;false;plains;3
3787;215;253;254;land;false;forest;3
3788;151;249;181;land;false;low_urban;1
3789;50;245;243;land;false;plains;5
3790;192;107;253;land;false;low_urban;5
3791;216;191;184;land;false;forest;4
3792;139;238;245;land;false;plains;6
3793;21;185;101;land;false;plains;1
3794;210;177;174;land;true;plains;4
3795;77;218;229;land;false;low_urban;5
3796;235;150;231;land;false;forest;1
3797;185;211;220;land;false;forest;4
3798;177;252;198;land;false;forest;1
3799;208;254;41;land;false;forest;1
3800;165;203;252;land;false;plains;2
3801;145;170;216;land;false;plains;6
3802;143;220;218;land;false;forest;3
3803;218;206;91;land;false;plains;5
3804;111;203;250;land;false;forest;3
3805;252;121;177;land;false;plains;4
3806;222;173;120;land;false;plains;1
3807;229;181;211;land;false;plains;3
3808;246;232;183;land;false;plains;1
3809;233;120;213;land;false;low_urban;4
3810;235;231;153;land;false;forest;3
3811;236;36;239;land;false;plains;6
3812;156;174;209;land;false;forest;4
3813;170;182;244;land;false;forest;4
3814;170;175;196;land;false;plains;1
3815;213;190;196;land;true;forest;4
3816;127;125;252;land;false;plains;4
3817;251;248;156;land;false;plains;1
3818;242;68;205;land;false;plains;4
3819;109;236;232;land;false;plains;3
3820;157;209;228;land;false;plains;1
3821;222;243;37;land;false;plains;3
3822;193;144;212;land;false;plains;4
3823;159;248;124;land;false;low_urban;1
3824;247;222;66;land;false;plains;1
3825;252;87;241;land;false;plains;4
3826;132;228;236;land;false;urban;1
3827;212;201;229;land;false;plains;3
3828;187;218;160;land;false;plains;1
3829;238;87;214;land;false;low_urban;1
3830;140;229;168;land;true;marsh;1
3831;144;160;199;land;false;plains;4
3832;237;60;208;land;false;plains;6
3833;200;220;115;land;true;plains;3
3834;254;77;180;land;false;plains;3
3835;230;198;90;land;false;marsh;3
3836;110;234;166;land;false;forest;1
3837;200;171;210;land;false;plains;1
3838;126;231;206;land;false;plains;6
3839;180;233;136;land;false;plains;1
3840;160;202;191;land;false;plains;1
3841;181;152;243;land;false;plains;1
3842;137;169;230;land;false;forest;3
3843;151;245;163;land;false;plains;3
3844;243;106;160;land;false;forest;3
3845;205;231;90;land;false;plains;6
3846;44;230;230;land;false;plains;1
3847;226;164;139;land;false;plains;6
3848;157;232;202;land;false;plains;1
3849;116;208;207;land;false;plains;4
3850;249;225;151;land;false;plains;6
3851;178;164;218;land;true;plains;4
3852;219;149;232;land;false;plains;1
3853;200;227;134;land;false;forest;4
3854;137;210;219;land;false;forest;4
3855;145;241;161;land;false;low_urban;1
3856;195;78;248;land;false;forest;1
3857;241;79;247;land;false;forest;1
3858;138;134;252;land;false;forest;4
3859;220;187;247;land;false;plains;4
3860;229;233;145;land;false;forest;1
3861;125;251;185;land;false;plains;4
3862;241;198;212;land;false;forest;1
3863;140;203;245;land;false;plains;6
3864;230;168;128;land;false;low_urban;3
3865;93;160;248;land;false;plains;6
3866;191;133;185;land;false;plains;6
3867;111;162;242;land;false;plains;1
3868;184;212;167;land;false;forest;1
3869;94;251;249;land;false;plains;1
3870;108;151;251;land;false;plains;4
3871;206;239;61;land;false;forest;3
3872;199;149;202;land;false;plains;1
3873;67;237;233;land;false;forest;4
3874;231;248;41;land;false;forest;3
3875;98;195;239;land;false;forest;4
3876;250;57;236;land;false;plains;4
3877;201;240;152;land;false;plains;4
3878;231;168;192;land;false;plains;4
3879;142;144;236;land;false;plains;3
3880;237;169;143;land;false;plains;3
3881;222;220;101;land;false;forest;1
3882;94;174;249;land;true;plains;4
3883;220;151;166;land;false;plains;6
3884;189;162;252;land;true;plains;3
3885;157;254;227;land;false;forest;4
3886;224;207;94;land;false;urban;4
3887;218;206;184;land;false;low_urban;3
3888;146;215;241;land;false;plains;3
3889;213;225;216;land;false;plains;6
3890;187;132;239;land;false;urban;4
3891;184;222;156;land;false;plains;6
3892;97;250;176;land;false;low_urban;4
3893;137;222;163;land;false;forest;4
3894;179;234;135;land;false;low_urban;4
3895;147;196;164;land;false;low_urban;3
3896;104;253;187;land;false;plains;1
3897;96;208;212;land;false;hills;3
3898;216;164;137;land;false;forest;1
3899;244;160;251;land;false;low_urban;4
3900;237;203;156;land;false;plains;4
3901;199;231;160;land;false;low_urban;3
3902;184;162;165;land;false;plains;4
3903;168;225;162;land;false;plains;4
3904;153;201;250;land;false;plains;1
3905;102;250;216;land;false;forest;4
3906;230;119;218;land;false;urban;4
3907;218;254;175;land;true;plains;3
3908;235;138;185;land;false;plains;4
3909;209;217;191;land;false;urban;6
3910;199;208;218;land;false;plains;6
3911;253;141;164;land;false;plains;4
3912;217;226;137;land;false;plains;6
3913;245;219;129;land;false;forest;4
3914;246;57;206;land;false;low_urban;4
3915;229;149;224;land;false;plains;4
3916;211;175;148;land;false;plains;3
3917;230;64;246;land;false;plains;3
3918;150;235;142;land;false;plains;4
3919;251;186;146;land;false;plains;6
3920;201;201;191;land;false;mountain;3
3921;235;110;249;land;false;urban;4
3922;168;181;213;land;false;urban;4
3923;218;126;236;land;false;plains;3
3924;245;225;146;land;false;plains;6
3925;242;61;254;land;false;forest;4
3926;142;214;236;land;false;plains;3
3927;221;192;211;land;false;plains;4
3928;96;184;247;land;false;urban;4
3929;227;231;115;land;false;forest;3
3930;240;177;188;land;false;plains;4
3931;253;218;251;land;false;plains;4
3932;176;90;249;land;false;plains;6
3933;208;165;217;land;false;plains;3
3934;82;222;250;land;false;low_urban;4
3935;208;113;200;land;false;plains;4
3936;159;153;237;land;false;hills;3
3937;170;149;212;land;false;forest;4
3938;183;125;225;land;false;hills;6
3939;237;208;191;land;false;plains;3
3940;230;176;128;land;false;forest;4
3941;180;222;142;land;true;low_urban;3
3942;209;196;102;land;false;mountain;3
3943;118;231;163;land;false;low_urban;4
3944;236;197;108;land;false;hills;3
3945;161;250;220;land;false;urban;4
3946;207;203;157;land;false;forest;4
3947;177;223;135;sea;false;ocean;0
3948;246;127;200;land;false;forest;4
3949;126;221;172;land;false;plains;4
3950;230;96;223;land;true;low_urban;4
3951;192;157;216;land;false;plains;3
3952;109;221;235;land;false;low_urban;4
3953;151;127;242;land;false;plains;4
3954;56;250;207;land;false;forest;3
3955;197;111;210;land;false;plains;4
3956;252;253;140;land;false;mountain;3
3957;213;222;251;land;false;urban;4
3958;218;248;172;land;false;plains;4
3959;113;200;210;land;false;forest;4
3960;247;173;117;land;false;mountain;3
3961;224;207;252;land;false;plains;4
3962;215;195;99;land;true;plains;4
3963;164;214;170;land;false;hills;3
3964;204;174;139;land;false;plains;3
3965;220;183;106;land;false;forest;4
3966;198;171;155;land;false;forest;4
3967;101;218;210;land;false;low_urban;4
3968;239;149;238;land;false;low_urban;3
3969;244;184;157;land;false;low_urban;3
3970;120;241;228;land;false;plains;3
3971;238;111;252;land;false;forest;4
3972;44;220;253;land;false;forest;4
3973;228;211;86;land;false;low_urban;4
3974;213;69;223;land;false;plains;6
3975;234;53;225;land;false;plains;4
3976;201;95;227;land;false;plains;6
3977;249;28;232;land;false;plains;6
3978;115;224;231;land;true;industrial;4
3979;117;231;233;land;false;mountain;3
3980;60;236;209;land;false;plains;4
3981;201;174;218;land;true;low_urban;3
3982;190;212;127;land;true;plains;4
3983;226;223;201;land;false;mountain;3
3984;253;253;169;land;false;plains;4
3985;250;234;104;land;false;forest;4
3986;218;142;188;land;false;urban;3
3987;104;230;233;land;false;plains;3
3988;203;201;211;land;false;low_urban;4
3989;183;170;156;land;false;forest;6
3990;197;204;112;land;false;plains;3
3991;245;248;193;land;false;plains;3
3992;99;235;209;land;false;plains;6
3993;227;224;132;land;false;plains;4
3994;249;189;152;land;false;plains;4
3995;149;216;195;land;false;low_urban;3
3996;221;100;236;land;false;plains;4
3997;200;155;187;land;false;low_urban;3
3998;187;222;236;land;false;low_urban;3
3999;205;143;254;land;false;plains;4
4000;190;134;181;land;false;plains;4
4001;191;175;235;land;false;plains;4
4002;167;248;191;land;false;forest;4
4003;194;219;109;land;false;plains;3
4004;246;178;80;land;true;forest;3
4005;225;35;252;land;false;low_urban;3
4006;209;189;104;land;false;urban;4
4007;184;190;238;land;false;low_urban;3
4008;193;236;227;land;true;plains;4
4009;235;173;250;land;false;forest;4
4010;147;176;241;land;false;low_urban;4
4011;234;142;224;land;false;urban;4
4012;250;126;192;land;false;urban;3
4013;232;233;251;land;false;plains;4
4014;182;156;172;land;false;plains;4
4015;41;250;225;land;false;plains;6
4016;236;154;188;land;false;plains;4
4017;237;226;119;land;false;plains;6
4018;155;156;198;land;false;plains;3
4019;171;123;218;land;false;urban;4
4020;219;151;164;land;false;urban;3
4021;197;158;160;land;false;plains;6
4022;188;148;200;land;false;urban;3
4023;241;137;159;land;false;urban;3
4024;164;135;252;land;false;forest;4
4025;109;219;253;land;false;hills;3
4026;192;191;254;land;false;urban;4
4027;189;79;253;land;false;plains;4
4028;124;180;204;land;false;low_urban;3
4029;132;227;168;land;false;plains;6
4030;96;216;219;land;false;urban;3
4031;238;163;100;land;false;low_urban;4
4032;247;142;148;land;false;forest;4
4033;252;121;153;land;false;urban;3
4034;158;176;239;land;false;forest;3
4035;210;175;197;land;false;plains;3
4036;239;129;196;land;false;plains;4
4037;205;183;177;land;false;plains;4
4038;239;155;111;land;false;low_urban;4
4039;240;252;48;land;false;plains;4
4040;252;95;177;land;false;low_urban;4
4041;142;227;208;land;false;plains;4
4042;217;246;132;land;false;plains;4
4043;201;213;184;land;false;plains;6
4044;112;250;152;land;false;plains;6
4045;253;117;134;land;false;low_urban;4
4046;224;132;248;land;false;low_urban;4
4047;223;146;159;land;false;urban;3
4048;32;241;252;land;false;low_urban;3
4049;169;243;112;land;false;plains;4
4050;203;172;126;land;false;forest;4
4051;231;236;226;land;false;urban;4
4052;220;213;240;land;false;plains;4
4053;199;234;137;land;false;urban;4
4054;225;110;193;land;false;low_urban;4
4055;230;169;138;land;false;low_urban;3
4056;237;200;80;land;false;forest;3
4057;224;223;193;land;false;forest;4
4058;236;103;222;land;true;low_urban;4
4059;249;80;252;land;false;plains;6
4060;222;228;215;land;false;plains;3
4061;142;185;181;land;false;plains;3
4062;146;234;134;land;true;urban;4
4063;153;240;165;land;false;low_urban;3
4064;162;219;136;land;false;plains;4
4065;248;101;204;land;false;plains;4
4066;226;68;253;land;false;hills;4
4067;238;85;244;land;false;hills;6
4068;236;220;180;land;false;urban;4
4069;153;241;236;land;false;plains;4
4070;172;233;169;land;false;urban;4
4071;155;253;254;land;false;plains;6
4072;226;79;201;land;false;plains;6
4073;208;187;141;land;false;hills;4
4074;66;188;253;land;false;urban;3
4075;166;190;244;land;false;low_urban;4
4076;223;219;195;land;false;hills;4
4077;226;204;204;land;false;plains;4
4078;189;216;196;land;false;plains;6
4079;144;229;172;land;false;plains;4
4080;47;230;250;land;false;low_urban;3
4081;214;85;232;land;false;plains;6
4082;92;240;171;land;false;plains;4
4083;140;172;252;land;false;hills;6
4084;203;170;245;land;false;forest;6
4085;229;180;247;land;false;forest;6
4086;219;157;187;land;false;low_urban;4
4087;217;242;253;land;false;hills;4
4088;192;240;244;land;false;hills;4
4089;233;247;134;land;false;marsh;4
4090;203;242;197;land;false;plains;4
4091;188;155;254;land;false;mountain;6
4092;230;249;216;land;false;hills;4
4093;132;145;252;land;false;low_urban;4
4094;215;170;133;land;false;hills;4
4095;242;198;191;land;false;hills;4
4096;225;172;144;land;false;low_urban;4
4097;240;202;80;land;false;plains;4
4098;248;164;253;land;false;hills;4
4099;223;154;205;land;false;plains;4
4100;111;185;233;land;false;urban;4
4101;246;244;95;land;false;plains;4
4102;168;251;84;land;false;low_urban;4
4103;128;224;185;land;false;urban;4
4104;180;116;245;land;false;mountain;6
4105;236;184;180;land;false;urban;4
4106;254;144;164;land;false;hills;4
4107;191;114;221;land;false;plains;4
4108;68;241;230;land;false;mountain;4
4109;236;210;254;land;false;mountain;4
4110;244;131;198;land;false;hills;4
4111;198;215;253;land;false;mountain;4
4112;198;209;212;land;false;hills;4
4113;218;232;57;land;false;mountain;4
4114;232;77;203;land;false;plains;6
4115;207;179;123;land;false;mountain;4
4116;252;69;239;land;false;mountain;4
4117;196;244;152;land;false;plains;6
4118;212;198;166;land;false;plains;4
4119;246;61;252;land;false;plains;6
4120;228;240;119;land;false;low_urban;4
4121;220;235;95;land;false;low_urban;4
4122;254;203;76;land;false;hills;4
4123;91;208;247;land;false;urban;4
4124;197;249;201;land;false;mountain;4
4125;223;41;254;land;false;plains;4
4126;248;180;126;land;false;mountain;4
4127;215;217;234;land;false;low_urban;4
4128;165;205;219;land;false;hills;4
4129;171;166;203;land;false;mountain;4
4130;235;85;209;land;false;forest;6
4131;211;236;109;land;false;plains;6
4132;223;224;119;land;false;plains;6
4133;197;69;251;land;false;hills;6
4134;181;182;155;land;false;plains;6
4135;193;249;74;land;false;plains;6
4136;250;189;82;land;false;plains;6
4137;220;116;234;land;false;plains;6
4138;33;246;254;land;false;plains;6
4139;201;185;123;land;false;plains;6
4140;191;212;206;land;false;plains;4
4141;244;159;122;land;false;plains;6
4142;148;191;176;land;false;hills;6
4143;197;218;95;land;false;plains;6
4144;122;139;245;land;false;low_urban;4
4145;208;225;131;land;false;plains;6
4146;232;125;180;land;false;plains;6
4147;194;143;213;land;false;mountain;6
4148;208;193;177;land;false;plains;6
4149;208;201;175;land;false;plains;6
4150;245;209;174;land;false;plains;6
4151;233;168;228;land;false;plains;6
4152;59;222;240;land;false;plains;6
4153;222;219;83;land;false;plains;6
4154;250;249;67;land;false;plains;6
4155;119;254;164;land;false;plains;6
4156;75;199;241;land;false;mountain;6
4157;249;221;251;land;false;plains;6
4158;246;209;209;land;true;forest;6
4159;122;128;254;land;false;plains;6
4160;235;82;244;land;true;plains;6
4161;207;211;215;land;true;plains;6
4162;162;229;240;land;true;plains;6
4163;158;220;168;land;true;plains;6
4164;219;96;244;land;false;plains;5
4165;238;154;192;land;true;plains;2
4166;85;178;248;land;false;plains;6
4167;254;90;228;land;true;plains;2
4168;130;254;164;land;true;industrial;2
4169;182;141;203;land;true;plains;6
4170;221;109;186;land;true;plains;6
4171;249;101;167;land;false;plains;6
4172;249;102;166;land;false;plains;6
4173;60;21;0;sea;false;ocean;0
4174;20;26;36;sea;false;ocean;0
4175;5;3;61;sea;false;ocean;0
4176;36;2;6;land;false;plains;6
4177;0;82;16;land;false;forest;5
4178;50;26;23;sea;false;ocean;0
4179;17;38;28;land;false;plains;6
4180;1;11;16;land;false;plains;4
4181;39;5;21;sea;false;ocean;0
4182;6;32;17;sea;false;ocean;0
4183;25;13;49;sea;false;ocean;0
4184;10;60;10;land;false;plains;6
4185;4;21;36;land;false;forest;5
4186;10;56;1;land;false;forest;5
4187;4;57;20;land;false;plains;5
4188;12;17;30;lake;false;lakes;0
4189;24;3;24;sea;false;ocean;0
4190;45;11;30;sea;false;ocean;0
4191;37;28;23;lake;false;lakes;0
4192;20;42;30;land;false;plains;5
4193;45;10;8;sea;false;ocean;0
4194;31;8;1;sea;false;ocean;0
4195;20;24;16;lake;false;lakes;0
4196;15;5;12;sea;false;ocean;0
4197;29;47;4;sea;false;ocean;0
4198;27;34;6;sea;false;ocean;0
4199;6;30;19;land;false;plains;6
4200;37;57;0;land;false;low_urban;1
4201;2;95;1;land;false;forest;5
4202;65;5;8;sea;false;ocean;0
4203;0;21;21;sea;false;ocean;0
4204;28;11;30;land;false;plains;5
4205;24;12;0;sea;false;ocean;0
4206;29;43;8;sea;false;ocean;0
4207;18;29;0;land;false;forest;5
4208;23;66;9;sea;false;ocean;0
4209;12;0;79;sea;false;ocean;0
4210;7;7;43;sea;false;ocean;0
4211;2;4;74;land;false;plains;5
4212;10;39;6;sea;false;ocean;0
4213;19;49;4;land;false;plains;6
4214;17;5;39;land;false;plains;5
4215;12;64;11;land;false;plains;5
4216;24;24;28;sea;false;ocean;0
4217;6;40;19;sea;false;ocean;0
4218;50;26;15;land;false;plains;6
4219;23;17;52;sea;false;ocean;0
4220;37;37;20;sea;false;ocean;0
4221;46;29;15;lake;false;lakes;0
4222;7;53;20;land;false;plains;3
4223;25;14;10;sea;false;ocean;0
4224;41;30;12;land;false;plains;6
4225;65;11;8;land;false;plains;4
4226;144;192;104;land;false;plains;4
4227;11;45;24;land;false;plains;5
4228;63;18;4;land;false;plains;5
4229;16;15;21;land;false;forest;5
4230;13;0;43;land;false;plains;6
4231;0;17;76;land;true;plains;5
4232;53;7;29;sea;false;ocean;0
4233;5;12;33;sea;false;ocean;0
4234;0;27;37;land;false;plains;5
4235;10;7;65;sea;false;ocean;0
4236;9;17;62;land;false;plains;3
4237;21;17;31;land;false;plains;5
4238;6;17;55;land;false;plains;5
4239;16;27;30;land;false;forest;5
4240;55;5;13;sea;false;ocean;0
4241;11;12;10;sea;false;ocean;0
4242;1;7;18;land;true;plains;4
4243;43;12;14;land;false;plains;6
4244;24;36;12;sea;false;ocean;0
4245;30;5;12;land;false;plains;5
4246;10;10;24;land;false;urban;4
4247;5;39;5;sea;false;ocean;0
4248;13;12;60;land;false;forest;5
4249;30;43;3;land;false;plains;6
4250;0;38;53;land;false;plains;5
4251;43;24;7;lake;false;lakes;0
4252;19;11;69;land;false;plains;6
4253;17;25;23;sea;false;ocean;0
4254;20;0;6;land;false;plains;5
4255;40;19;37;sea;false;ocean;0
4256;24;45;15;sea;false;ocean;0
4257;2;35;30;land;false;plains;5
4258;55;24;18;land;false;forest;5
4259;10;9;77;land;false;plains;4
4260;16;32;38;land;true;industrial;6
4261;31;14;9;land;false;plains;5
4262;9;73;12;land;true;industrial;2
4263;6;1;27;land;false;forest;4
4264;35;41;22;sea;false;ocean;0
4265;10;6;68;land;true;forest;5
4266;54;9;30;sea;false;ocean;0
4267;4;65;20;sea;false;ocean;0
4268;24;29;15;sea;false;ocean;0
4269;11;70;1;land;false;plains;4
4270;3;54;42;sea;false;ocean;0
4271;47;19;9;land;false;plains;5
4272;3;15;56;sea;false;ocean;0
4273;4;25;5;sea;false;ocean;0
4274;43;25;0;sea;false;ocean;0
4275;23;66;2;land;false;forest;5
4276;5;19;17;sea;false;ocean;0
4277;28;21;13;sea;false;ocean;0
4278;11;37;6;land;true;low_urban;6
4279;20;2;44;sea;false;ocean;0
4280;86;0;0;land;false;plains;5
4281;73;10;12;sea;false;ocean;0
4282;23;48;6;sea;false;ocean;0
4283;19;58;3;land;false;plains;5
4284;21;1;47;sea;false;ocean;0
4285;9;5;52;land;false;plains;6
4286;47;34;5;sea;false;ocean;0
4287;8;25;9;land;false;forest;5
4288;12;12;62;land;false;plains;5
4289;11;2;42;land;false;plains;5
4290;62;3;14;land;false;plains;5
4291;7;41;41;land;false;forest;5
4292;16;3;76;land;true;industrial;6
4293;25;1;42;land;false;plains;3
4294;34;0;61;land;false;plains;5
4295;9;3;21;sea;false;ocean;0
4296;15;59;3;sea;false;ocean;0
4297;0;22;46;sea;false;ocean;0
4298;48;19;31;land;false;plains;5
4299;25;52;4;land;false;forest;5
4300;25;66;2;sea;false;ocean;0
4301;6;23;28;sea;false;ocean;0
4302;20;33;31;sea;false;ocean;0
4303;24;28;40;sea;false;ocean;0
4304;0;43;36;sea;false;ocean;0
4305;40;18;5;sea;false;ocean;0
4306;27;5;49;land;false;plains;5
4307;38;4;12;land;false;plains;5
4308;53;21;18;land;false;plains;5
4309;2;8;53;land;false;plains;6
4310;4;17;48;sea;false;ocean;0
4311;44;12;34;land;false;plains;5
4312;4;20;48;land;false;plains;5
4313;15;37;28;land;false;plains;5
4314;13;13;14;land;true;plains;5
4315;27;12;26;land;false;plains;4
4316;0;0;91;land;true;plains;5
4317;11;24;21;land;false;plains;5
4318;70;10;2;land;false;plains;5
4319;26;28;18;land;false;plains;5
4320;37;14;0;land;true;plains;5
4321;31;30;24;sea;false;ocean;0
4322;21;57;12;sea;false;ocean;0
4323;6;6;69;land;false;plains;5
4324;13;16;60;land;true;forest;5
4325;9;82;6;land;false;plains;5
4326;18;61;17;land;false;forest;5
4327;13;22;13;land;false;forest;5
4328;42;8;36;land;false;forest;5
4329;6;25;64;land;false;forest;5
4330;20;59;8;land;true;plains;6
4331;0;3;70;land;false;plains;6
4332;37;44;5;land;false;low_urban;1
4333;0;2;63;land;true;plains;5
4334;46;23;28;land;false;forest;5
4335;2;31;4;sea;false;ocean;0
4336;9;83;6;land;false;forest;5
4337;42;33;13;land;false;plains;5
4338;15;8;13;land;false;plains;5
4339;11;74;11;sea;false;ocean;0
4340;22;4;40;sea;false;ocean;0
4341;14;11;11;sea;false;ocean;0
4342;0;18;63;land;true;plains;5
4343;42;17;1;sea;false;ocean;0
4344;13;8;61;land;false;low_urban;5
4345;19;6;61;land;false;plains;5
4346;80;12;1;land;false;plains;5
4347;15;25;22;sea;false;ocean;0
4348;3;29;66;sea;false;ocean;0
4349;27;17;10;sea;false;ocean;0
4350;3;28;59;sea;false;ocean;0
4351;24;48;13;land;false;plains;5
4352;1;64;28;land;false;plains;6
4353;33;51;6;sea;false;ocean;0
4354;31;36;9;sea;false;ocean;0
4355;1;21;52;sea;false;ocean;0
4356;56;37;1;sea;false;ocean;0
4357;30;51;11;land;false;plains;5
4358;46;19;29;land;false;plains;5
4359;22;8;48;land;false;plains;6
4360;8;11;70;sea;false;ocean;0
4361;9;20;49;land;false;forest;4
4362;6;41;43;land;false;plains;5
4363;32;22;40;land;false;plains;5
4364;9;23;27;sea;false;ocean;0
4365;59;23;4;sea;false;ocean;0
4366;0;49;39;sea;false;ocean;0
4367;3;21;57;sea;false;ocean;0
4368;4;61;22;land;true;plains;6
4369;48;30;17;land;false;plains;5
4370;8;13;17;sea;false;ocean;0
4371;40;1;27;land;true;plains;6
4372;64;9;3;land;false;plains;5
4373;5;55;22;sea;false;ocean;0
4374;9;4;49;sea;false;ocean;0
4375;46;28;21;sea;false;ocean;0
4376;0;23;5;sea;false;ocean;0
4377;42;30;10;sea;false;ocean;0
4378;5;45;27;sea;false;ocean;0
4379;16;41;10;land;false;plains;5
4380;5;16;75;sea;false;ocean;0
4381;2;16;6;sea;false;ocean;0
4382;0;1;19;sea;false;ocean;0
4383;1;22;16;sea;false;ocean;0
4384;5;24;27;sea;false;ocean;0
4385;16;27;15;sea;false;ocean;0
4386;50;4;28;land;false;forest;3
4387;36;4;10;land;true;plains;5
4388;25;33;5;sea;false;ocean;0
4389;36;21;1;sea;false;ocean;0
4390;6;28;10;sea;false;ocean;0
4391;34;5;24;land;false;forest;5
4392;53;40;2;sea;false;ocean;0
4393;2;49;9;land;true;plains;5
4394;17;12;60;land;true;forest;5
4395;21;46;16;land;false;forest;4
4396;56;29;2;sea;false;ocean;0
4397;44;7;1;land;false;plains;6
4398;2;56;21;land;false;plains;5
4399;21;22;23;sea;false;ocean;0
4400;62;28;9;land;false;plains;6
4401;7;10;36;land;true;plains;5
4402;2;7;9;sea;false;ocean;0
4403;21;60;12;land;false;plains;3
4404;16;38;20;land;false;plains;6
4405;42;16;30;sea;false;ocean;0
4406;39;6;26;sea;false;ocean;0
4407;22;0;31;sea;false;ocean;0
4408;23;35;4;land;false;plains;5
4409;12;24;51;sea;false;ocean;0
4410;9;0;6;sea;false;ocean;0
4411;8;42;24;sea;false;ocean;0
4412;49;46;2;sea;false;ocean;0
4413;46;8;33;sea;false;ocean;0
4414;4;7;6;land;true;plains;2
4415;30;3;6;sea;false;ocean;0
4416;13;35;15;land;false;plains;6
4417;31;0;59;land;false;low_urban;3
4418;40;45;11;lake;false;lakes;0
4419;36;42;15;land;false;forest;5
4420;19;15;9;land;false;plains;3
4421;14;34;6;land;false;forest;5
4422;29;18;47;land;true;plains;4
4423;67;7;20;land;false;plains;5
4424;10;38;23;sea;false;ocean;0
4425;50;28;5;land;true;plains;6
4426;2;26;51;land;false;plains;5
4427;12;42;31;land;false;plains;5
4428;30;31;1;land;true;plains;5
4429;69;14;15;sea;false;ocean;0
4430;17;10;70;land;false;low_urban;1
4431;4;48;23;sea;false;ocean;0
4432;53;14;31;land;false;plains;5
4433;17;29;39;sea;false;ocean;0
4434;0;28;52;land;false;urban;4
4435;26;42;1;land;false;forest;4
4436;19;18;11;sea;false;ocean;0
4437;25;2;53;sea;false;ocean;0
4438;64;19;7;land;false;plains;4
4439;7;16;44;land;false;plains;5
4440;31;21;38;land;false;forest;5
4441;2;54;20;land;false;low_urban;5
4442;13;45;27;land;false;plains;5
4443;21;9;56;sea;false;ocean;0
4444;31;14;53;land;true;urban;6
4445;50;28;4;sea;false;ocean;0
4446;0;30;9;land;false;forest;5
4447;3;31;53;sea;false;ocean;0
4448;10;10;43;sea;false;ocean;0
4449;49;10;24;sea;false;ocean;0
4450;17;4;1;sea;false;ocean;0
4451;71;11;13;land;false;plains;5
4452;31;50;12;sea;false;ocean;0
4453;14;10;29;sea;false;ocean;0
4454;45;43;10;sea;false;ocean;0
4455;92;99;104;land;true;forest;4
4456;23;1;24;sea;false;ocean;0
4457;1;6;49;land;false;forest;5
4458;13;24;6;sea;false;ocean;0
4459;20;3;21;sea;false;ocean;0
4460;12;5;41;land;true;forest;5
4461;25;12;11;sea;false;ocean;0
4462;53;8;3;land;false;plains;5
4463;11;21;28;sea;false;ocean;0
4464;30;31;20;sea;false;ocean;0
4465;3;36;47;land;false;plains;4
4466;22;5;52;land;false;low_urban;5
4467;15;28;14;land;true;plains;3
4468;29;66;0;land;false;forest;5
4469;56;33;0;land;false;plains;6
4470;37;32;15;sea;false;ocean;0
4471;2;8;37;land;false;plains;4
4472;1;25;8;sea;false;ocean;0
4473;26;35;32;land;false;forest;3
4474;2;24;57;land;false;plains;3
4475;33;18;20;land;false;plains;4
4476;22;73;4;sea;false;ocean;0
4477;43;6;44;land;true;plains;5
4478;6;67;23;land;false;plains;4
4479;38;21;4;sea;false;ocean;0
4480;48;3;4;sea;false;ocean;0
4481;21;16;39;land;true;urban;1
4482;28;28;21;land;false;plains;5
4483;13;2;16;land;false;plains;5
4484;5;69;24;sea;false;ocean;0
4485;20;37;23;land;false;plains;5
4486;47;6;42;land;false;plains;5
4487;14;15;53;sea;false;ocean;0
4488;31;30;15;land;false;marsh;5
4489;49;0;32;sea;false;ocean;0
4490;17;27;47;sea;false;ocean;0
4491;20;39;15;sea;false;ocean;0
4492;16;31;3;land;false;plains;5
4493;17;14;41;land;false;plains;6
4494;57;18;8;land;false;plains;5
4495;49;9;16;land;true;forest;5
4496;90;6;2;lake;false;lakes;0
4497;31;7;50;sea;false;ocean;0
4498;0;36;3;land;false;plains;6
4499;12;3;70;sea;false;ocean;0
4500;18;18;23;land;false;plains;5
4501;20;35;28;sea;false;ocean;0
4502;46;7;12;sea;false;ocean;0
4503;55;16;8;land;false;plains;5
4504;45;11;18;sea;false;ocean;0
4505;22;9;13;sea;false;ocean;0
4506;3;42;1;lake;false;lakes;0
4507;19;2;22;sea;false;ocean;0
4508;51;5;10;sea;false;ocean;0
4509;21;38;0;land;false;plains;3
4510;29;28;28;sea;false;ocean;0
4511;23;2;62;land;false;plains;3
4512;1;26;31;land;false;plains;6
4513;15;26;33;sea;false;ocean;0
4514;21;26;51;land;false;plains;5
4515;42;40;8;sea;false;ocean;0
4516;22;5;45;sea;false;ocean;0
4517;14;47;27;land;false;plains;6
4518;6;3;17;land;false;plains;5
4519;52;14;8;sea;false;ocean;0
4520;69;10;11;land;true;desert;2
4521;14;27;52;land;true;plains;5
4522;63;7;18;land;false;forest;6
4523;10;60;27;land;false;plains;5
4524;45;25;13;land;true;industrial;6
4525;42;4;49;land;false;plains;4
4526;49;29;19;land;false;plains;5
4527;9;46;20;land;false;plains;5
4528;59;21;18;land;false;plains;5
4529;58;2;15;sea;false;ocean;0
4530;48;5;43;sea;false;ocean;0
4531;12;36;20;sea;false;ocean;0
4532;12;11;61;sea;false;ocean;0
4533;7;71;14;land;false;plains;6
4534;13;60;25;sea;false;ocean;0
4535;17;27;23;land;false;plains;5
4536;43;17;22;sea;false;ocean;0
4537;18;33;18;land;false;plains;5
4538;22;11;52;land;false;plains;5
4539;24;12;12;sea;false;ocean;0
4540;23;40;28;land;false;forest;5
4541;20;23;26;sea;false;ocean;0
4542;51;6;37;land;false;plains;5
4543;67;3;19;land;false;plains;5
4544;24;18;53;land;false;marsh;5
4545;7;71;16;land;false;plains;5
4546;14;16;67;sea;false;ocean;0
4547;50;7;0;lake;false;lakes;0
4548;54;37;0;land;false;forest;5
4549;3;25;16;land;false;plains;5
4550;7;19;54;land;false;plains;5
4551;5;86;8;sea;false;ocean;0
4552;48;12;18;sea;false;ocean;0
4553;60;5;32;land;false;forest;5
4554;21;23;26;land;false;marsh;5
4555;13;57;0;sea;false;ocean;0
4556;25;23;3;sea;false;ocean;0
4557;33;20;10;land;false;forest;5
4558;0;43;6;land;false;forest;5
4559;30;47;12;sea;false;ocean;0
4560;7;24;30;land;true;plains;5
4561;7;31;48;land;false;plains;5
4562;34;7;32;land;false;plains;6
4563;0;37;38;land;false;plains;5
4564;4;24;38;land;false;marsh;5
4565;45;0;28;land;true;plains;5
4566;25;14;54;sea;false;ocean;0
4567;28;29;35;land;false;plains;6
4568;4;80;8;sea;false;ocean;0
4569;17;12;45;sea;false;ocean;0
4570;20;15;46;land;false;forest;5
4571;12;7;15;sea;false;ocean;0
4572;30;64;2;sea;false;ocean;0
4573;41;24;34;sea;false;ocean;0
4574;43;4;5;land;false;forest;5
4575;55;5;7;land;true;urban;6
4576;11;25;5;sea;false;ocean;0
4577;2;42;55;land;false;forest;5
4578;20;12;49;land;false;plains;5
4579;2;40;51;sea;false;ocean;0
4580;41;3;15;land;false;forest;5
4581;24;8;7;sea;false;ocean;0
4582;21;66;6;sea;false;ocean;0
4583;30;15;19;land;false;forest;4
4584;26;4;1;sea;false;ocean;0
4585;16;39;13;land;false;marsh;5
4586;46;10;28;land;false;plains;5
4587;24;71;0;sea;false;ocean;0
4588;14;73;5;sea;false;ocean;0
4589;29;25;13;sea;false;ocean;0
4590;19;44;20;sea;false;ocean;0
4591;21;12;17;land;false;plains;2
4592;23;34;25;land;false;urban;2
4593;8;16;15;sea;false;ocean;0
4594;7;38;16;land;false;plains;6
4595;46;36;11;land;false;forest;5
4596;5;61;24;land;false;plains;6
4597;42;19;37;land;false;forest;4
4598;80;5;4;land;false;plains;3
4599;1;11;44;land;false;forest;5
4600;19;58;12;land;false;plains;5
4601;60;1;29;land;false;plains;5
4602;15;19;1;land;false;plains;6
4603;12;5;80;land;true;urban;2
4604;9;0;79;land;false;forest;5
4605;4;0;1;land;false;plains;5
4606;2;20;52;land;false;plains;5
4607;16;50;5;land;true;marsh;5
4608;12;53;0;land;true;low_urban;5
4609;6;35;14;land;true;plains;6
4610;13;53;13;land;false;plains;5
4611;0;78;3;sea;false;ocean;0
4612;9;54;33;sea;false;ocean;0
4613;0;37;5;land;false;plains;6
4614;43;10;2;land;false;plains;5
4615;54;13;7;sea;false;ocean;0
4616;21;15;41;land;false;plains;5
4617;37;0;15;land;false;plains;6
4618;12;52;23;land;false;plains;6
4619;27;17;22;land;false;industrial;5
4620;8;29;18;land;false;forest;5
4621;59;24;9;sea;false;ocean;0
4622;14;41;2;sea;false;ocean;0
4623;39;33;27;sea;false;ocean;0
4624;20;2;27;sea;false;ocean;0
4625;10;15;2;lake;false;lakes;0
4626;2;13;60;land;false;marsh;5
4627;32;2;33;land;true;plains;4
4628;5;73;1;sea;false;ocean;0
4629;55;0;26;land;false;plains;5
4630;71;4;19;sea;false;ocean;0
4631;6;11;18;land;true;plains;5
4632;53;19;7;sea;false;ocean;0
4633;26;30;2;sea;false;ocean;0
4634;1;26;4;land;false;forest;5
4635;60;21;9;sea;false;ocean;0
4636;14;31;37;land;false;forest;4
4637;68;11;14;land;false;plains;4
4638;47;24;20;land;false;plains;5
4639;40;4;55;land;false;forest;4
4640;10;34;37;sea;false;ocean;0
4641;20;4;45;sea;false;ocean;0
4642;2;12;53;land;true;plains;6
4643;8;83;8;land;false;plains;5
4644;41;30;13;sea;false;ocean;0
4645;7;10;12;sea;false;ocean;0
4646;60;18;15;land;false;plains;5
4647;5;37;49;sea;false;ocean;0
4648;45;49;5;sea;false;ocean;0
4649;14;23;45;sea;false;ocean;0
4650;59;6;8;sea;false;ocean;0
4651;42;20;7;land;false;forest;2
4652;2;18;28;land;false;low_urban;3
4653;1;50;41;land;false;plains;5
4654;44;0;29;land;false;low_urban;5
4655;0;61;6;sea;false;ocean;0
4656;31;34;0;land;false;plains;5
4657;92;3;3;land;false;low_urban;4
4658;1;53;26;land;true;forest;5
4659;11;11;11;land;false;hills;3
4660;30;11;6;land;false;plains;5
4661;16;41;17;land;false;low_urban;5
4662;41;9;39;land;false;forest;5
4663;12;10;10;sea;false;ocean;0
4664;13;4;22;land;false;plains;5
4665;3;42;15;land;false;plains;6
4666;1;42;41;land;false;low_urban;1
4667;2;28;7;sea;false;ocean;0
4668;4;22;43;land;false;plains;5
4669;1;83;12;sea;false;ocean;0
4670;16;28;10;land;false;forest;5
4671;33;4;50;land;false;plains;5
4672;28;42;28;land;false;plains;5
4673;40;11;27;sea;false;ocean;0
4674;12;0;55;sea;false;ocean;0
4675;24;23;40;land;false;forest;2
4676;60;2;34;land;false;urban;5
4677;69;5;16;sea;false;ocean;0
4678;13;20;58;sea;false;ocean;0
4679;9;17;73;sea;false;ocean;0
4680;49;7;21;sea;false;ocean;0
4681;46;9;35;lake;false;lakes;0
4682;36;10;20;land;true;low_urban;6
4683;7;12;68;land;false;plains;5
4684;13;41;38;land;true;plains;5
4685;2;16;39;land;true;plains;6
4686;7;41;0;sea;false;ocean;0
4687;17;49;4;land;false;plains;6
4688;47;22;7;land;false;forest;5
4689;52;1;28;sea;false;ocean;0
4690;31;46;12;land;false;forest;4
4691;2;25;52;sea;false;ocean;0
4692;3;1;49;sea;false;ocean;0
4693;1;17;58;land;false;forest;3
4694;1;16;17;sea;false;ocean;0
4695;0;1;92;land;false;plains;5
4696;22;15;3;sea;false;ocean;0
4697;16;25;44;sea;false;ocean;0
4698;29;0;40;land;false;forest;5
4699;58;21;6;land;false;plains;5
4700;22;6;14;land;false;low_urban;5
4701;8;76;6;land;false;plains;5
4702;4;11;24;sea;false;ocean;0
4703;28;20;11;land;false;forest;5
4704;37;32;30;sea;false;ocean;0
4705;10;29;42;sea;false;ocean;0
4706;30;53;9;land;false;plains;5
4707;26;68;5;land;false;plains;4
4708;29;26;17;sea;false;ocean;0
4709;30;11;1;land;false;plains;6
4710;11;28;12;sea;false;ocean;0
4711;80;4;4;sea;false;ocean;0
4712;8;20;2;sea;false;ocean;0
4713;14;15;29;sea;false;ocean;0
4714;0;13;7;sea;false;ocean;0
4715;87;5;0;land;false;hills;3
4716;6;15;69;sea;false;ocean;0
4717;13;3;73;sea;false;ocean;0
4718;0;54;33;sea;false;ocean;0
4719;54;10;18;land;false;plains;5
4720;39;38;15;land;false;plains;5
4721;21;8;20;land;false;low_urban;5
4722;49;22;16;sea;false;ocean;0
4723;45;9;30;sea;false;ocean;0
4724;48;45;3;sea;false;ocean;0
4725;75;12;8;land;false;forest;5
4726;0;18;31;sea;false;ocean;0
4727;12;9;7;land;false;forest;4
4728;31;15;26;sea;false;ocean;0
4729;25;23;24;land;false;plains;4
4730;25;18;14;sea;false;ocean;0
4731;26;4;3;land;false;plains;6
4732;14;83;2;land;false;plains;5
4733;30;10;56;land;false;low_urban;1
4734;4;29;22;sea;false;ocean;0
4735;36;6;32;sea;false;ocean;0
4736;12;16;22;sea;false;ocean;0
4737;35;46;2;land;false;forest;5
4738;53;36;4;land;false;plains;4
4739;54;4;18;sea;false;ocean;0
4740;0;88;3;land;true;plains;5
4741;10;13;73;land;false;plains;5
4742;5;24;53;sea;false;ocean;0
4743;11;8;74;sea;false;ocean;0
4744;16;53;4;sea;false;ocean;0
4745;40;44;12;land;false;plains;5
4746;41;8;6;sea;false;ocean;0
4747;30;32;25;land;false;plains;4
4748;39;15;18;land;false;plains;5
4749;6;22;50;land;true;plains;5
4750;12;1;40;sea;false;ocean;0
4751;13;28;5;sea;false;ocean;0
4752;12;14;16;sea;false;ocean;0
4753;75;0;0;land;false;plains;5
4754;11;12;50;sea;false;ocean;0
4755;15;48;1;land;false;plains;5
4756;17;5;62;land;true;forest;6
4757;0;21;7;sea;false;ocean;0
4758;80;2;0;land;false;plains;5
4759;143;99;158;land;false;forest;4
4760;10;27;53;sea;false;ocean;0
4761;28;4;32;sea;false;ocean;0
4762;6;37;11;land;false;plains;5
4763;56;10;26;sea;false;ocean;0
4764;10;4;38;land;false;plains;5
4765;48;9;23;land;false;forest;5
4766;50;1;33;sea;false;ocean;0
4767;26;20;50;sea;false;ocean;0
4768;5;38;49;land;false;forest;5
4769;18;4;17;sea;false;ocean;0
4770;31;26;8;land;false;forest;4
4771;54;23;22;land;false;plains;4
4772;12;31;23;sea;false;ocean;0
4773;23;59;13;land;true;forest;5
4774;43;16;39;sea;false;ocean;0
4775;4;12;40;sea;false;ocean;0
4776;14;4;46;sea;false;ocean;0
4777;42;26;21;land;false;forest;5
4778;19;32;18;land;false;plains;3
4779;47;26;21;sea;false;ocean;0
4780;15;18;2;sea;false;ocean;0
4781;59;11;16;sea;false;ocean;0
4782;32;14;16;land;true;plains;6
4783;21;76;2;land;false;plains;6
4784;27;15;17;sea;false;ocean;0
4785;48;0;41;land;false;plains;5
4786;8;13;7;land;true;plains;4
4787;17;20;26;sea;false;ocean;0
4788;23;13;63;sea;false;ocean;0
4789;27;21;1;land;false;forest;2
4790;2;29;32;land;false;plains;5
4791;27;23;33;sea;false;ocean;0
4792;39;3;14;land;false;forest;5
4793;24;17;38;land;false;forest;5
4794;14;6;48;land;true;forest;5
4795;20;51;9;sea;false;ocean;0
4796;46;6;12;sea;false;ocean;0
4797;8;28;6;land;false;plains;5
4798;41;8;29;land;false;plains;5
4799;40;41;9;land;false;plains;4
4800;5;52;38;land;true;marsh;2
4801;22;51;18;land;false;forest;5
4802;18;8;43;land;false;hills;3
4803;52;31;16;land;false;hills;3
4804;25;8;35;land;false;forest;5
4805;31;1;41;sea;false;ocean;0
4806;11;14;4;sea;false;ocean;0
4807;10;73;1;sea;false;ocean;0
4808;5;20;50;sea;false;ocean;0
4809;41;27;19;sea;false;ocean;0
4810;2;6;76;land;false;plains;5
4811;12;35;43;sea;false;ocean;0
4812;32;52;11;sea;false;ocean;0
4813;26;0;36;land;false;forest;5
4814;19;39;20;land;true;urban;6
4815;46;22;18;sea;false;ocean;0
4816;62;27;3;sea;false;ocean;0
4817;50;26;3;land;false;forest;5
4818;5;57;14;land;false;plains;5
4819;41;35;19;land;false;plains;5
4820;26;24;44;sea;false;ocean;0
4821;11;52;35;land;false;plains;5
4822;41;1;24;sea;false;ocean;0
4823;6;19;49;land;false;forest;5
4824;22;23;20;land;false;plains;4
4825;13;32;6;sea;false;ocean;0
4826;47;20;20;land;false;plains;5
4827;31;17;51;sea;false;ocean;0
4828;15;26;41;land;false;plains;5
4829;17;59;9;sea;false;ocean;0
4830;25;21;25;sea;false;ocean;0
4831;7;52;17;sea;false;ocean;0
4832;7;63;12;sea;false;ocean;0
4833;66;17;1;sea;false;ocean;0
4834;23;23;2;land;false;plains;3
4835;28;9;38;land;true;plains;6
4836;50;4;18;sea;false;ocean;0
4837;84;136;174;land;false;plains;4
4838;34;16;22;land;true;plains;5
4839;33;3;13;land;true;industrial;6
4840;48;40;3;land;false;plains;5
4841;63;22;2;land;false;plains;5
4842;10;17;12;sea;false;ocean;0
4843;0;28;60;land;false;plains;6
4844;21;8;25;sea;false;ocean;0
4845;7;40;41;sea;false;ocean;0
4846;6;27;22;land;false;forest;5
4847;12;42;11;land;false;plains;5
4848;4;79;1;sea;false;ocean;0
4849;43;19;35;sea;false;ocean;0
4850;6;27;10;land;false;plains;5
4851;81;15;3;land;false;forest;5
4852;8;45;23;sea;false;ocean;0
4853;54;14;24;land;true;plains;6
4854;49;21;1;land;false;plains;5
4855;9;29;11;sea;false;ocean;0
4856;15;16;7;sea;false;ocean;0
4857;0;6;15;land;true;plains;3
4858;20;30;40;sea;false;ocean;0
4859;2;67;24;land;false;plains;5
4860;10;19;25;sea;false;ocean;0
4861;4;12;16;sea;false;ocean;0
4862;20;45;12;land;false;plains;5
4863;70;11;18;land;false;plains;5
4864;22;33;15;sea;false;ocean;0
4865;55;19;18;sea;false;ocean;0
4866;15;0;24;sea;false;ocean;0
4867;11;27;35;sea;false;ocean;0
4868;17;4;53;land;false;plains;5
4869;5;73;8;lake;false;lakes;3
4870;1;24;27;sea;false;ocean;0
4871;31;37;0;land;true;plains;5
4872;16;2;65;land;false;plains;5
4873;2;41;34;land;false;forest;5
4874;18;26;24;land;false;plains;6
4875;2;35;40;sea;false;ocean;0
4876;41;7;9;land;false;plains;5
4877;7;21;49;land;false;low_urban;5
4878;7;10;40;land;false;plains;6
4879;41;15;17;land;true;plains;5
4880;20;14;5;sea;false;ocean;0
4881;9;31;5;sea;false;ocean;0
4882;24;7;7;sea;false;ocean;0
4883;9;12;11;land;false;plains;5
4884;16;6;16;land;false;plains;5
4885;44;5;49;sea;false;ocean;0
4886;27;9;33;sea;false;ocean;0
4887;33;33;17;land;false;plains;5
4888;8;20;59;land;false;forest;5
4889;41;11;44;land;true;plains;5
4890;18;22;51;land;false;forest;5
4891;24;4;23;sea;false;ocean;0
4892;5;0;7;land;false;plains;5
4893;33;16;7;sea;false;ocean;0
4894;18;68;5;land;false;plains;5
4895;31;40;25;land;true;forest;5
4896;11;22;30;land;false;plains;6
4897;46;84;31;land;false;forest;4
4898;9;1;1;sea;false;ocean;0
4899;8;28;54;land;false;forest;4
4900;0;65;13;land;false;plains;5
4901;14;26;50;land;false;plains;5
4902;13;32;42;land;true;urban;5
4903;14;17;55;land;false;plains;5
4904;47;33;16;land;false;plains;3
4905;27;6;4;land;true;forest;5
4906;34;17;6;land;false;low_urban;5
4907;31;17;3;sea;false;ocean;0
4908;13;2;39;sea;false;ocean;0
4909;4;14;78;land;false;industrial;3
4910;79;0;14;land;false;forest;4
4911;0;15;41;land;false;marsh;5
4912;15;31;5;sea;false;ocean;0
4913;3;47;26;sea;false;ocean;0
4914;14;57;2;land;false;plains;5
4915;70;23;5;sea;false;ocean;0
4916;8;47;28;land;true;forest;6
4917;1;8;57;sea;false;ocean;0
4918;9;28;47;land;false;plains;5
4919;6;59;28;sea;false;ocean;0
4920;26;12;40;sea;false;ocean;0
4921;27;31;13;land;false;plains;1
4922;13;77;1;land;false;plains;3
4923;27;55;1;sea;false;ocean;0
4924;13;12;6;land;false;plains;5
4925;8;41;18;sea;false;ocean;0
4926;45;1;36;land;false;plains;4
4927;39;2;7;land;true;plains;5
4928;9;2;4;sea;false;ocean;0
4929;4;38;22;sea;false;ocean;0
4930;13;0;1;land;false;plains;5
4931;73;13;6;sea;false;ocean;0
4932;33;1;44;land;false;plains;3
4933;41;5;25;land;false;plains;5
4934;20;36;32;land;false;forest;5
4935;38;36;22;land;false;urban;2
4936;29;2;12;land;false;forest;5
4937;27;22;44;sea;false;ocean;0
4938;16;7;25;lake;false;lakes;0
4939;6;1;77;land;false;forest;5
4940;11;38;28;land;true;low_urban;3
4941;22;25;47;land;false;plains;5
4942;1;30;59;sea;false;ocean;0
4943;34;20;27;land;false;forest;5
4944;5;7;32;sea;false;ocean;0
4945;19;8;1;sea;false;ocean;0
4946;31;35;5;land;false;plains;5
4947;16;12;60;land;false;forest;5
4948;48;14;6;land;true;forest;5
4949;27;8;16;sea;false;ocean;0
4950;17;49;10;sea;false;ocean;0
4951;79;5;4;land;true;forest;5
4952;7;32;15;sea;false;ocean;0
4953;31;27;23;land;false;plains;2
4954;33;57;0;land;false;plains;5
4955;11;23;22;sea;false;ocean;0
4956;1;11;73;land;false;plains;6
4957;52;6;10;sea;false;ocean;0
4958;83;0;15;land;false;plains;5
4959;35;10;24;sea;false;ocean;0
4960;30;8;0;land;false;plains;3
4961;17;20;37;land;false;forest;5
4962;8;5;16;land;false;forest;5
4963;51;11;22;land;true;urban;6
4964;9;19;25;land;true;plains;4
4965;20;28;9;land;true;industrial;6
4966;33;33;15;land;false;forest;4
4967;19;7;37;land;false;plains;5
4968;26;3;51;land;false;plains;5
4969;25;37;36;sea;false;ocean;0
4970;7;31;53;land;false;plains;5
4971;46;26;16;land;true;plains;5
4972;37;30;11;land;false;plains;2
4973;28;7;11;sea;false;ocean;0
4974;42;15;4;land;false;low_urban;4
4975;8;23;11;sea;false;ocean;0
4976;2;51;34;sea;false;ocean;0
4977;16;24;1;sea;false;ocean;0
4978;2;22;62;land;true;forest;5
4979;4;41;36;sea;false;ocean;0
4980;41;22;21;sea;false;ocean;0
4981;16;42;8;sea;false;ocean;0
4982;12;77;3;land;false;plains;5
4983;36;29;16;land;false;forest;5
4984;65;31;2;land;false;plains;6
4985;1;25;3;sea;false;ocean;0
4986;23;50;12;land;true;plains;5
4987;1;73;19;sea;false;ocean;0
4988;6;13;17;land;false;plains;5
4989;27;25;18;sea;false;ocean;0
4990;1;43;55;sea;false;ocean;0
4991;12;47;13;sea;false;ocean;0
4992;9;57;29;land;false;plains;4
4993;41;48;9;land;false;plains;5
4994;13;76;0;sea;false;ocean;0
4995;35;17;4;land;false;plains;5
4996;28;40;1;land;false;forest;5
4997;21;1;16;land;false;forest;5
4998;1;10;78;land;false;plains;5
4999;88;0;10;sea;false;ocean;0
5000;15;5;34;sea;false;ocean;0
5001;40;15;29;land;false;plains;5
5002;24;55;12;land;false;plains;5
5003;35;22;35;land;false;mountain;3
5004;42;15;32;sea;false;ocean;0
5005;6;76;0;sea;false;ocean;0
5006;26;1;40;sea;false;ocean;0
5007;31;38;24;land;false;plains;5
5008;39;21;7;land;false;plains;4
5009;18;51;19;land;false;plains;5
5010;24;40;8;land;false;plains;5
5011;21;18;26;land;false;plains;6
5012;5;59;0;sea;false;ocean;0
5013;6;27;40;sea;false;ocean;0
5014;6;57;0;land;false;low_urban;4
5015;9;36;12;sea;false;ocean;0
5016;18;10;35;land;true;urban;2
5017;22;15;14;sea;false;ocean;0
5018;1;52;38;land;false;plains;5
5019;51;10;14;land;false;plains;5
5020;13;41;33;sea;false;ocean;0
5021;11;41;16;land;false;plains;5
5022;3;64;7;land;false;forest;5
5023;20;9;64;sea;false;ocean;0
5024;43;18;38;land;false;plains;5
5025;51;39;1;sea;false;ocean;0
5026;40;0;33;land;false;plains;5
5027;7;21;55;land;false;forest;4
5028;0;17;23;lake;false;lakes;0
5029;10;59;20;lake;false;lakes;0
5030;2;50;44;sea;false;ocean;0
5031;41;19;3;sea;false;ocean;0
5032;27;21;26;land;true;plains;5
5033;56;8;4;land;false;plains;6
5034;26;29;42;land;false;plains;5
5035;52;15;30;sea;false;ocean;0
5036;1;65;26;sea;false;ocean;0
5037;35;21;25;lake;false;lakes;0
5038;43;15;7;sea;false;ocean;0
5039;30;51;9;land;false;marsh;4
5040;5;53;21;land;false;plains;5
5041;11;2;40;land;false;plains;5
5042;21;5;69;sea;false;ocean;0
5043;74;15;1;land;false;plains;5
5044;23;39;8;land;false;forest;5
5045;35;8;19;land;false;low_urban;1
5046;35;32;9;land;false;forest;4
5047;10;27;0;lake;false;lakes;0
5048;18;74;3;sea;false;ocean;0
5049;50;7;42;sea;false;ocean;0
5050;14;15;59;land;true;forest;5
5051;41;36;16;sea;false;ocean;0
5052;35;40;16;land;false;plains;5
5053;17;24;17;land;false;plains;5
5054;11;18;28;land;false;plains;4
5055;30;13;39;sea;false;ocean;0
5056;1;30;39;land;false;plains;4
5057;5;25;26;land;true;plains;4
5058;12;27;50;sea;false;ocean;0
5059;17;4;48;land;true;plains;5
5060;28;25;2;sea;false;ocean;0
5061;46;14;25;sea;false;ocean;0
5062;30;6;24;land;false;plains;5
5063;9;14;16;land;false;plains;4
5064;4;1;27;land;false;plains;5
5065;23;24;45;sea;false;ocean;0
5066;19;12;4;sea;false;ocean;0
5067;19;12;10;lake;false;lakes;0
5068;5;5;37;sea;false;ocean;0
5069;61;36;2;sea;false;ocean;0
5070;25;15;36;lake;false;lakes;0
5071;48;18;23;sea;false;ocean;0
5072;7;41;18;land;false;plains;5
5073;29;41;1;land;true;plains;5
5074;39;18;3;land;false;plains;5
5075;29;35;6;sea;false;ocean;0
5076;17;9;10;sea;false;ocean;0
5077;5;29;16;sea;false;ocean;0
5078;8;72;18;sea;false;ocean;0
5079;56;0;21;sea;false;ocean;0
5080;39;7;27;sea;false;ocean;0
5081;46;1;6;land;false;plains;5
5082;72;24;3;land;false;plains;4
5083;16;6;63;land;false;plains;4
5084;2;1;29;sea;false;ocean;0
5085;9;73;16;land;false;plains;5
5086;58;27;10;lake;false;lakes;0
5087;65;31;1;land;false;forest;5
5088;32;6;54;land;false;plains;4
5089;34;13;24;land;false;plains;5
5090;29;21;2;land;true;forest;5
5091;44;6;17;sea;false;ocean;0
5092;55;20;9;sea;false;ocean;0
5093;47;3;6;sea;false;ocean;0
5094;11;13;50;land;false;plains;5
5095;4;40;24;land;false;forest;5
5096;16;32;44;sea;false;ocean;0
5097;20;56;9;sea;false;ocean;0
5098;4;50;26;sea;false;ocean;0
5099;16;73;1;sea;false;ocean;0
5100;14;42;23;land;false;forest;5
5101;13;8;32;sea;false;ocean;0
5102;0;23;39;land;false;urban;2
5103;35;23;29;land;false;plains;6
5104;69;3;25;land;false;urban;4
5105;53;36;3;land;false;plains;5
5106;28;11;49;land;false;plains;5
5107;25;29;3;sea;false;ocean;0
5108;1;40;23;sea;false;ocean;0
5109;11;30;50;land;false;plains;5
5110;15;31;18;sea;false;ocean;0
5111;17;25;18;land;true;marsh;5
5112;36;50;0;land;false;forest;6
5113;43;13;5;sea;false;ocean;0
5114;15;9;57;sea;false;ocean;0
5115;20;23;34;sea;false;ocean;0
5116;10;4;47;land;true;plains;5
5117;41;37;19;sea;false;ocean;0
5118;24;44;0;sea;false;ocean;0
5119;9;23;7;sea;false;ocean;0
5120;79;12;5;sea;false;ocean;0
5121;1;0;98;land;true;plains;5
5122;28;22;13;sea;false;ocean;0
5123;21;6;53;sea;false;ocean;0
5124;24;62;1;land;false;forest;5
5125;50;20;4;land;false;plains;4
5126;18;27;3;land;true;plains;5
5127;0;5;93;land;true;plains;4
5128;6;19;62;land;false;plains;6
5129;3;43;12;sea;false;ocean;0
5130;10;57;3;land;true;plains;5
5131;50;16;6;sea;false;ocean;0
5132;66;23;1;land;false;forest;5
5133;16;41;16;land;false;forest;4
5134;28;42;1;sea;false;ocean;0
5135;24;20;37;land;false;forest;5
5136;37;30;18;land;false;plains;6
5137;30;11;12;land;false;plains;5
5138;19;2;0;land;false;plains;5
5139;56;1;3;land;false;plains;6
5140;9;30;18;land;false;plains;3
5141;47;15;21;land;false;forest;5
5142;15;7;28;land;false;plains;5
5143;47;16;27;sea;false;ocean;0
5144;37;45;2;land;false;plains;5
5145;60;13;9;sea;false;ocean;0
5146;36;29;7;land;false;plains;6
5147;13;8;63;lake;false;lakes;0
5148;49;11;8;land;false;plains;5
5149;13;11;39;land;true;low_urban;6
5150;51;15;0;sea;false;ocean;0
5151;51;3;12;land;true;plains;5
5152;18;48;4;sea;false;ocean;0
5153;16;7;0;sea;false;ocean;0
5154;27;0;33;land;false;plains;5
5155;21;8;10;land;false;plains;2
5156;65;2;27;land;true;plains;5
5157;38;3;56;land;false;forest;6
5158;17;18;16;sea;false;ocean;0
5159;41;35;22;land;false;plains;5
5160;22;19;48;sea;false;ocean;0
5161;4;90;0;sea;false;ocean;0
5162;48;1;37;sea;false;ocean;0
5163;26;63;3;land;false;industrial;5
5164;28;16;11;land;false;low_urban;5
5165;3;37;22;land;true;forest;4
5166;15;49;25;land;false;low_urban;5
5167;15;67;17;sea;false;ocean;0
5168;67;3;24;sea;false;ocean;0
5169;57;9;13;land;false;plains;5
5170;29;32;24;land;false;plains;6
5171;8;21;64;land;false;plains;5
5172;39;2;48;sea;false;ocean;0
5173;12;73;5;land;false;plains;5
5174;2;23;58;land;false;plains;5
5175;48;8;19;sea;false;ocean;0
5176;0;17;72;sea;false;ocean;0
5177;41;26;13;sea;false;ocean;0
5178;30;22;17;land;false;plains;5
5179;14;5;79;land;false;forest;6
5180;0;28;10;sea;false;ocean;0
5181;13;1;76;land;true;plains;5
5182;16;17;65;land;true;urban;5
5183;36;8;18;sea;false;ocean;0
5184;36;22;6;land;false;plains;6
5185;35;11;47;sea;false;ocean;0
5186;7;12;55;sea;false;ocean;0
5187;8;38;40;sea;false;ocean;0
5188;50;42;4;land;false;plains;5
5189;39;34;25;land;false;plains;5
5190;10;17;18;sea;false;ocean;0
5191;0;55;23;land;false;plains;5
5192;11;32;52;land;false;forest;6
5193;54;1;11;land;false;forest;5
5194;9;80;1;lake;false;lakes;0
5195;1;51;6;land;false;forest;5
5196;6;8;7;sea;false;ocean;0
5197;2;44;46;land;false;low_urban;5
5198;13;20;42;land;false;plains;5
5199;127;136;216;land;false;plains;4
5200;6;21;41;sea;false;ocean;0
5201;36;24;5;land;false;plains;5
5202;38;9;48;land;false;low_urban;5
5203;5;57;31;land;false;plains;5
5204;64;17;4;sea;false;ocean;0
5205;32;10;22;sea;false;ocean;0
5206;47;5;32;sea;false;ocean;0
5207;35;25;15;land;false;forest;4
5208;55;14;1;land;true;forest;5
5209;6;75;7;land;false;forest;5
5210;12;15;39;lake;false;lakes;0
5211;6;0;90;sea;false;ocean;0
5212;7;5;73;sea;false;ocean;0
5213;23;39;34;land;false;forest;4
5214;21;1;9;land;false;plains;5
5215;36;12;1;sea;false;ocean;0
5216;14;56;21;sea;false;ocean;0
5217;58;23;14;land;false;plains;3
5218;4;23;18;land;false;forest;5
5219;60;12;3;land;false;plains;3
5220;4;47;43;sea;false;ocean;0
5221;56;2;19;land;false;low_urban;4
5222;11;63;7;land;false;forest;4
5223;6;3;90;land;false;plains;5
5224;16;25;18;sea;false;ocean;0
5225;14;19;43;land;false;forest;4
5226;19;15;25;land;false;plains;5
5227;27;33;16;land;false;marsh;6
5228;65;8;9;land;false;plains;5
5229;2;54;14;land;false;plains;5
5230;10;56;23;land;false;forest;5
5231;26;31;19;land;false;plains;6
5232;61;4;7;lake;false;lakes;0
5233;25;16;58;land;false;urban;2
5234;18;50;15;land;false;plains;5
5235;27;18;7;land;false;plains;2
5236;25;34;34;sea;false;ocean;0
5237;16;23;58;land;false;plains;5
5238;19;26;49;land;false;plains;6
5239;7;30;19;land;false;plains;5
5240;65;9;19;land;false;plains;5
5241;37;15;28;land;false;plains;5
5242;42;12;29;land;false;forest;5
5243;15;33;33;sea;false;ocean;0
5244;3;15;29;sea;false;ocean;0
5245;58;2;17;sea;false;ocean;0
5246;41;19;19;land;false;forest;5
5247;41;20;24;land;false;plains;5
5248;35;25;26;land;false;plains;6
5249;24;47;16;sea;false;ocean;0
5250;32;20;14;sea;false;ocean;0
5251;18;17;15;land;false;forest;4
5252;28;17;30;sea;false;ocean;0
5253;32;19;0;land;true;forest;4
5254;13;82;0;land;false;plains;5
5255;24;5;36;land;true;plains;3
5256;18;61;2;lake;false;lakes;0
5257;36;11;23;sea;false;ocean;0
5258;0;55;29;land;false;forest;4
5259;23;0;27;sea;false;ocean;0
5260;11;33;55;sea;false;ocean;0
5261;14;2;2;sea;false;ocean;0
5262;17;54;19;land;false;plains;3
5263;10;21;8;land;false;plains;5
5264;82;8;9;sea;false;ocean;0
5265;14;30;17;sea;false;ocean;0
5266;52;10;20;sea;false;ocean;0
5267;37;8;8;sea;false;ocean;0
5268;50;23;6;sea;false;ocean;0
5269;2;7;77;sea;false;ocean;0
5270;7;30;31;land;true;plains;5
5271;6;58;21;sea;false;ocean;0
5272;49;4;31;land;true;plains;6
5273;8;0;1;land;false;forest;5
5274;7;3;23;sea;false;ocean;0
5275;48;23;26;land;false;plains;5
5276;27;39;18;land;false;plains;6
5277;37;41;1;sea;false;ocean;0
5278;19;53;22;land;true;forest;5
5279;38;15;34;land;false;plains;4
5280;38;10;49;land;false;forest;5
5281;10;82;5;land;false;mountain;3
5282;33;12;6;land;false;plains;5
5283;9;11;31;land;false;plains;5
5284;18;4;58;land;false;plains;5
5285;25;11;38;sea;false;ocean;0
5286;10;15;22;sea;false;ocean;0
5287;7;11;33;land;false;low_urban;5
5288;38;46;12;sea;false;ocean;0
5289;30;33;14;land;true;marsh;6
5290;27;22;33;sea;false;ocean;0
5291;29;44;6;land;false;plains;5
5292;25;41;22;land;false;plains;6
5293;7;0;9;sea;false;ocean;0
5294;24;72;3;sea;false;ocean;0
5295;3;21;35;sea;false;ocean;0
5296;20;53;5;sea;false;ocean;0
5297;14;24;50;lake;false;lakes;0
5298;15;38;42;land;false;urban;2
5299;6;52;0;sea;false;ocean;0
5300;70;2;25;land;false;plains;5
5301;4;14;74;sea;false;ocean;0
5302;18;10;33;land;false;plains;4
5303;37;21;1;land;false;forest;5
5304;25;9;60;land;false;plains;4
5305;5;62;12;sea;false;ocean;0
5306;9;38;35;land;true;plains;5
5307;54;5;23;land;true;forest;5
5308;72;11;0;land;false;plains;3
5309;8;17;35;land;false;plains;5
5310;3;58;4;land;false;forest;5
5311;34;21;43;sea;false;ocean;0
5312;11;3;14;sea;false;ocean;0
5313;19;6;14;land;false;plains;6
5314;23;50;8;sea;false;ocean;0
5315;56;30;4;sea;false;ocean;0
5316;35;48;13;sea;false;ocean;0
5317;3;6;49;sea;false;ocean;0
5318;23;5;44;sea;false;ocean;0
5319;33;7;28;lake;false;lakes;0
5320;33;11;1;land;false;plains;5
5321;1;46;42;sea;false;ocean;0
5322;8;79;2;sea;false;ocean;0
5323;41;12;8;sea;false;ocean;0
5324;13;40;18;land;false;plains;5
5325;2;29;55;sea;false;ocean;0
5326;21;49;24;sea;false;ocean;0
5327;7;26;4;land;false;plains;5
5328;31;5;20;land;false;forest;5
5329;12;68;11;sea;false;ocean;0
5330;56;20;2;land;false;forest;6
5331;60;9;17;land;false;plains;5
5332;3;45;7;land;false;plains;5
5333;22;35;34;land;false;plains;5
5334;24;24;12;land;true;plains;6
5335;56;11;2;sea;false;ocean;0
5336;1;41;28;land;false;forest;5
5337;49;18;15;sea;false;ocean;0
5338;21;52;22;sea;false;ocean;0
5339;24;49;9;land;true;plains;6
5340;11;19;17;sea;false;ocean;0
5341;3;2;79;land;false;plains;5
5342;12;33;10;land;false;plains;5
5343;10;8;23;land;false;low_urban;6
5344;13;33;11;land;false;urban;5
5345;1;11;78;sea;false;ocean;0
5346;0;8;56;sea;false;ocean;0
5347;58;12;26;land;false;plains;5
5348;0;2;71;sea;false;ocean;0
5349;44;15;23;land;false;plains;5
5350;1;82;12;land;false;low_urban;5
5351;33;37;23;land;false;plains;6
5352;32;16;10;land;false;plains;5
5353;28;17;15;sea;false;ocean;0
5354;37;30;31;land;false;marsh;5
5355;42;12;14;land;false;low_urban;5
5356;33;0;54;land;false;forest;4
5357;23;38;19;land;false;plains;5
5358;15;13;19;land;false;plains;5
5359;35;7;15;sea;false;ocean;0
5360;2;71;14;sea;false;ocean;0
5361;39;40;10;land;false;plains;5
5362;43;27;20;land;false;plains;6
5363;30;27;15;land;true;plains;5
5364;3;13;50;lake;false;lakes;0
5365;12;50;18;land;false;plains;6
5366;51;5;24;sea;false;ocean;0
5367;68;2;18;sea;false;ocean;0
5368;59;2;34;land;false;plains;6
5369;12;53;2;sea;false;ocean;0
5370;2;28;36;land;false;forest;5
5371;33;5;45;land;false;forest;6
5372;37;0;48;land;false;plains;5
5373;43;31;13;land;false;plains;5
5374;30;43;25;sea;false;ocean;0
5375;34;40;5;land;false;hills;5
5376;40;30;20;land;true;forest;6
5377;23;33;2;sea;false;ocean;0
5378;15;0;18;land;false;plains;5
5379;1;5;7;land;false;plains;5
5380;11;40;22;lake;false;lakes;0
5381;5;10;12;sea;false;ocean;0
5382;23;31;40;sea;false;ocean;0
5383;46;4;2;land;true;plains;5
5384;35;7;10;sea;false;ocean;0
5385;39;9;6;sea;false;ocean;0
5386;68;1;4;land;false;plains;3
5387;19;33;22;land;false;forest;5
5388;4;12;9;land;false;plains;5
5389;60;5;21;land;false;urban;6
5390;0;83;14;land;false;plains;5
5391;6;69;17;sea;false;ocean;0
5392;20;18;0;sea;false;ocean;0
5393;16;1;78;sea;false;ocean;0
5394;24;3;52;sea;false;ocean;0
5395;36;38;13;sea;false;ocean;0
5396;34;16;42;sea;false;ocean;0
5397;4;54;37;land;false;forest;5
5398;9;9;48;land;true;plains;4
5399;55;17;16;sea;false;ocean;0
5400;3;60;8;sea;false;ocean;0
5401;2;5;74;land;false;plains;3
5402;237;109;164;land;false;low_urban;4
5403;6;5;77;sea;false;ocean;0
5404;38;47;8;sea;false;ocean;0
5405;16;0;79;sea;false;ocean;0
5406;37;7;49;sea;false;ocean;0
5407;63;35;0;land;false;forest;5
5408;35;38;13;land;true;plains;5
5409;16;5;32;sea;false;ocean;0
5410;30;37;5;land;false;plains;5
5411;22;4;53;land;false;forest;5
5412;35;51;9;sea;false;ocean;0
5413;14;12;42;sea;false;ocean;0
5414;19;24;41;sea;false;ocean;0
5415;4;2;73;land;true;plains;4
5416;20;45;19;sea;false;ocean;0
5417;8;23;56;sea;false;ocean;0
5418;24;5;52;land;false;plains;5
5419;24;19;34;land;false;plains;5
5420;24;39;22;sea;false;ocean;0
5421;17;9;34;sea;false;ocean;0
5422;11;46;11;land;true;forest;5
5423;19;2;17;sea;false;ocean;0
5424;26;17;0;sea;false;ocean;0
5425;20;16;29;land;false;plains;5
5426;14;30;0;land;false;plains;6
5427;32;7;52;land;false;plains;6
5428;23;1;62;land;true;plains;6
5429;30;36;17;land;false;low_urban;5
5430;33;11;50;land;false;plains;5
5431;22;5;35;sea;false;ocean;0
5432;41;4;54;sea;false;ocean;0
5433;20;33;0;sea;false;ocean;0
5434;1;16;68;sea;false;ocean;0
5435;0;37;6;land;false;plains;5
5436;31;35;23;sea;false;ocean;0
5437;0;18;5;sea;false;ocean;0
5438;3;42;42;sea;false;ocean;0
5439;34;9;33;sea;false;ocean;0
5440;1;14;39;land;false;plains;5
5441;29;18;31;land;false;plains;5
5442;4;12;19;land;false;plains;5
5443;1;12;18;land;false;plains;3
5444;15;29;12;land;false;plains;6
5445;22;14;39;sea;false;ocean;0
5446;32;15;22;land;false;plains;5
5447;18;61;1;sea;false;ocean;0
5448;18;7;5;land;false;plains;5
5449;15;17;58;land;false;forest;5
5450;14;32;49;land;false;plains;5
5451;2;59;20;land;false;plains;5
5452;5;14;79;sea;false;ocean;0
5453;30;21;34;land;false;urban;2
5454;31;24;30;land;false;forest;5
5455;1;24;24;land;false;forest;5
5456;17;63;13;sea;false;ocean;0
5457;31;9;57;land;false;plains;5
5458;8;50;41;sea;false;ocean;0
5459;14;13;26;land;true;low_urban;5
5460;23;46;2;land;false;plains;5
5461;8;40;14;land;false;plains;5
5462;30;36;1;sea;false;ocean;0
5463;32;1;13;land;false;plains;5
5464;1;29;24;land;true;plains;5
5465;13;40;17;land;false;plains;4
5466;10;67;16;sea;false;ocean;0
5467;60;29;3;sea;false;ocean;0
5468;4;24;13;land;false;plains;4
5469;21;34;1;sea;false;ocean;0
5470;11;2;71;land;false;plains;5
5471;48;44;5;land;false;low_urban;6
5472;57;12;16;sea;false;ocean;0
5473;2;57;28;sea;false;ocean;0
5474;65;0;15;sea;false;ocean;0
5475;56;6;8;land;true;plains;5
5476;56;15;2;land;false;plains;5
5477;1;62;0;sea;false;ocean;0
5478;33;11;27;sea;false;ocean;0
5479;1;22;43;sea;false;ocean;0
5480;31;53;4;land;false;plains;5
5481;8;9;15;land;false;plains;6
5482;20;59;6;sea;false;ocean;0
5483;39;30;2;land;true;plains;5
5484;15;3;74;land;false;forest;4
5485;24;32;27;sea;false;ocean;0
5486;72;25;0;land;false;plains;6
5487;14;22;41;land;false;forest;5
5488;35;46;6;land;false;plains;6
5489;7;31;5;sea;false;ocean;0
5490;1;46;1;land;false;plains;5
5491;38;4;55;land;false;plains;5
5492;85;8;4;land;false;low_urban;3
5493;25;0;42;land;false;forest;5
5494;5;3;78;sea;false;ocean;0
5495;68;1;28;sea;false;ocean;0
5496;23;44;21;sea;false;ocean;0
5497;7;21;54;sea;false;ocean;0
5498;18;14;53;land;false;low_urban;4
5499;4;1;74;sea;false;ocean;0
5500;30;57;6;land;false;forest;5
5501;7;36;15;sea;false;ocean;0
5502;3;7;1;sea;false;ocean;0
5503;54;17;10;sea;false;ocean;0
5504;55;21;1;land;false;plains;5
5505;6;49;13;land;false;plains;5
5506;10;3;44;sea;false;ocean;0
5507;11;8;22;sea;false;ocean;0
5508;29;44;10;lake;false;lakes;0
5509;0;30;31;land;false;low_urban;5
5510;8;35;18;sea;false;ocean;0
5511;4;44;37;land;false;plains;5
5512;28;39;24;land;false;low_urban;5
5513;39;15;1;sea;false;ocean;0
5514;9;47;16;sea;false;ocean;0
5515;36;112;121;land;false;plains;4
5516;10;67;10;land;false;plains;5
5517;89;7;3;land;false;plains;5
5518;18;27;34;lake;false;lakes;0
5519;9;43;16;land;false;plains;5
5520;38;7;46;sea;false;ocean;0
5521;22;37;23;land;false;forest;5
5522;15;43;10;land;false;plains;5
5523;17;59;16;lake;false;lakes;0
5524;4;17;63;land;false;plains;5
5525;34;38;23;sea;false;ocean;0
5526;28;31;22;sea;false;ocean;0
5527;48;0;39;sea;false;ocean;0
5528;8;43;35;land;false;low_urban;4
5529;30;22;5;land;true;forest;6
5530;48;23;27;sea;false;ocean;0
5531;41;15;43;sea;false;ocean;0
5532;43;28;15;land;true;urban;2
5533;31;5;40;land;false;plains;6
5534;12;16;38;sea;false;ocean;0
5535;10;37;39;sea;false;ocean;0
5536;12;16;33;sea;false;ocean;0
5537;24;14;42;sea;false;ocean;0
5538;62;35;0;land;false;plains;5
5539;6;20;48;land;false;forest;5
5540;22;18;28;land;false;forest;4
5541;22;51;0;land;false;plains;6
5542;43;9;26;land;false;forest;5
5543;25;15;2;sea;false;ocean;0
5544;14;18;59;sea;false;ocean;0
5545;30;25;38;sea;false;ocean;0
5546;32;3;64;land;false;forest;5
5547;31;16;40;land;false;forest;5
5548;3;2;66;land;false;plains;6
5549;0;8;25;land;true;plains;6
5550;44;8;11;sea;false;ocean;0
5551;29;29;18;sea;false;ocean;0
5552;27;4;0;land;false;forest;5
5553;8;32;30;land;false;plains;5
5554;1;35;45;land;true;plains;6
5555;6;38;51;sea;false;ocean;0
5556;26;2;29;land;false;plains;5
5557;74;9;15;land;false;plains;5
5558;38;53;3;land;false;plains;6
5559;16;17;61;land;false;plains;6
5560;3;47;21;land;false;forest;5
5561;30;40;22;land;true;low_urban;5
5562;11;28;19;sea;false;ocean;0
5563;19;2;40;land;false;plains;5
5564;9;3;58;land;false;plains;5
5565;22;35;37;land;false;plains;5
5566;1;8;3;land;false;low_urban;5
5567;28;5;2;land;true;low_urban;6
5568;22;8;0;land;false;plains;5
5569;1;51;47;land;false;plains;5
5570;5;16;60;land;false;forest;3
5571;43;47;4;sea;false;ocean;0
5572;66;21;2;land;true;marsh;5
5573;13;54;15;land;false;plains;5
5574;54;20;6;sea;false;ocean;0
5575;29;53;8;land;false;plains;5
5576;9;25;36;land;true;urban;2
5577;11;46;6;land;true;plains;6
5578;17;48;29;land;false;forest;4
5579;51;9;35;land;false;plains;4
5580;23;37;22;land;false;forest;5
5581;34;7;23;land;false;marsh;5
5582;32;5;19;land;false;plains;1
5583;26;18;42;land;false;plains;5
5584;45;33;16;land;false;low_urban;5
5585;53;1;45;sea;false;ocean;0
5586;74;2;0;land;true;plains;5
5587;15;42;33;lake;false;lakes;0
5588;12;66;16;land;false;forest;5
5589;11;15;50;land;false;forest;5
5590;2;56;24;sea;false;ocean;0
5591;31;9;26;land;false;forest;5
5592;25;37;31;sea;false;ocean;0
5593;4;52;28;sea;false;ocean;0
5594;9;43;42;sea;false;ocean;0
5595;14;34;42;land;false;plains;6
5596;20;36;43;sea;false;ocean;0
5597;3;43;24;land;false;plains;5
5598;39;19;21;sea;false;ocean;0
5599;1;61;0;sea;false;ocean;0
5600;5;78;8;sea;false;ocean;0
5601;16;54;14;sea;false;ocean;0
5602;3;7;56;land;false;plains;6
5603;11;40;1;sea;false;ocean;0
5604;24;50;13;sea;false;ocean;0
5605;54;13;21;land;false;forest;5
5606;49;0;13;land;false;plains;5
5607;3;41;13;sea;false;ocean;0
5608;55;8;13;sea;false;ocean;0
5609;7;44;29;land;false;plains;5
5610;44;11;36;land;false;forest;5
5611;23;50;17;land;false;plains;4
5612;13;52;0;land;false;plains;5
5613;15;58;20;sea;false;ocean;0
5614;35;11;38;sea;false;ocean;0
5615;2;47;48;land;false;forest;5
5616;18;29;46;land;true;plains;5
5617;14;40;29;land;false;forest;3
5618;3;29;47;land;false;plains;6
5619;2;65;28;land;false;forest;5
5620;4;63;9;land;false;plains;5
5621;37;24;15;sea;false;ocean;0
5622;9;25;7;land;false;forest;6
5623;36;49;11;land;false;low_urban;5
5624;19;4;9;land;true;plains;4
5625;76;0;20;land;false;plains;5
5626;16;30;43;sea;false;ocean;0
5627;25;3;29;land;false;plains;5
5628;43;30;22;land;true;plains;5
5629;26;4;67;sea;false;ocean;0
5630;16;68;15;sea;false;ocean;0
5631;2;91;3;land;false;plains;6
5632;12;10;67;sea;false;ocean;0
5633;3;32;21;sea;false;ocean;0
5634;1;49;28;land;false;plains;4
5635;6;1;87;land;false;forest;5
5636;26;14;15;land;false;forest;5
5637;4;8;51;sea;false;ocean;0
5638;20;64;15;sea;false;ocean;0
5639;6;26;62;sea;false;ocean;0
5640;35;46;13;land;false;plains;5
5641;3;28;25;land;true;plains;6
5642;3;54;31;sea;false;ocean;0
5643;45;8;41;sea;false;ocean;0
5644;11;10;24;land;false;forest;5
5645;19;18;32;land;true;plains;4
5646;28;34;23;sea;false;ocean;0
5647;1;59;6;land;false;plains;5
5648;37;26;3;lake;false;lakes;0
5649;12;50;10;land;true;plains;6
5650;1;31;48;land;false;plains;4
5651;11;3;36;land;false;plains;4
5652;8;47;39;sea;false;ocean;0
5653;20;69;5;sea;false;ocean;0
5654;12;50;26;sea;false;ocean;0
5655;10;1;53;land;false;low_urban;5
5656;29;5;38;sea;false;ocean;0
5657;16;35;12;sea;false;ocean;0
5658;11;32;35;land;false;urban;2
5659;35;4;42;sea;false;ocean;0
5660;14;1;47;sea;false;ocean;0
5661;4;11;69;sea;false;ocean;0
5662;18;4;7;sea;false;ocean;0
5663;50;29;4;land;false;forest;5
5664;0;42;47;land;false;plains;5
5665;18;31;21;sea;false;ocean;0
5666;6;43;47;land;false;plains;6
5667;2;2;72;land;true;plains;5
5668;42;1;35;land;false;plains;5
5669;62;16;4;land;true;plains;6
5670;36;35;18;sea;false;ocean;0
5671;25;47;0;land;false;plains;5
5672;24;36;22;land;false;forest;4
5673;51;32;14;land;false;plains;5
5674;15;25;37;sea;false;ocean;0
5675;44;36;0;sea;false;ocean;0
5676;7;7;35;lake;false;lakes;0
5677;26;61;2;land;false;plains;5
5678;29;4;37;sea;false;ocean;0
5679;3;22;73;sea;false;ocean;0
5680;53;7;0;land;false;low_urban;5
5681;4;28;65;sea;false;ocean;0
5682;11;14;64;sea;false;ocean;0
5683;11;37;17;land;false;plains;5
5684;7;33;40;land;false;forest;3
5685;38;10;12;land;false;plains;4
5686;47;9;39;land;false;forest;5
5687;51;26;12;sea;false;ocean;0
5688;49;38;8;land;false;plains;6
5689;7;60;6;land;false;forest;4
5690;4;14;8;land;false;plains;5
5691;7;38;11;land;true;plains;5
5692;42;10;13;land;false;plains;4
5693;57;7;10;sea;false;ocean;0
5694;15;14;21;sea;false;ocean;0
5695;14;38;0;sea;false;ocean;0
5696;2;43;5;sea;false;ocean;0
5697;50;3;40;sea;false;ocean;0
5698;7;2;40;land;false;forest;5
5699;34;31;11;land;false;plains;5
5700;7;2;20;land;false;low_urban;6
5701;55;3;8;land;false;plains;5
5702;30;20;17;sea;false;ocean;0
5703;72;14;3;land;false;plains;5
5704;78;9;8;land;false;plains;6
5705;49;18;14;land;false;forest;4
5706;7;10;78;land;false;plains;5
5707;1;21;40;land;false;plains;5
5708;5;63;17;land;false;plains;5
5709;31;17;10;sea;false;ocean;0
5710;35;42;2;land;false;plains;6
5711;11;2;0;land;false;plains;5
5712;15;66;5;land;false;plains;5
5713;21;22;5;land;false;plains;5
5714;83;13;1;sea;false;ocean;0
5715;46;16;23;sea;false;ocean;0
5716;43;0;2;land;false;plains;6
5717;24;26;2;sea;false;ocean;0
5718;51;16;20;land;false;plains;6
5719;23;50;9;land;false;plains;6
5720;20;29;48;land;false;marsh;5
5721;21;2;70;land;false;plains;5
5722;27;10;52;sea;false;ocean;0
5723;63;21;3;sea;false;ocean;0
5724;50;11;7;sea;false;ocean;0
5725;8;26;57;land;false;plains;5
5726;7;48;28;sea;false;ocean;0
5727;17;12;32;land;false;plains;4
5728;24;4;55;sea;false;ocean;0
5729;26;20;32;land;false;forest;5
5730;2;1;68;land;false;plains;6
5731;45;1;20;sea;false;ocean;0
5732;22;1;13;sea;false;ocean;0
5733;7;56;13;land;false;forest;5
5734;37;56;0;sea;false;ocean;0
5735;19;11;44;sea;false;ocean;0
5736;11;40;36;land;false;plains;5
5737;29;8;18;sea;false;ocean;0
5738;9;65;4;sea;false;ocean;0
5739;50;19;29;sea;false;ocean;0
5740;54;6;1;land;false;forest;5
5741;20;7;5;land;false;forest;5
5742;18;55;8;sea;false;ocean;0
5743;25;49;4;land;false;plains;5
5744;20;41;25;sea;false;ocean;0
5745;6;7;77;land;false;plains;5
5746;76;5;15;land;false;low_urban;5
5747;13;40;27;land;false;marsh;5
5748;40;12;46;sea;false;ocean;0
5749;26;16;36;land;false;plains;5
5750;132;173;81;land;false;plains;4
5751;24;24;20;sea;false;ocean;0
5752;41;14;27;land;false;plains;5
5753;54;17;11;land;false;forest;5
5754;38;34;16;land;true;plains;5
5755;40;3;14;land;false;plains;4
5756;0;0;66;land;false;plains;6
5757;42;1;47;sea;false;ocean;0
5758;0;19;8;land;false;plains;5
5759;24;32;12;land;true;plains;5
5760;10;30;4;sea;false;ocean;0
5761;7;51;27;sea;false;ocean;0
5762;66;17;6;sea;false;ocean;0
5763;26;29;0;land;false;forest;5
5764;9;3;19;sea;false;ocean;0
5765;31;16;7;sea;false;ocean;0
5766;44;49;5;land;false;forest;5
5767;99;153;112;land;true;low_urban;4
5768;32;14;0;sea;false;ocean;0
5769;3;12;72;sea;false;ocean;0
5770;56;6;13;land;false;plains;4
5771;68;11;3;sea;false;ocean;0
5772;12;29;34;land;false;plains;5
5773;11;4;56;land;false;forest;5
5774;20;75;3;land;true;plains;6
5775;69;14;4;sea;false;ocean;0
5776;0;20;67;land;false;forest;4
5777;26;9;29;lake;false;lakes;0
5778;15;75;4;land;false;forest;4
5779;28;10;6;sea;false;ocean;0
5780;58;1;34;sea;false;ocean;0
5781;42;0;33;land;false;plains;5
5782;63;18;14;sea;false;ocean;0
5783;24;32;6;land;false;forest;5
5784;25;2;13;sea;false;ocean;0
5785;0;28;71;land;false;plains;4
5786;59;15;21;land;true;industrial;6
5787;21;67;8;sea;false;ocean;0
5788;15;30;19;sea;false;ocean;0
5789;4;22;28;sea;false;ocean;0
5790;2;12;33;land;false;plains;5
5791;13;12;53;land;false;plains;5
5792;63;9;8;sea;false;ocean;0
5793;5;27;35;sea;false;ocean;0
5794;24;44;11;land;false;forest;6
5795;12;65;4;land;true;forest;5
5796;44;37;13;land;false;plains;6
5797;42;29;8;land;false;marsh;5
5798;46;10;14;land;true;plains;5
5799;11;32;46;land;false;plains;5
5800;13;42;19;sea;false;ocean;0
5801;35;44;3;land;false;plains;5
5802;11;69;11;land;false;plains;2
5803;12;22;40;land;false;plains;5
5804;15;12;11;sea;false;ocean;0
5805;46;0;0;land;false;plains;6
5806;30;54;13;sea;false;ocean;0
5807;1;18;25;land;true;plains;6
5808;17;1;28;land;false;forest;5
5809;24;2;39;land;false;plains;4
5810;33;8;53;land;true;plains;5
5811;42;51;6;sea;false;ocean;0
5812;3;10;60;land;true;plains;6
5813;10;59;11;lake;false;lakes;0
5814;25;44;28;land;false;plains;5
5815;11;14;56;sea;false;ocean;0
5816;11;73;11;sea;false;ocean;0
5817;54;34;7;land;false;plains;5
5818;139;142;79;land;false;plains;4
5819;52;6;37;sea;false;ocean;0
5820;74;9;11;land;false;forest;5
5821;32;7;31;sea;false;ocean;0
5822;51;26;13;land;false;plains;5
5823;37;25;6;land;false;plains;5
5824;4;45;32;land;true;plains;6
5825;1;21;34;land;false;plains;5
5826;17;28;35;sea;false;ocean;0
5827;67;11;6;sea;false;ocean;0
5828;9;21;29;land;true;plains;5
5829;21;5;4;land;true;forest;5
5830;9;48;42;sea;false;ocean;0
5831;27;2;6;land;false;forest;4
5832;66;10;5;land;false;plains;6
5833;165;165;38;land;false;low_urban;4
5834;128;168;214;land;true;forest;4
5835;7;51;12;land;false;marsh;6
5836;51;37;9;sea;false;ocean;0
5837;52;8;27;lake;false;lakes;0
5838;20;72;5;land;false;low_urban;5
5839;2;29;43;land;false;forest;5
5840;64;1;9;sea;false;ocean;0
5841;12;6;12;land;true;plains;6
5842;0;11;21;land;false;plains;5
5843;53;31;7;sea;false;ocean;0
5844;4;41;41;land;false;plains;5
5845;18;61;5;land;false;urban;6
5846;45;29;15;land;false;forest;5
5847;29;39;14;land;false;marsh;5
5848;39;29;20;sea;false;ocean;0
5849;17;68;6;land;false;plains;5
5850;39;29;19;land;true;plains;5
5851;15;35;49;land;false;low_urban;4
5852;14;67;6;land;false;plains;5
5853;8;22;12;sea;false;ocean;0
5854;7;13;75;land;true;plains;5
5855;2;3;11;sea;false;ocean;0
5856;13;3;26;sea;false;ocean;0
5857;9;4;11;land;false;plains;6
5858;22;26;26;land;false;plains;3
5859;34;9;46;land;false;plains;5
5860;56;15;25;land;false;plains;6
5861;12;30;9;land;false;forest;6
5862;68;28;0;sea;false;ocean;0
5863;24;9;13;land;false;plains;6
5864;14;60;12;land;false;plains;5
5865;62;3;20;land;false;forest;5
5866;33;3;36;land;false;plains;5
5867;10;7;78;sea;false;ocean;0
5868;32;6;10;sea;false;ocean;0
5869;16;1;0;land;false;plains;5
5870;14;9;30;sea;false;ocean;0
5871;20;46;16;land;false;plains;5
5872;32;24;21;sea;false;ocean;0
5873;5;0;48;sea;false;ocean;0
5874;9;12;42;land;false;plains;4
5875;76;3;8;sea;false;ocean;0
5876;1;7;70;land;false;forest;5
5877;31;25;27;land;false;plains;5
5878;55;35;2;sea;false;ocean;0
5879;1;82;13;land;false;forest;4
5880;48;9;29;land;false;marsh;5
5881;10;20;27;land;false;plains;6
5882;56;7;33;land;false;plains;5
5883;42;33;15;sea;false;ocean;0
5884;5;23;13;land;false;forest;5
5885;36;24;24;sea;false;ocean;0
5886;8;53;12;land;false;marsh;5
5887;26;35;17;sea;false;ocean;0
5888;34;1;64;land;false;plains;5
5889;53;23;0;land;false;plains;5
5890;50;46;0;land;false;plains;6
5891;34;3;32;sea;false;ocean;0
5892;12;38;24;sea;false;ocean;0
5893;3;37;5;land;false;plains;5
5894;19;10;51;land;false;plains;5
5895;4;8;39;land;true;forest;5
5896;13;16;39;land;false;forest;4
5897;5;14;43;land;false;plains;5
5898;8;4;42;land;true;plains;5
5899;48;6;35;land;false;plains;5
5900;30;49;1;land;false;forest;5
5901;24;23;17;land;false;plains;5
5902;50;12;4;land;false;plains;5
5903;34;30;0;land;false;plains;6
5904;50;24;25;land;false;low_urban;5
5905;48;48;0;land;false;forest;5
5906;45;10;16;sea;false;ocean;0
5907;13;1;25;land;false;low_urban;5
5908;25;36;23;sea;false;ocean;0
5909;7;68;21;land;false;plains;5
5910;19;58;22;land;false;forest;5
5911;12;48;15;land;false;plains;4
5912;30;5;57;land;true;low_urban;6
5913;19;9;68;land;false;plains;6
5914;11;2;79;land;false;plains;5
5915;44;34;16;land;false;forest;6
5916;18;12;1;lake;false;lakes;0
5917;32;20;37;land;false;plains;5
5918;31;28;5;land;false;plains;4
5919;2;41;53;sea;false;ocean;0
5920;62;7;14;sea;false;ocean;0
5921;37;30;6;land;true;low_urban;4
5922;1;64;16;sea;false;ocean;0
5923;18;18;60;sea;false;ocean;0
5924;0;38;31;sea;false;ocean;0
5925;7;9;35;land;false;plains;4
5926;12;16;1;land;false;forest;5
5927;19;11;31;land;false;forest;4
5928;71;9;11;land;false;forest;5
5929;43;0;46;sea;false;ocean;0
5930;16;3;19;land;false;low_urban;5
5931;29;51;19;sea;false;ocean;0
5932;41;2;33;land;false;low_urban;4
5933;8;62;27;sea;false;ocean;0
5934;9;61;22;land;false;forest;5
5935;16;57;16;sea;false;ocean;0
5936;20;27;47;sea;false;ocean;0
5937;38;18;39;land;false;plains;5
5938;21;77;0;sea;false;ocean;0
5939;57;12;0;land;false;plains;5
5940;37;30;28;sea;false;ocean;0
5941;12;53;12;sea;false;ocean;0
5942;7;40;32;land;false;plains;5
5943;18;16;4;land;false;plains;5
5944;62;1;8;land;false;plains;6
5945;12;37;31;land;false;forest;5
5946;50;40;1;land;false;plains;5
5947;3;18;67;land;false;plains;5
5948;40;0;53;land;false;plains;5
5949;65;9;15;land;false;forest;6
5950;2;25;50;land;false;plains;6
5951;85;8;1;land;false;plains;5
5952;52;4;0;sea;false;ocean;0
5953;22;10;11;land;true;plains;5
5954;20;63;15;land;false;plains;5
5955;36;12;14;land;false;forest;5
5956;8;10;37;land;false;plains;4
5957;44;15;37;lake;false;lakes;0
5958;19;57;6;land;false;plains;5
5959;2;18;74;land;true;plains;5
5960;22;23;36;sea;false;ocean;0
5961;28;35;11;land;false;plains;5
5962;16;9;58;land;false;marsh;6
5963;5;6;18;sea;false;ocean;0
5964;36;24;26;land;false;plains;5
5965;22;15;0;sea;false;ocean;0
5966;2;20;40;sea;false;ocean;0
5967;4;57;25;land;true;forest;5
5968;13;37;28;land;false;urban;5
5969;11;13;39;land;true;plains;5
5970;36;16;24;land;true;forest;5
5971;32;11;25;land;false;plains;5
5972;15;23;23;lake;false;lakes;0
5973;59;28;9;sea;false;ocean;0
5974;48;24;12;sea;false;ocean;0
5975;33;22;26;sea;false;ocean;0
5976;23;9;25;lake;false;lakes;0
5977;43;8;23;land;false;plains;6
5978;0;31;43;land;false;forest;5
5979;14;10;65;land;false;plains;5
5980;12;24;43;sea;false;ocean;0
5981;3;12;10;sea;false;ocean;0
5982;15;47;8;land;false;forest;5
5983;6;0;78;land;false;plains;4
5984;7;7;83;land;false;forest;5
5985;20;52;16;sea;false;ocean;0
5986;61;21;10;lake;false;lakes;0
5987;11;3;77;sea;false;ocean;0
5988;3;24;36;sea;false;ocean;0
5989;15;44;3;land;false;plains;5
5990;28;0;48;land;false;plains;6
5991;25;0;11;land;false;forest;5
5992;16;6;20;land;true;forest;5
5993;13;11;18;land;false;plains;5
5994;42;4;42;land;true;forest;4
5995;17;52;24;lake;false;lakes;0
5996;0;20;1;land;false;forest;6
5997;2;58;38;sea;false;ocean;0
5998;50;13;11;land;false;urban;1
5999;37;3;17;sea;false;ocean;0
6000;30;36;4;sea;false;ocean;0
6001;48;21;21;sea;false;ocean;0
6002;56;5;13;land;false;plains;6
6003;2;45;1;land;false;low_urban;5
6004;9;31;2;land;false;plains;5
6005;8;38;17;land;false;plains;6
6006;25;0;24;land;false;plains;4
6007;5;61;31;land;true;forest;5
6008;14;51;7;land;false;forest;5
6009;137;126;89;land;false;industrial;4
6010;0;8;43;land;false;forest;5
6011;35;41;23;land;false;plains;5
6012;30;1;1;sea;false;ocean;0
6013;4;77;15;land;false;plains;5
6014;18;56;8;sea;false;ocean;0
6015;1;15;57;sea;false;ocean;0
6016;60;9;22;land;false;plains;5
6017;10;33;2;land;false;forest;3
6018;60;18;13;land;false;plains;5
6019;56;37;2;sea;false;ocean;0
6020;23;53;2;sea;false;ocean;0
6021;17;31;20;sea;false;ocean;0
6022;11;52;5;land;false;plains;5
6023;52;12;3;sea;false;ocean;0
6024;41;0;49;sea;false;ocean;0
6025;19;5;67;land;false;plains;5
6026;9;31;44;land;false;plains;5
6027;17;10;5;land;false;plains;5
6028;22;20;0;land;false;low_urban;5
6029;8;11;15;land;false;plains;5
6030;46;12;14;land;false;low_urban;5
6031;53;13;12;land;false;plains;6
6032;24;15;52;lake;false;lakes;0
6033;26;30;24;land;false;forest;3
6034;52;5;23;land;false;urban;2
6035;34;20;4;sea;false;ocean;0
6036;48;5;21;land;true;plains;5
6037;15;32;43;land;false;plains;5
6038;34;11;4;land;false;plains;5
6039;22;11;23;land;false;marsh;6
6040;34;15;12;sea;false;ocean;0
6041;0;40;9;sea;false;ocean;0
6042;13;37;39;sea;false;ocean;0
6043;8;51;19;land;false;plains;5
6044;30;6;13;land;false;plains;5
6045;8;1;32;sea;false;ocean;0
6046;55;38;3;sea;false;ocean;0
6047;5;40;14;land;false;plains;5
6048;41;45;4;land;false;plains;5
6049;15;39;23;sea;false;ocean;0
6050;34;33;4;land;false;plains;5
6051;5;13;67;land;false;plains;5
6052;10;0;16;land;false;plains;6
6053;49;2;7;sea;false;ocean;0
6054;9;76;4;sea;false;ocean;0
6055;21;16;32;land;true;plains;5
6056;20;8;57;land;false;plains;5
6057;7;10;54;land;false;plains;5
6058;11;8;78;sea;false;ocean;0
6059;9;15;40;sea;false;ocean;0
6060;27;25;37;sea;false;ocean;0
6061;18;37;11;land;false;hills;3
6062;24;9;45;land;false;plains;5
6063;30;21;41;land;true;plains;5
6064;33;25;29;land;false;plains;5
6065;13;12;2;sea;false;ocean;0
6066;28;20;41;land;false;plains;5
6067;13;31;55;land;false;plains;5
6068;134;175;102;land;false;low_urban;4
6069;54;43;1;land;false;forest;4
6070;4;4;36;land;false;plains;6
6071;4;3;73;sea;false;ocean;0
6072;39;18;34;land;true;plains;5
6073;16;3;68;lake;false;lakes;0
6074;13;31;46;sea;false;ocean;0
6075;67;6;22;land;false;forest;5
6076;4;35;26;sea;false;ocean;0
6077;7;14;29;sea;false;ocean;0
6078;51;20;19;sea;false;ocean;0
6079;4;79;13;land;false;forest;5
6080;25;15;12;land;false;marsh;6
6081;4;9;9;sea;false;ocean;0
6082;11;9;43;sea;false;ocean;0
6083;25;51;1;land;false;plains;5
6084;5;39;55;land;false;plains;5
6085;119;103;138;land;false;forest;4
6086;17;3;66;land;false;plains;5
6087;16;9;74;land;false;plains;6
6088;13;58;12;sea;false;ocean;0
6089;36;30;25;sea;false;ocean;0
6090;35;10;52;land;false;plains;5
6091;1;63;30;land;false;low_urban;5
6092;22;21;45;land;false;plains;5
6093;62;122;84;land;false;forest;4
6094;11;23;37;sea;false;ocean;0
6095;4;25;65;sea;false;ocean;0
6096;8;62;15;land;false;plains;4
6097;5;42;29;sea;false;ocean;0
6098;5;82;1;land;false;forest;6
6099;28;13;8;sea;false;ocean;0
6100;24;51;22;land;false;plains;6
6101;7;27;43;land;false;forest;5
6102;19;20;8;land;true;plains;5
6103;8;40;34;land;false;plains;5
6104;35;4;55;land;true;urban;3
6105;28;3;33;land;true;forest;5
6106;21;15;40;sea;false;ocean;0
6107;26;44;23;sea;false;ocean;0
6108;27;45;7;sea;false;ocean;0
6109;7;60;18;land;true;plains;5
6110;37;10;25;land;false;plains;5
6111;9;32;4;sea;false;ocean;0
6112;5;14;19;sea;false;ocean;0
6113;22;15;16;land;true;urban;5
6114;57;6;10;sea;false;ocean;0
6115;4;21;40;sea;false;ocean;0
6116;27;4;13;land;true;plains;2
6117;11;43;25;sea;false;ocean;0
6118;47;10;16;land;plains;plains;5
6119;17;43;1;land;true;forest;5
6120;1;69;4;land;false;plains;5
6121;38;32;2;land;false;forest;6
6122;25;6;25;sea;false;ocean;0
6123;4;15;76;land;true;forest;5
6124;9;36;48;sea;false;ocean;0
6125;16;17;1;land;true;plains;5
6126;49;29;16;land;false;forest;5
6127;0;84;9;land;false;low_urban;5
6128;72;0;21;land;false;industrial;5
6129;77;127;122;land;false;plains;4
6130;44;18;14;land;true;plains;5
6131;46;34;4;land;false;plains;5
6132;76;19;1;sea;false;ocean;0
6133;1;55;5;sea;false;ocean;0
6134;22;59;18;land;true;plains;5
6135;8;36;41;land;false;forest;6
6136;12;45;11;lake;false;lakes;0
6137;11;42;2;lake;false;lakes;0
6138;10;0;36;sea;false;ocean;0
6139;21;28;33;land;false;plains;5
6140;1;61;25;land;false;urban;2
6141;11;18;23;land;false;plains;5
6142;0;49;46;land;false;plains;6
6143;0;63;19;sea;false;ocean;0
6144;23;3;65;land;false;plains;5
6145;22;44;0;sea;false;ocean;0
6146;47;6;19;sea;false;ocean;0
6147;45;30;13;land;false;forest;4
6148;16;18;60;land;false;plains;4
6149;46;38;7;land;false;forest;5
6150;9;7;83;land;true;forest;4
6151;11;62;8;sea;false;ocean;0
6152;74;5;11;sea;false;ocean;0
6153;42;30;16;land;false;low_urban;5
6154;37;55;2;land;true;low_urban;5
6155;32;21;14;sea;false;ocean;0
6156;52;24;12;land;false;plains;4
6157;68;12;17;land;false;plains;5
6158;7;84;2;land;false;urban;5
6159;1;13;33;land;false;plains;5
6160;54;16;25;land;true;forest;6
6161;17;13;13;land;false;plains;5
6162;38;22;16;sea;false;ocean;0
6163;6;76;14;lake;false;lakes;0
6164;9;52;0;lake;false;lakes;0
6165;8;10;50;land;false;plains;4
6166;0;35;38;land;false;plains;6
6167;2;44;4;land;false;forest;5
6168;47;30;3;land;false;forest;5
6169;22;43;26;sea;false;ocean;0
6170;15;44;7;sea;false;ocean;0
6171;14;27;12;lake;false;lakes;0
6172;11;14;10;land;true;plains;5
6173;52;34;2;land;false;low_urban;5
6174;62;22;12;land;true;plains;5
6175;11;3;2;land;false;forest;5
6176;21;39;23;land;false;forest;5
6177;20;1;77;land;true;forest;6
6178;6;45;23;sea;false;ocean;0
6179;34;15;21;land;false;forest;5
6180;4;1;52;land;true;plains;5
6181;21;1;49;land;false;forest;5
6182;17;55;16;lake;false;lakes;0
6183;56;35;7;land;false;forest;5
6184;35;27;36;sea;false;ocean;0
6185;15;43;31;land;true;urban;2
6186;1;67;27;lake;false;lakes;0
6187;31;45;22;land;false;plains;5
6188;3;68;2;land;false;plains;5
6189;19;36;37;land;false;plains;6
6190;0;30;64;sea;false;ocean;0
6191;7;8;79;land;false;plains;6
6192;27;0;12;land;false;plains;6
6193;49;17;1;land;false;plains;5
6194;61;12;17;sea;false;ocean;0
6195;7;74;14;lake;false;lakes;0
6196;8;43;44;land;false;low_urban;1
6197;6;17;62;land;false;plains;5
6198;43;44;5;land;false;plains;6
6199;66;7;23;land;false;plains;4
6200;4;16;32;land;false;plains;6
6201;2;64;6;sea;false;ocean;0
6202;35;2;36;sea;false;ocean;0
6203;21;25;41;sea;false;ocean;0
6204;60;17;3;sea;false;ocean;0
6205;18;0;44;land;false;plains;5
6206;48;11;31;land;false;forest;5
6207;10;72;2;land;false;plains;5
6208;16;8;30;land;false;plains;4
6209;9;65;13;land;false;plains;6
6210;1;25;17;land;false;forest;5
6211;34;44;17;land;false;plains;4
6212;26;33;30;sea;false;ocean;0
6213;28;1;70;land;false;plains;6
6214;47;15;17;land;false;plains;5
6215;54;6;23;sea;false;ocean;0
6216;42;26;6;sea;false;ocean;0
6217;48;1;48;land;false;plains;5
6218;1;4;23;sea;false;ocean;0
6219;68;2;22;sea;false;ocean;0
6220;34;14;44;land;true;plains;5
6221;15;9;13;land;false;forest;3
6222;32;18;18;sea;false;ocean;0
6223;28;13;21;sea;false;ocean;0
6224;26;35;2;land;false;plains;6
6225;46;34;6;land;false;plains;5
6226;39;34;1;land;true;plains;5
6227;2;14;70;land;false;plains;5
6228;6;41;29;land;false;plains;5
6229;42;2;20;land;true;forest;6
6230;14;23;8;sea;false;ocean;0
6231;5;0;1;land;false;plains;6
6232;32;13;45;land;false;forest;5
6233;47;21;18;land;false;urban;5
6234;33;28;5;land;false;plains;5
6235;1;73;22;land;true;plains;4
6236;5;59;17;sea;false;ocean;0
6237;30;1;44;sea;false;ocean;0
6238;17;13;5;land;true;forest;6
6239;5;34;42;sea;false;ocean;0
6240;24;8;63;land;false;forest;5
6241;32;12;41;sea;false;ocean;0
6242;55;21;18;sea;false;ocean;0
6243;23;7;8;land;false;plains;5
6244;5;3;68;sea;false;ocean;0
6245;28;23;16;sea;false;ocean;0
6246;35;29;13;land;false;plains;4
6247;23;61;13;sea;false;ocean;0
6248;59;13;18;land;true;plains;5
6249;32;43;4;land;false;plains;5
6250;27;24;47;land;false;low_urban;4
6251;78;7;9;land;true;plains;5
6252;21;11;52;land;false;low_urban;5
6253;26;22;22;land;false;plains;4
6254;6;3;2;land;true;plains;5
6255;28;39;6;land;false;plains;5
6256;16;3;47;sea;false;ocean;0
6257;27;9;50;sea;false;ocean;0
6258;53;6;38;sea;false;ocean;0
6259;32;58;5;sea;false;ocean;0
6260;38;33;28;lake;false;lakes;0
6261;6;31;52;lake;false;lakes;0
6262;52;21;2;sea;false;ocean;0
6263;28;6;9;land;false;marsh;1
6264;46;4;12;land;false;forest;4
6265;7;3;20;sea;false;ocean;0
6266;49;8;12;land;false;plains;5
6267;51;41;2;sea;false;ocean;0
6268;10;13;40;land;false;low_urban;4
6269;66;21;8;land;false;plains;4
6270;56;18;21;land;false;plains;5
6271;23;29;6;land;false;plains;5
6272;9;34;40;land;false;plains;5
6273;39;0;35;sea;false;ocean;0
6274;29;2;2;land;false;plains;5
6275;7;50;30;land;false;forest;4
6276;4;44;50;land;false;forest;5
6277;20;8;9;land;false;forest;4
6278;28;8;7;sea;false;ocean;0
6279;105;172;178;land;false;industrial;4
6280;40;7;37;land;false;low_urban;4
6281;43;2;33;sea;false;ocean;0
6282;22;9;56;land;false;plains;5
6283;20;33;4;land;false;plains;5
6284;1;27;13;land;false;plains;5
6285;17;28;43;lake;false;lakes;0
6286;60;1;2;sea;false;ocean;0
6287;12;35;27;sea;false;ocean;0
6288;32;46;9;land;false;low_urban;5
6289;19;23;21;land;false;forest;4
6290;4;21;52;land;false;industrial;4
6291;38;1;16;land;false;plains;5
6292;31;29;35;sea;false;ocean;0
6293;51;16;24;land;true;plains;4
6294;36;50;1;land;true;forest;4
6295;41;5;35;land;false;plains;5
6296;9;26;11;land;true;marsh;5
6297;9;14;41;sea;false;ocean;0
6298;1;25;29;land;false;plains;4
6299;21;28;19;sea;false;ocean;0
6300;42;10;14;land;false;plains;4
6301;3;17;43;sea;false;ocean;0
6302;1;11;42;land;false;forest;5
6303;7;28;35;sea;false;ocean;0
6304;15;38;7;sea;false;ocean;0
6305;10;15;17;sea;false;ocean;0
6306;76;8;8;land;false;plains;6
6307;36;18;6;land;true;forest;4
6308;37;3;27;land;false;plains;5
6309;16;2;42;land;false;forest;5
6310;89;1;7;sea;false;ocean;0
6311;58;6;10;land;true;plains;5
6312;10;55;6;land;false;plains;2
6313;76;13;9;land;false;plains;5
6314;26;63;9;land;false;plains;5
6315;13;23;60;land;false;plains;5
6316;12;77;10;sea;false;ocean;0
6317;6;25;55;sea;false;ocean;0
6318;29;30;10;sea;false;ocean;0
6319;5;50;40;sea;false;ocean;0
6320;9;40;36;sea;false;ocean;0
6321;3;28;66;land;false;plains;5
6322;5;17;30;land;false;plains;4
6323;41;30;11;land;false;plains;5
6324;9;46;12;land;false;low_urban;4
6325;30;29;33;land;false;urban;5
6326;12;66;10;land;false;plains;4
6327;25;19;4;land;false;plains;4
6328;82;1;14;land;false;plains;5
6329;49;6;16;land;false;low_urban;5
6330;16;21;51;land;false;plains;5
6331;17;54;2;land;false;plains;5
6332;29;3;42;land;false;plains;5
6333;13;41;22;land;false;plains;5
6334;77;4;7;land;false;forest;5
6335;13;3;10;sea;false;ocean;0
6336;27;11;33;land;false;plains;6
6337;13;15;58;sea;false;ocean;0
6338;11;30;38;sea;false;ocean;0
6339;17;53;15;land;false;plains;4
6340;25;10;13;land;false;plains;5
6341;10;49;23;sea;false;ocean;0
6342;8;51;7;land;false;plains;5
6343;45;2;31;sea;false;ocean;0
6344;0;48;40;land;false;forest;5
6345;32;51;12;sea;false;ocean;0
6346;12;1;60;land;false;plains;5
6347;29;8;11;land;true;forest;5
6348;36;20;17;land;false;low_urban;5
6349;7;13;65;sea;false;ocean;0
6350;56;13;16;land;false;plains;4
6351;9;39;26;sea;false;ocean;0
6352;1;18;41;sea;false;ocean;0
6353;13;6;44;sea;false;ocean;0
6354;6;26;67;land;false;plains;5
6355;11;28;29;sea;false;ocean;0
6356;29;6;37;land;false;plains;5
6357;0;21;43;land;false;plains;5
6358;49;47;2;sea;false;ocean;0
6359;65;4;21;land;false;plains;5
6360;3;16;79;land;false;forest;5
6361;8;1;68;sea;false;ocean;0
6362;16;3;32;sea;false;ocean;0
6363;48;13;33;sea;false;ocean;0
6364;45;30;16;land;true;plains;6
6365;0;2;13;land;false;plains;5
6366;22;44;20;land;false;urban;2
6367;17;16;25;land;false;forest;5
6368;19;59;0;land;true;urban;2
6369;37;21;29;land;true;plains;4
6370;17;24;5;land;false;plains;5
6371;38;8;30;sea;false;ocean;0
6372;22;55;6;land;false;forest;5
6373;34;7;26;sea;false;ocean;0
6374;10;32;11;land;false;industrial;4
6375;16;30;20;lake;false;lakes;6
6376;9;37;19;land;false;plains;5
6377;7;3;67;sea;false;ocean;0
6378;24;10;21;land;false;forest;5
6379;1;82;15;land;false;plains;5
6380;40;2;50;sea;false;ocean;0
6381;8;47;37;land;false;plains;5
6382;27;18;40;sea;false;ocean;0
6383;17;1;51;sea;false;ocean;0
6384;20;39;22;land;false;urban;2
6385;50;33;7;land;false;plains;5
6386;36;43;19;sea;false;ocean;0
6387;45;25;9;land;false;plains;5
6388;70;2;9;land;false;plains;6
6389;2;22;59;sea;false;ocean;0
6390;35;12;6;land;false;plains;5
6391;21;29;24;land;false;plains;5
6392;59;14;18;sea;false;ocean;0
6393;41;44;3;land;false;plains;5
6394;23;18;20;sea;false;ocean;0
6395;24;4;14;land;false;plains;5
6396;17;14;50;land;false;plains;5
6397;51;2;14;land;false;low_urban;4
6398;3;16;6;sea;false;ocean;0
6399;17;19;19;land;false;forest;5
6400;16;26;10;land;false;plains;5
6401;1;5;91;sea;false;ocean;0
6402;0;7;22;sea;false;ocean;0
6403;3;15;8;sea;false;ocean;0
6404;0;33;60;land;false;plains;5
6405;47;31;16;land;false;plains;4
6406;37;11;13;sea;false;ocean;0
6407;57;14;16;sea;false;ocean;0
6408;38;13;11;land;false;plains;5
6409;15;40;42;land;false;plains;6
6410;16;63;14;land;false;low_urban;5
6411;24;8;5;sea;false;ocean;0
6412;25;15;51;sea;false;ocean;0
6413;5;18;44;land;true;urban;2
6414;29;31;20;land;false;forest;5
6415;64;7;23;sea;false;ocean;0
6416;26;27;1;land;false;low_urban;5
6417;6;36;54;sea;false;ocean;0
6418;32;26;19;land;false;plains;5
6419;1;42;34;land;false;plains;5
6420;51;12;35;land;true;plains;5
6421;8;16;49;sea;false;ocean;0
6422;67;5;2;sea;false;ocean;0
6423;34;5;44;land;false;plains;5
6424;1;59;21;sea;false;ocean;0
6425;20;7;41;land;false;plains;5
6426;30;35;21;sea;false;ocean;0
6427;26;17;27;sea;false;ocean;0
6428;38;1;2;land;false;low_urban;5
6429;54;13;15;sea;false;ocean;0
6430;10;25;36;land;false;plains;5
6431;0;50;45;land;true;urban;2
6432;10;37;8;land;false;plains;5
6433;62;6;21;sea;false;ocean;0
6434;19;22;25;land;false;marsh;5
6435;40;26;4;land;false;plains;4
6436;23;23;31;land;false;plains;6
6437;40;1;30;land;false;plains;5
6438;46;21;26;land;false;forest;6
6439;20;15;40;land;false;forest;6
6440;14;13;9;land;false;plains;5
6441;2;60;16;land;true;plains;5
6442;9;18;9;land;false;low_urban;6
6443;35;10;39;sea;false;ocean;0
6444;2;32;15;land;false;plains;5
6445;82;5;2;sea;false;ocean;0
6446;37;14;17;land;true;forest;6
6447;22;15;61;land;true;plains;5
6448;19;18;59;land;false;low_urban;5
6449;41;18;21;sea;false;ocean;0
6450;7;45;26;sea;false;ocean;0
6451;47;3;5;sea;false;ocean;0
6452;2;59;29;land;false;plains;4
6453;42;36;0;land;false;plains;6
6454;12;40;12;sea;false;ocean;0
6455;6;44;4;land;false;forest;5
6456;35;13;13;land;false;plains;5
6457;28;5;12;sea;false;ocean;0
6458;53;12;23;land;false;low_urban;2
6459;26;8;14;land;true;plains;5
6460;35;7;24;land;true;forest;5
6461;66;11;15;land;false;plains;5
6462;60;34;5;sea;false;ocean;0
6463;13;38;11;land;false;plains;5
6464;16;32;29;sea;false;ocean;0
6465;54;13;0;land;false;plains;5
6466;36;26;8;lake;false;lakes;0
6467;23;28;25;sea;false;ocean;0
6468;17;0;50;land;false;low_urban;5
6469;11;73;0;land;false;forest;5
6470;30;28;3;land;false;plains;5
6471;29;3;7;sea;false;ocean;0
6472;46;12;38;land;false;plains;6
6473;18;0;37;land;false;plains;5
6474;6;14;20;sea;false;ocean;0
6475;72;2;14;land;false;low_urban;6
6476;47;46;3;land;false;plains;5
6477;19;29;10;sea;false;ocean;0
6478;41;16;27;lake;false;lakes;0
6479;11;24;12;lake;false;lakes;0
6480;22;35;36;land;false;forest;5
6481;53;4;37;land;false;plains;5
6482;4;16;72;land;false;plains;5
6483;13;3;21;sea;false;ocean;0
6484;18;20;12;land;false;plains;5
6485;23;13;47;sea;false;ocean;0
6486;68;5;8;land;false;plains;5
6487;5;18;64;sea;false;ocean;0
6488;27;39;16;land;false;forest;5
6489;11;87;1;land;false;plains;5
6490;28;29;41;land;false;plains;4
6491;42;5;1;sea;false;ocean;0
6492;3;28;67;sea;false;ocean;0
6493;30;1;65;lake;false;lakes;0
6494;60;2;26;sea;false;ocean;0
6495;26;17;35;land;false;forest;5
6496;6;48;29;land;false;forest;5
6497;22;2;32;sea;false;ocean;0
6498;23;21;2;land;false;plains;5
6499;14;43;11;land;false;forest;5
6500;4;7;47;sea;false;ocean;0
6501;65;13;1;land;true;forest;6
6502;26;47;26;sea;false;ocean;0
6503;69;2;28;land;true;plains;6
6504;26;13;14;land;false;plains;3
6505;2;40;18;sea;false;ocean;0
6506;70;2;7;land;false;forest;5
6507;2;9;45;land;false;forest;5
6508;12;4;22;sea;false;ocean;0
6509;17;27;5;land;false;forest;5
6510;27;30;11;land;false;plains;6
6511;2;25;70;sea;false;ocean;0
6512;9;25;23;sea;false;ocean;0
6513;0;43;0;land;false;forest;5
6514;21;20;19;sea;false;ocean;0
6515;10;5;58;land;false;forest;6
6516;34;22;8;land;true;plains;5
6517;20;25;23;sea;false;ocean;0
6518;1;28;70;land;false;forest;5
6519;5;27;30;land;false;plains;5
6520;17;29;24;land;false;plains;4
6521;4;48;11;land;false;forest;5
6522;58;7;26;sea;false;ocean;0
6523;48;44;0;land;false;plains;5
6524;10;4;83;sea;false;ocean;0
6525;17;9;51;land;false;forest;5
6526;74;5;9;lake;false;lakes;0
6527;40;9;1;land;false;forest;5
6528;19;16;22;sea;false;ocean;0
6529;12;51;24;land;false;plains;6
6530;27;10;11;land;false;low_urban;1
6531;26;38;14;sea;false;ocean;0
6532;35;5;12;sea;false;ocean;0
6533;7;21;27;land;false;low_urban;1
6534;42;11;14;land;false;forest;5
6535;12;24;8;sea;false;ocean;0
6536;15;60;19;sea;false;ocean;0
6537;20;7;62;sea;false;ocean;0
6538;11;28;0;sea;false;ocean;0
6539;51;8;31;land;true;low_urban;5
6540;5;1;81;land;false;plains;5
6541;32;54;4;land;false;plains;6
6542;74;4;18;land;true;forest;6
6543;17;14;64;land;true;forest;2
6544;0;15;34;land;false;plains;5
6545;11;25;32;land;false;plains;5
6546;0;5;14;land;false;plains;5
6547;34;12;48;land;false;forest;5
6548;12;24;1;sea;false;ocean;0
6549;78;2;17;sea;false;ocean;0
6550;11;10;66;land;false;forest;4
6551;26;22;26;land;false;plains;3
6552;37;16;15;land;false;plains;5
6553;33;39;24;land;false;plains;5
6554;12;84;3;land;false;plains;5
6555;38;6;24;sea;false;ocean;0
6556;14;20;55;sea;false;ocean;0
6557;11;28;33;sea;false;ocean;0
6558;12;0;9;lake;false;lakes;0
6559;39;8;46;land;false;forest;5
6560;29;19;10;land;false;forest;5
6561;10;12;29;land;false;plains;6
6562;24;10;44;sea;false;ocean;0
6563;14;46;31;sea;false;ocean;0
6564;81;9;7;land;false;low_urban;6
6565;2;0;44;land;false;forest;5
6566;35;23;37;sea;false;ocean;0
6567;59;16;11;land;true;forest;5
6568;0;67;31;land;true;plains;5
6569;35;15;6;land;true;low_urban;5
6570;3;10;73;land;false;plains;2
6571;1;9;69;land;false;forest;5
6572;37;17;34;land;false;plains;6
6573;22;10;34;land;false;forest;2
6574;17;66;3;land;false;plains;5
6575;33;8;3;land;false;plains;5
6576;3;4;7;land;false;plains;5
6577;4;6;12;sea;false;ocean;0
6578;37;58;2;sea;false;ocean;0
6579;46;18;15;land;false;plains;5
6580;16;1;20;land;false;plains;3
6581;55;23;3;land;true;plains;5
6582;51;12;29;sea;false;ocean;0
6583;50;18;3;lake;false;lakes;0
6584;59;2;26;land;false;plains;6
6585;71;3;11;sea;false;ocean;0
6586;9;53;20;land;false;forest;6
6587;47;30;6;sea;false;ocean;0
6588;15;1;21;sea;false;ocean;0
6589;16;64;18;lake;false;lakes;0
6590;74;15;10;land;false;forest;5
6591;8;35;52;land;true;forest;5
6592;38;22;6;land;false;plains;5
6593;3;0;23;sea;false;ocean;0
6594;2;64;25;land;false;plains;6
6595;29;19;33;land;false;plains;5
6596;37;5;55;sea;false;ocean;0
6597;3;26;25;sea;false;ocean;0
6598;1;45;26;land;true;plains;5
6599;17;49;20;land;false;plains;5
6600;52;11;26;land;false;forest;5
6601;19;21;4;sea;false;ocean;0
6602;12;40;28;sea;false;ocean;0
6603;26;65;1;sea;false;ocean;0
6604;20;53;22;land;false;forest;4
6605;10;33;47;sea;false;ocean;0
6606;6;33;39;land;false;forest;5
6607;1;32;3;sea;false;ocean;0
6608;1;47;39;land;false;plains;5
6609;19;16;54;land;false;plains;6
6610;0;5;42;land;false;forest;5
6611;9;10;32;land;false;forest;6
6612;22;32;21;land;false;forest;5
6613;41;47;8;land;false;plains;6
6614;12;4;74;land;false;plains;5
6615;52;21;15;sea;false;ocean;0
6616;3;2;38;land;false;plains;4
6617;27;26;24;land;false;plains;5
6618;12;1;54;sea;false;ocean;0
6619;10;51;18;sea;false;ocean;0
6620;12;13;15;land;false;plains;5
6621;16;54;1;sea;false;ocean;0
6622;6;37;33;land;false;plains;4
6623;8;61;12;lake;false;lakes;0
6624;24;50;24;land;false;forest;4
6625;57;14;28;land;false;plains;6
6626;13;20;27;land;false;plains;3
6627;28;14;47;land;true;plains;5
6628;60;2;15;lake;false;lakes;0
6629;46;26;10;land;false;plains;5
6630;59;6;33;land;false;plains;5
6631;23;24;4;land;false;plains;5
6632;4;15;69;sea;false;ocean;0
6633;2;32;5;land;false;plains;5
6634;10;17;42;land;false;forest;5
6635;5;1;71;sea;false;ocean;0
6636;26;30;1;lake;false;lakes;0
6637;47;32;11;sea;false;ocean;0
6638;7;2;57;sea;false;ocean;0
6639;10;4;56;sea;false;ocean;0
6640;36;39;0;sea;false;ocean;0
6641;5;62;14;sea;false;ocean;0
6642;10;45;39;sea;false;ocean;0
6643;73;3;13;land;false;plains;5
6644;35;5;13;sea;false;ocean;0
6645;0;61;12;land;false;forest;4
6646;4;59;25;land;false;plains;6
6647;10;18;22;land;false;forest;5
6648;34;37;16;land;true;forest;5
6649;15;19;62;sea;false;ocean;0
6650;63;21;2;land;false;plains;6
6651;9;20;51;land;false;forest;5
6652;26;36;29;land;true;low_urban;5
6653;18;48;16;land;true;plains;4
6654;35;29;18;sea;false;ocean;0
6655;18;11;66;lake;false;lakes;0
6656;11;36;2;land;false;plains;5
6657;15;8;20;sea;false;ocean;0
6658;9;14;13;land;false;forest;4
6659;18;64;3;land;false;plains;5
6660;31;20;39;sea;false;ocean;0
6661;33;28;30;land;false;plains;5
6662;64;2;28;land;false;forest;3
6663;39;38;20;land;false;marsh;5
6664;23;10;7;land;false;plains;5
6665;14;2;39;land;false;forest;4
6666;3;74;9;land;false;plains;5
6667;28;50;10;sea;false;ocean;0
6668;6;58;0;sea;false;ocean;0
6669;50;7;23;land;false;forest;4
6670;18;1;69;land;false;low_urban;4
6671;2;49;41;sea;false;ocean;0
6672;11;7;58;sea;false;ocean;0
6673;23;17;53;land;false;forest;5
6674;62;5;32;sea;false;ocean;0
6675;0;13;72;land;false;plains;5
6676;53;8;16;lake;false;lakes;0
6677;14;26;11;sea;false;ocean;0
6678;10;10;62;land;true;plains;6
6679;16;52;31;land;false;plains;5
6680;0;7;72;sea;false;ocean;0
6681;1;85;0;sea;false;ocean;0
6682;53;39;7;land;false;plains;6
6683;19;19;28;sea;false;ocean;0
6684;11;22;22;land;false;plains;5
6685;16;65;15;land;false;plains;5
6686;55;10;32;land;false;plains;5
6687;40;16;3;sea;false;ocean;0
6688;39;11;49;land;false;plains;3
6689;6;31;40;sea;false;ocean;0
6690;22;71;4;sea;false;ocean;0
6691;16;4;78;land;false;plains;4
6692;2;57;26;land;false;forest;5
6693;38;30;27;sea;false;ocean;0
6694;27;11;24;land;false;plains;6
6695;14;2;32;land;false;plains;5
6696;41;22;5;land;false;plains;5
6697;20;18;10;sea;false;ocean;0
6698;13;41;13;land;false;plains;5
6699;7;3;87;land;false;forest;4
6700;31;51;12;land;false;plains;6
6701;0;26;17;land;false;marsh;1
6702;32;24;36;land;false;plains;5
6703;8;36;1;land;false;plains;6
6704;19;10;10;sea;false;ocean;0
6705;36;19;25;sea;false;ocean;0
6706;2;70;2;sea;false;ocean;0
6707;10;11;8;land;false;forest;4
6708;15;40;7;sea;false;ocean;0
6709;81;5;9;sea;false;ocean;0
6710;1;21;19;land;false;forest;5
6711;10;51;21;land;true;plains;4
6712;27;20;36;land;false;plains;5
6713;9;39;7;sea;false;ocean;0
6714;0;9;17;sea;false;ocean;0
6715;28;31;9;land;false;plains;5
6716;58;9;12;land;false;plains;6
6717;32;56;4;land;false;plains;6
6718;4;31;3;land;false;plains;3
6719;6;32;13;land;false;plains;5
6720;54;27;7;land;true;forest;6
6721;21;67;11;sea;false;ocean;0
6722;9;10;34;sea;false;ocean;0
6723;16;52;13;sea;false;ocean;0
6724;5;20;61;sea;false;ocean;0
6725;31;17;44;sea;false;ocean;0
6726;42;20;24;land;false;plains;6
6727;26;9;42;lake;false;lakes;0
6728;23;24;8;sea;false;ocean;0
6729;59;5;18;land;false;plains;6
6730;22;15;45;sea;false;ocean;0
6731;31;38;2;sea;false;ocean;0
6732;14;61;17;sea;false;ocean;0
6733;32;59;8;sea;false;ocean;0
6734;54;7;19;land;false;forest;4
6735;27;5;37;sea;false;ocean;0
6736;71;13;13;land;false;plains;6
6737;22;14;10;land;true;marsh;6
6738;20;11;35;land;false;forest;5
6739;34;5;15;land;false;forest;6
6740;3;1;45;sea;false;ocean;0
6741;2;50;6;land;false;plains;6
6742;32;60;7;sea;false;ocean;0
6743;26;28;40;sea;false;ocean;0
6744;8;53;23;land;false;plains;5
6745;24;10;59;sea;false;ocean;0
6746;5;41;53;sea;false;ocean;0
6747;28;34;8;land;false;plains;4
6748;29;31;2;land;false;plains;5
6749;9;33;16;sea;false;ocean;2
6750;0;17;51;land;false;forest;5
6751;17;17;10;land;false;plains;4
6752;78;3;5;land;false;plains;5
6753;31;26;33;land;false;forest;4
6754;51;7;4;lake;false;lakes;0
6755;33;21;22;sea;false;ocean;0
6756;27;5;65;sea;false;ocean;0
6757;43;24;23;sea;false;ocean;0
6758;5;16;56;land;false;plains;5
6759;8;54;14;land;false;plains;5
6760;1;31;42;land;false;plains;4
6761;8;55;26;land;false;plains;3
6762;2;12;67;sea;false;ocean;0
6763;55;3;14;sea;false;ocean;0
6764;3;74;14;sea;false;ocean;0
6765;74;4;13;land;false;plains;5
6766;44;54;0;sea;false;ocean;0
6767;3;4;77;land;false;plains;5
6768;10;17;15;land;false;plains;1
6769;20;11;22;land;true;forest;4
6770;28;24;20;sea;false;ocean;0
6771;8;14;1;land;true;forest;3
6772;29;16;21;sea;false;ocean;0
6773;12;63;3;lake;false;lakes;3
6774;18;30;41;land;false;plains;5
6775;14;15;40;sea;false;ocean;0
6776;68;10;11;land;false;plains;4
6777;42;1;43;land;false;forest;4
6778;64;15;0;sea;false;ocean;0
6779;0;25;38;land;false;plains;5
6780;3;1;52;land;false;forest;3
6781;39;6;14;sea;false;ocean;0
6782;17;44;24;land;false;plains;6
6783;62;9;11;sea;false;ocean;0
6784;35;55;0;sea;false;ocean;0
6785;15;9;33;land;false;forest;5
6786;30;22;21;land;false;plains;1
6787;30;0;64;sea;false;ocean;0
6788;81;16;2;land;false;plains;5
6789;46;33;8;land;false;forest;6
6790;33;27;26;land;false;forest;4
6791;17;67;5;land;false;low_urban;5
6792;50;32;11;sea;false;ocean;0
6793;15;24;41;land;false;forest;5
6794;17;37;8;land;false;plains;6
6795;46;4;20;land;false;plains;3
6796;73;19;3;land;false;plains;6
6797;5;34;20;land;false;plains;5
6798;21;14;41;land;false;forest;5
6799;61;12;9;sea;false;ocean;0
6800;24;29;4;land;false;mountain;3
6801;12;26;17;land;false;plains;4
6802;28;13;29;land;false;plains;4
6803;39;7;30;land;true;forest;4
6804;25;53;16;sea;false;ocean;0
6805;7;2;47;land;false;forest;5
6806;5;32;45;land;false;forest;4
6807;22;2;23;sea;false;ocean;0
6808;60;9;0;sea;false;ocean;0
6809;24;36;20;sea;false;ocean;0
6810;1;23;5;land;true;forest;5
6811;1;9;89;sea;false;ocean;0
6812;1;27;59;land;false;plains;6
6813;17;34;43;land;true;plains;6
6814;78;2;18;sea;false;ocean;0
6815;30;5;7;land;false;plains;5
6816;28;2;0;sea;false;ocean;0
6817;4;9;0;land;false;plains;4
6818;26;7;7;land;true;plains;6
6819;23;30;5;land;false;forest;4
6820;23;39;21;land;false;forest;5
6821;65;8;14;sea;false;ocean;0
6822;57;17;13;land;false;plains;4
6823;21;8;31;land;false;plains;3
6824;43;24;20;sea;false;ocean;0
6825;7;46;6;sea;false;ocean;0
6826;4;10;57;land;false;plains;5
6827;13;47;37;sea;false;ocean;0
6828;43;30;21;sea;false;ocean;0
6829;12;35;7;sea;false;ocean;0
6830;15;22;34;sea;false;ocean;0
6831;28;44;16;land;false;forest;6
6832;17;21;50;sea;false;ocean;0
6833;45;2;52;land;false;plains;5
6834;17;2;6;land;false;plains;6
6835;10;15;42;sea;false;ocean;0
6836;19;43;28;land;false;plains;6
6837;25;23;21;land;false;forest;5
6838;16;37;6;land;false;plains;6
6839;21;0;6;land;false;plains;5
6840;12;36;5;sea;false;ocean;0
6841;15;9;66;land;false;forest;5
6842;1;91;0;land;true;forest;4
6843;35;7;33;land;false;plains;4
6844;3;28;42;land;false;plains;6
6845;2;5;69;sea;false;ocean;0
6846;43;6;16;sea;false;ocean;0
6847;19;36;30;land;false;plains;5
6848;46;9;6;sea;false;ocean;0
6849;25;19;41;land;false;plains;1
6850;6;15;12;sea;false;ocean;0
6851;18;2;72;land;false;forest;5
6852;13;16;23;sea;false;ocean;0
6853;69;12;17;land;false;plains;3
6854;36;34;4;sea;false;ocean;0
6855;23;2;4;land;false;forest;5
6856;3;23;66;lake;false;lakes;0
6857;7;34;48;land;false;plains;6
6858;50;10;37;sea;false;ocean;0
6859;13;36;33;sea;false;ocean;0
6860;27;35;17;land;true;forest;5
6861;4;77;6;land;false;plains;5
6862;28;25;6;sea;false;ocean;0
6863;10;3;28;land;false;plains;5
6864;5;37;31;sea;false;ocean;0
6865;24;6;61;land;false;forest;5
6866;5;34;46;sea;false;ocean;0
6867;16;18;15;sea;false;ocean;0
6868;18;25;7;land;true;plains;4
6869;18;35;21;sea;false;ocean;0
6870;13;2;34;land;false;plains;6
6871;45;13;0;land;false;plains;6
6872;19;39;36;land;false;forest;5
6873;25;8;25;land;false;plains;5
6874;61;1;25;land;false;plains;5
6875;18;22;49;land;false;forest;5
6876;68;1;20;land;false;plains;5
6877;15;35;20;land;false;plains;4
6878;2;44;18;sea;false;ocean;0
6879;63;2;17;sea;false;ocean;0
6880;29;14;30;land;false;forest;5
6881;22;16;25;sea;false;ocean;0
6882;30;22;11;sea;false;ocean;0
6883;30;16;42;land;false;forest;5
6884;35;31;8;lake;false;lakes;0
6885;27;13;6;land;false;plains;3
6886;28;4;31;land;false;plains;5
6887;27;36;21;sea;false;ocean;0
6888;21;37;6;land;false;plains;4
6889;3;2;92;sea;false;ocean;0
6890;24;20;33;sea;false;ocean;0
6891;11;14;7;land;false;plains;5
6892;18;0;63;sea;false;ocean;0
6893;68;11;17;land;true;plains;5
6894;15;17;64;land;false;plains;6
6895;24;46;3;land;false;urban;6
6896;8;9;17;land;false;plains;5
6897;45;18;17;land;false;plains;5
6898;34;46;11;sea;false;ocean;0
6899;1;60;16;sea;false;ocean;0
6900;9;4;33;land;false;plains;5
6901;62;3;5;sea;false;ocean;0
6902;14;80;5;sea;false;ocean;0
6903;33;8;18;sea;false;ocean;0
6904;10;25;6;sea;false;ocean;0
6905;39;23;20;sea;false;ocean;0
6906;17;1;5;sea;false;ocean;0
6907;53;43;3;sea;false;ocean;0
6908;45;11;22;land;false;plains;5
6909;1;45;44;sea;false;ocean;0
6910;15;58;3;sea;false;ocean;0
6911;17;13;51;sea;false;ocean;0
6912;57;10;11;sea;false;ocean;0
6913;49;13;17;sea;false;ocean;0
6914;5;29;43;sea;false;ocean;0
6915;7;37;24;sea;false;ocean;0
6916;35;43;4;land;false;forest;6
6917;2;17;50;sea;false;ocean;0
6918;0;50;5;land;true;plains;6
6919;27;63;0;land;true;plains;6
6920;12;32;14;sea;false;ocean;0
6921;21;3;29;sea;false;ocean;0
6922;37;27;31;sea;false;ocean;0
6923;10;24;33;sea;false;ocean;0
6924;9;17;47;sea;false;ocean;0
6925;36;0;12;land;true;plains;6
6926;41;35;0;sea;false;ocean;0
6927;7;6;51;sea;false;ocean;0
6928;4;13;63;land;false;plains;6
6929;62;14;16;sea;false;ocean;0
6930;18;66;14;land;true;plains;5
6931;8;6;16;land;false;plains;6
6932;2;2;36;sea;false;ocean;0
6933;16;0;60;land;false;plains;6
6934;61;0;35;sea;false;ocean;0
6935;68;0;10;land;false;plains;6
6936;16;38;34;land;true;forest;6
6937;22;51;13;sea;false;ocean;0
6938;24;6;14;land;true;plains;5
6939;2;32;1;sea;false;ocean;0
6940;10;41;45;land;false;forest;5
6941;2;26;37;land;true;plains;5
6942;1;8;59;land;false;forest;3
6943;5;30;13;land;false;plains;5
6944;46;16;16;sea;false;ocean;0
6945;30;30;8;sea;false;ocean;0
6946;7;35;35;sea;false;ocean;0
6947;63;25;6;land;false;low_urban;6
6948;47;13;22;sea;false;ocean;0
6949;5;29;65;sea;false;ocean;0
6950;36;11;32;land;false;plains;6
6951;49;26;18;sea;false;ocean;0
6952;7;39;33;sea;false;ocean;0
6953;7;39;43;sea;false;ocean;0
6954;27;44;17;sea;false;ocean;0
6955;1;70;15;land;false;forest;5
6956;40;18;39;land;false;plains;5
6957;20;29;14;land;true;plains;4
6958;27;51;13;land;false;plains;5
6959;4;10;79;sea;false;ocean;0
6960;0;5;69;sea;false;ocean;0
6961;15;14;43;sea;false;ocean;0
6962;7;51;16;sea;false;ocean;0
6963;16;52;3;land;false;plains;5
6964;63;30;0;sea;false;ocean;0
6965;5;82;6;sea;false;ocean;0
6966;62;20;7;land;false;plains;5
6967;31;10;56;sea;false;ocean;0
6968;25;28;41;sea;false;ocean;0
6969;3;2;54;sea;false;ocean;0
6970;52;15;29;land;true;urban;5
6971;2;8;67;sea;false;ocean;0
6972;20;4;64;land;false;plains;5
6973;34;58;0;sea;false;ocean;0
6974;16;42;17;sea;false;ocean;0
6975;46;8;40;land;true;low_urban;5
6976;5;23;11;land;false;forest;5
6977;10;18;43;sea;false;ocean;0
6978;0;35;29;sea;false;ocean;0
6979;24;13;12;sea;false;ocean;0
6980;8;81;9;land;false;plains;6
6981;6;3;71;land;false;forest;5
6982;31;16;50;sea;false;ocean;0
6983;41;21;7;land;false;forest;5
6984;0;14;72;sea;false;ocean;0
6985;6;20;44;land;false;plains;5
6986;1;43;8;land;true;plains;6
6987;0;7;82;sea;false;ocean;0
6988;1;81;7;sea;false;ocean;0
6989;73;0;23;land;false;urban;5
6990;5;21;39;land;false;forest;5
6991;20;32;28;land;false;plains;5
6992;16;22;14;sea;false;ocean;0
6993;52;7;16;land;false;forest;5
6994;40;18;17;land;false;plains;5
6995;2;86;1;sea;false;ocean;0
6996;25;24;14;sea;false;ocean;0
6997;2;9;79;sea;false;ocean;0
6998;13;25;48;land;false;plains;5
6999;4;77;5;land;true;plains;5
7000;37;2;17;land;false;plains;5
7001;5;30;28;sea;false;ocean;0
7002;8;1;78;sea;false;ocean;0
7003;53;31;1;sea;false;ocean;0
7004;70;26;0;sea;false;ocean;0
7005;29;30;9;land;false;plains;5
7006;38;54;4;land;true;plains;5
7007;30;36;13;land;false;plains;5
7008;10;57;2;sea;false;ocean;0
7009;20;6;63;land;false;plains;5
7010;60;21;11;land;false;forest;6
7011;2;64;18;land;false;plains;5
7012;7;46;32;sea;false;ocean;0
7013;22;1;27;land;false;plains;1
7014;61;15;2;sea;false;ocean;0
7015;23;21;16;land;false;plains;5
7016;20;42;5;sea;false;ocean;0
7017;18;57;17;sea;false;ocean;0
7018;10;76;11;land;false;forest;5
7019;28;29;4;lake;false;lakes;0
7020;19;52;0;land;false;plains;4
7021;33;19;8;land;true;forest;5
7022;51;9;22;land;true;plains;5
7023;33;46;9;lake;false;lakes;0
7024;50;2;39;land;false;low_urban;5
7025;13;34;28;sea;false;ocean;0
7026;79;9;3;land;false;plains;6
7027;12;57;13;sea;false;ocean;0
7028;2;14;9;sea;false;ocean;0
7029;7;49;22;land;false;forest;4
7030;76;4;15;land;false;forest;5
7031;10;51;11;land;false;plains;5
7032;16;45;11;land;false;forest;4
7033;33;0;13;lake;false;lakes;0
7034;23;20;51;lake;false;lakes;0
7035;3;16;57;lake;false;lakes;0
7036;29;8;45;land;true;forest;5
7037;32;29;27;land;false;plains;5
7038;8;28;52;lake;false;lakes;0
7039;31;12;36;land;false;plains;4
7040;40;6;49;sea;false;ocean;0
7041;18;2;46;sea;false;ocean;0
7042;18;47;23;land;true;plains;2
7043;18;3;35;sea;false;ocean;0
7044;23;1;36;land;false;plains;5
7045;41;28;26;lake;false;lakes;0
7046;30;12;10;land;false;plains;5
7047;9;53;21;land;false;forest;4
7048;25;65;3;land;false;forest;4
7049;45;21;14;sea;false;ocean;0
7050;24;10;0;land;false;forest;4
7051;36;33;26;land;true;plains;5
7052;3;71;4;land;false;forest;4
7053;50;18;2;land;false;plains;4
7054;28;8;60;land;false;forest;4
7055;22;18;35;land;false;plains;5
7056;16;60;4;land;true;low_urban;5
7057;10;11;59;land;false;plains;5
7058;60;8;0;land;false;plains;5
7059;10;25;59;land;false;plains;5
7060;51;19;9;land;false;plains;5
7061;55;4;35;sea;false;ocean;0
7062;46;38;5;land;false;plains;5
7063;10;28;19;land;true;plains;5
7064;33;39;1;land;false;plains;4
7065;46;36;10;land;false;plains;5
7066;9;21;41;land;false;forest;5
7067;50;18;23;land;false;low_urban;4
7068;64;28;2;sea;false;ocean;0
7069;37;45;8;land;false;forest;5
7070;16;63;10;land;false;plains;4
7071;7;3;4;sea;false;ocean;0
7072;86;7;0;sea;false;ocean;0
7073;38;11;39;land;false;plains;4
7074;43;21;21;land;false;forest;5
7075;4;85;6;land;true;plains;5
7076;16;59;3;land;false;forest;5
7077;7;73;16;land;false;plains;5
7078;7;40;13;land;true;plains;6
7079;19;25;50;land;false;plains;5
7080;29;19;50;land;false;plains;4
7081;26;53;16;land;false;forest;4
7082;38;13;16;land;true;plains;4
7083;66;2;12;sea;false;ocean;0
7084;3;33;24;land;false;plains;5
7085;31;0;67;land;false;forest;5
7086;13;23;26;sea;false;ocean;0
7087;79;3;17;land;false;plains;5
7088;21;6;47;land;false;plains;6
7089;17;9;9;land;false;low_urban;4
7090;26;11;47;land;true;low_urban;5
7091;12;34;30;land;false;plains;5
7092;27;23;43;land;false;plains;5
7093;49;0;31;sea;false;ocean;0
7094;1;32;53;land;false;forest;5
7095;6;3;64;land;false;plains;5
7096;34;6;9;land;false;plains;5
7097;2;23;57;land;false;plains;5
7098;16;64;16;land;false;plains;5
7099;34;16;4;sea;false;ocean;0
7100;18;1;16;sea;false;ocean;0
7101;17;31;42;land;false;forest;5
7102;5;88;4;land;false;plains;5
7103;42;147;84;land;false;forest;4
7104;54;15;24;land;false;plains;5
7105;18;13;19;land;false;forest;5
7106;31;11;36;land;false;plains;5
7107;52;44;3;land;false;plains;5
7108;39;2;46;land;false;plains;5
7109;38;4;56;land;false;forest;5
7110;1;29;1;sea;false;ocean;0
7111;27;7;15;land;false;forest;5
7112;33;14;23;land;true;forest;5
7113;5;40;29;sea;false;ocean;0
7114;30;16;51;sea;false;ocean;0
7115;51;3;29;land;false;plains;5
7116;8;19;55;lake;false;lakes;0
7117;40;14;41;land;false;plains;5
7118;25;24;0;sea;false;ocean;0
7119;48;18;27;land;false;plains;5
7120;6;62;1;land;false;plains;5
7121;103;131;140;land;false;forest;4
7122;32;16;37;sea;false;ocean;0
7123;12;20;57;land;true;forest;4
7124;4;3;51;land;false;plains;5
7125;1;8;5;lake;false;lakes;0
7126;79;7;3;lake;false;lakes;0
7127;30;16;46;land;false;forest;5
7128;214;125;164;land;false;forest;4
7129;12;32;23;land;false;forest;5
7130;14;26;33;land;false;plains;5
7131;3;93;0;land;false;marsh;5
7132;6;15;76;land;false;plains;5
7133;28;10;10;land;false;plains;5
7134;51;185;211;land;false;low_urban;4
7135;16;61;7;land;false;low_urban;5
7136;49;29;11;land;false;forest;5
7137;13;3;52;land;false;forest;5
7138;2;27;12;land;false;plains;5
7139;27;59;12;land;false;marsh;5
7140;12;18;57;land;false;marsh;5
7141;30;3;42;land;false;plains;5
7142;17;65;2;land;false;plains;5
7143;61;0;18;land;false;plains;5
7144;30;11;16;land;false;plains;5
7145;16;17;11;land;false;plains;5
7146;16;44;32;land;true;plains;5
7147;19;3;17;land;false;plains;5
7148;50;24;0;land;false;plains;5
7149;40;20;35;land;false;plains;5
7150;140;209;190;land;false;low_urban;4
7151;53;18;27;land;false;plains;5
7152;14;53;10;land;false;low_urban;3
7153;5;1;26;land;false;plains;5
7154;5;33;18;land;false;plains;5
7155;17;50;0;land;false;plains;5
7156;90;6;0;land;false;marsh;5
7157;17;11;11;sea;false;ocean;0
7158;0;26;49;land;false;plains;5
7159;120;154;165;land;false;low_urban;4
7160;41;43;8;land;false;forest;5
7161;20;48;15;land;false;plains;5
7162;4;45;6;land;false;plains;5
7163;7;11;20;land;false;plains;5
7164;92;163;66;land;false;low_urban;4
7165;5;5;35;land;false;plains;5
7166;116;151;203;land;false;forest;4
7167;6;50;24;land;false;plains;5
7168;0;7;56;land;false;plains;5
7169;6;59;34;land;false;forest;5
7170;55;25;11;land;false;plains;3
7171;11;56;9;land;false;low_urban;5
7172;223;200;127;land;false;plains;4
7173;8;0;34;land;false;plains;5
7174;81;3;14;land;false;forest;5
7175;1;15;26;land;false;plains;5
7176;58;8;4;land;false;plains;5
7177;23;11;6;land;false;plains;5
7178;14;57;12;land;false;plains;5
7179;17;34;21;land;false;plains;5
7180;9;19;24;land;false;plains;5
7181;3;2;53;land;false;plains;5
7182;10;12;73;land;false;plains;5
7183;9;47;18;sea;false;ocean;0
7184;9;62;7;land;false;plains;5
7185;22;62;2;land;false;plains;5
7186;15;40;18;land;false;plains;6
7187;6;35;24;land;false;low_urban;6
7188;7;58;24;land;false;forest;5
7189;77;9;10;land;false;forest;6
7190;3;43;3;land;true;forest;6
7191;14;17;40;land;true;forest;4
7192;39;4;30;land;false;forest;5
7193;151;159;160;land;false;low_urban;4
7194;44;39;49;land;false;plains;5
7195;27;55;29;land;false;plains;6
7196;18;3;121;lake;false;lakes;0
7197;34;70;16;sea;false;ocean;0
7198;128;8;13;sea;false;ocean;0
7199;50;65;33;sea;false;ocean;0
7200;5;75;21;sea;false;ocean;0
7201;29;77;8;lake;false;lakes;0
7202;9;51;42;lake;false;lakes;0
7203;34;16;92;sea;false;ocean;0
7204;15;21;89;land;false;plains;5
7205;20;57;59;land;false;plains;6
7206;49;4;55;sea;false;ocean;0
7207;46;74;27;sea;false;ocean;0
7208;62;29;13;lake;false;lakes;0
7209;2;44;98;sea;false;ocean;0
7210;112;25;12;land;false;plains;4
7211;46;64;31;sea;false;ocean;0
7212;110;5;23;sea;false;ocean;0
7213;63;42;9;land;false;forest;5
7214;9;89;50;land;false;plains;5
7215;58;4;54;sea;false;ocean;0
7216;2;100;2;sea;false;ocean;0
7217;27;83;36;sea;false;ocean;0
7218;1;53;79;land;false;plains;6
7219;14;37;60;lake;false;lakes;0
7220;58;38;23;lake;false;lakes;0
7221;8;95;37;sea;false;ocean;0
7222;96;6;34;land;false;plains;5
7223;57;9;56;sea;false;ocean;0
7224;37;29;45;sea;false;ocean;0
7225;48;17;49;land;false;forest;6
7226;45;27;61;land;false;plains;6
7227;12;9;128;sea;false;ocean;0
7228;27;99;0;land;false;plains;5
7229;27;87;10;land;false;plains;5
7230;18;52;71;land;false;plains;5
7231;46;26;50;sea;false;ocean;0
7232;23;78;39;land;false;low_urban;5
7233;58;56;31;sea;false;ocean;0
7234;57;0;75;land;false;low_urban;6
7235;30;11;90;land;false;plains;6
7236;70;22;50;land;false;forest;4
7237;12;73;21;lake;false;lakes;0
7238;35;12;92;sea;false;ocean;0
7239;59;40;26;sea;false;ocean;0
7240;33;73;26;sea;false;ocean;0
7241;25;37;76;land;true;forest;5
7242;31;87;20;land;false;plains;6
7243;102;9;9;lake;false;lakes;0
7244;10;90;39;land;false;plains;5
7245;36;87;6;land;false;forest;6
7246;92;29;14;sea;false;ocean;0
7247;119;4;24;lake;false;lakes;0
7248;31;44;36;sea;false;ocean;0
7249;80;17;32;sea;false;ocean;0
7250;77;27;13;lake;false;lakes;0
7251;14;98;22;land;false;plains;5
7252;12;118;2;land;false;plains;5
7253;172;116;203;land;false;plains;4
7254;21;62;28;land;false;plains;6
7255;27;8;76;sea;false;ocean;0
7256;50;56;3;land;false;plains;4
7257;74;6;52;land;false;plains;6
7258;11;84;15;land;false;plains;6
7259;40;31;44;sea;false;ocean;0
7260;9;63;47;sea;false;ocean;0
7261;7;70;69;land;false;forest;6
7262;43;38;57;land;false;urban;6
7263;31;88;26;sea;false;ocean;0
7264;2;113;9;sea;false;ocean;0
7265;105;8;14;sea;false;ocean;0
7266;7;31;92;sea;false;ocean;0
7267;71;20;28;land;false;forest;5
7268;80;27;9;lake;false;lakes;0
7269;12;90;25;land;false;plains;5
7270;57;21;71;sea;false;ocean;0
7271;10;74;20;land;false;forest;6
7272;49;22;57;land;false;plains;5
7273;80;43;14;lake;false;lakes;0
7274;12;65;40;land;false;forest;6
7275;22;6;119;land;false;marsh;6
7276;11;95;29;sea;false;ocean;0
7277;103;18;21;land;false;forest;5
7278;79;21;36;land;true;forest;6
7279;17;21;108;land;false;plains;5
7280;6;38;92;land;false;plains;6
7281;100;10;10;land;false;plains;6
7282;5;68;71;land;false;plains;6
7283;6;47;49;land;false;forest;5
7284;16;10;85;land;true;low_urban;6
7285;40;73;18;sea;false;ocean;6
7286;70;5;41;land;false;forest;6
7287;1;13;100;land;true;forest;6
7288;36;66;31;land;false;plains;6
7289;57;38;38;land;false;low_urban;6
7290;16;22;71;land;false;plains;6
7291;88;0;24;lake;false;lakes;0
7292;61;12;45;sea;false;ocean;0
7293;4;92;5;sea;false;ocean;0
7294;101;27;6;sea;false;ocean;0
7295;89;4;8;sea;false;ocean;0
7296;34;48;49;lake;false;lakes;0
7297;7;104;23;sea;false;ocean;0
7298;104;5;9;sea;false;ocean;0
7299;25;32;68;sea;false;ocean;0
7300;33;84;5;sea;false;ocean;0
7301;58;38;22;sea;false;ocean;0
7302;44;3;66;sea;false;ocean;0
7303;35;102;8;land;false;plains;5
7304;115;2;20;land;false;plains;5
7305;30;13;92;sea;false;ocean;0
7306;73;37;2;sea;false;ocean;0
7307;81;37;6;lake;false;lakes;0
7308;52;7;57;sea;false;ocean;0
7309;45;69;29;sea;false;ocean;0
7310;61;11;43;sea;false;ocean;0
7311;3;109;36;sea;false;ocean;0
7312;65;63;18;sea;false;ocean;0
7313;125;3;8;sea;false;ocean;0
7314;4;69;71;sea;false;ocean;0
7315;81;19;32;lake;false;lakes;0
7316;15;71;55;lake;false;lakes;0
7317;20;6;98;sea;false;ocean;0
7318;25;6;115;sea;false;ocean;0
7319;80;19;9;lake;false;lakes;0
7320;51;1;67;sea;false;ocean;0
7321;120;8;14;land;false;plains;6
7322;35;9;84;sea;false;ocean;0
7323;35;36;62;sea;false;ocean;0
7324;19;53;34;lake;false;lakes;0
7325;47;84;4;land;false;plains;5
7326;104;0;26;sea;false;ocean;0
7327;22;65;44;land;false;plains;5
7328;5;103;13;sea;false;ocean;0
7329;30;68;39;lake;false;lakes;0
7330;80;60;8;lake;false;lakes;0
7331;29;84;19;sea;false;ocean;0
7332;38;39;46;land;true;forest;5
7333;37;93;17;land;false;plains;4
7334;55;40;31;land;false;forest;5
7335;35;34;39;sea;false;ocean;0
7336;20;98;30;sea;false;ocean;0
7337;12;8;103;sea;false;ocean;0
7338;6;123;4;land;false;urban;4
7339;18;49;63;land;false;forest;5
7340;61;62;10;land;false;plains;5
7341;106;4;29;land;false;low_urban;5
7342;3;14;93;land;false;plains;5
7343;66;48;30;land;true;plains;5
7344;74;21;51;land;false;plains;5
7345;66;21;24;lake;false;lakes;0
7346;49;31;56;land;true;plains;5
7347;98;30;0;lake;false;lakes;0
7348;28;58;44;land;false;forest;6
7349;62;70;4;land;false;plains;6
7350;86;7;19;land;false;plains;6
7351;81;31;24;land;false;plains;6
7352;82;3;51;land;false;plains;6
7353;8;86;9;land;false;forest;6
7354;82;19;39;land;false;forest;2
7355;65;18;36;land;false;plains;6
7356;64;6;40;land;false;plains;5
7357;92;10;2;land;false;low_urban;6
7358;67;26;27;land;true;plains;6
7359;76;24;38;land;false;forest;5
7360;1;4;98;land;true;forest;6
7361;34;22;67;land;false;plains;5
7362;70;41;13;land;false;plains;6
7363;26;68;21;land;false;plains;6
7364;111;22;12;land;true;low_urban;6
7365;106;12;19;land;false;plains;4
7366;33;61;42;land;false;forest;6
7367;32;19;73;land;false;forest;6
7368;24;8;79;land;true;plains;6
7369;70;28;9;land;true;forest;6
7370;10;62;65;land;false;plains;6
7371;48;64;13;land;false;plains;6
7372;38;61;14;land;true;forest;6
7373;40;46;61;land;false;forest;6
7374;29;75;39;land;false;plains;6
7375;23;19;91;land;false;plains;6
7376;63;59;10;land;false;plains;6
7377;103;22;7;land;true;low_urban;6
7378;63;52;8;land;false;plains;6
7379;73;31;42;land;true;plains;5
7380;87;6;33;land;false;plains;6
7381;51;39;46;land;false;plains;5
7382;68;72;2;land;false;forest;5
7383;84;15;39;land;false;plains;5
7384;87;30;0;land;false;plains;5
7385;0;24;82;land;false;plains;5
7386;24;88;24;land;false;plains;5
7387;79;21;43;land;false;plains;5
7388;27;60;27;land;false;low_urban;5
7389;66;5;49;land;false;plains;5
7390;121;0;6;land;false;plains;5
7391;19;69;38;land;false;plains;5
7392;32;41;37;land;false;marsh;5
7393;41;24;59;land;false;plains;5
7394;10;93;44;land;false;forest;5
7395;31;51;67;land;false;plains;5
7396;18;45;55;land;false;plains;5
7397;104;160;111;land;false;plains;4
7398;19;41;70;land;false;plains;5
7399;36;34;54;land;false;marsh;5
7400;3;105;2;land;false;marsh;5
7401;12;18;98;land;false;plains;5
7402;19;68;25;land;false;plains;5
7403;59;60;30;lake;false;lakes;0
7404;17;34;59;lake;false;lakes;0
7405;84;26;14;land;false;plains;6
7406;36;41;31;land;false;plains;6
7407;11;107;27;land;false;low_urban;6
7408;42;20;45;land;false;plains;5
7409;11;90;25;land;false;plains;5
7410;40;42;39;land;false;plains;6
7411;9;27;68;land;false;plains;6
7412;62;50;31;land;false;plains;6
7413;11;94;31;land;false;plains;5
7414;10;48;88;land;false;plains;5
7415;0;86;62;land;false;plains;5
7416;40;44;18;land;false;plains;5
7417;78;10;33;land;false;forest;4
7418;53;22;60;land;false;plains;5
7419;20;32;53;land;false;plains;5
7420;44;33;70;land;false;plains;5
7421;10;92;2;sea;false;ocean;0
7422;57;47;29;land;false;plains;5
7423;12;52;79;land;false;forest;5
7424;2;115;11;land;false;plains;6
7425;85;63;1;land;false;plains;5
7426;102;3;28;land;false;low_urban;6
7427;79;37;11;land;false;plains;5
7428;121;140;40;land;false;forest;2
7429;237;28;125;land;true;industrial;2
7430;108;28;155;land;false;urban;2
7431;90;109;198;land;false;hills;2
7432;172;69;14;land;false;urban;2
7433;10;231;22;land;false;urban;2
7434;234;166;160;land;false;urban;2
7435;25;13;122;land;true;low_urban;2
7436;21;24;91;land;false;urban;5
7437;187;42;219;land;false;low_urban;5
7438;59;76;188;land;false;low_urban;4
7439;233;75;143;land;true;low_urban;4
7440;8;157;132;land;false;urban;4
7441;74;32;54;land;false;low_urban;3
7442;231;65;22;land;false;industrial;3
7443;37;236;71;land;false;urban;3
7444;214;175;224;land;false;urban;3
7445;81;127;239;land;false;industrial;4
7446;59;84;24;land;false;plains;4
7447;196;233;101;land;false;urban;3
7448;110;134;76;land;false;plains;1
7449;56;115;145;land;false;urban;1
7450;174;46;53;land;false;urban;1
7451;143;196;14;land;false;low_urban;1
7452;247;70;146;land;false;low_urban;1
7453;240;137;52;land;false;urban;1
7454;117;8;47;land;false;low_urban;1
7455;62;223;31;land;false;forest;1
7456;206;71;157;land;false;urban;1
7457;199;101;135;land;false;urban;1
7458;90;96;128;land;false;urban;1
7459;94;38;199;land;false;plains;1
7460;1;167;8;land;false;plains;3
7461;244;145;148;land;false;urban;1
7462;127;88;237;land;false;urban;1
7463;20;186;99;land;false;urban;1
7464;1;244;89;land;false;urban;1
7465;240;59;255;land;false;forest;1
7466;3;33;93;land;false;forest;1
7467;39;139;54;land;false;plains;1
7468;102;38;207;land;false;forest;1
7469;191;17;196;land;false;plains;1
7470;122;230;222;land;false;plains;1
7471;180;197;132;land;false;industrial;1
7472;120;225;26;land;false;plains;1
7473;250;0;218;land;false;desert;1
7474;147;59;197;land;false;desert;1
7475;214;146;119;land;false;plains;1
7476;249;202;130;land;false;plains;1
7477;180;75;159;land;false;plains;1
7478;254;236;28;land;false;forest;1
7479;252;163;165;land;false;plains;1
7480;133;214;1;land;false;plains;1
7481;13;79;218;land;false;plains;1
7482;215;90;2;land;false;plains;1
7483;138;165;170;land;false;plains;1
7484;176;8;190;land;false;plains;1
7485;12;103;126;land;false;plains;1
7486;155;164;216;land;false;plains;1
7487;20;173;212;land;false;forest;1
7488;79;25;50;land;false;plains;1
7489;206;44;23;land;false;plains;1
7490;3;52;115;land;false;forest;1
7491;167;18;0;land;false;plains;1
7492;101;234;21;land;false;plains;1
7493;137;77;206;land;false;plains;1
7494;208;152;198;land;false;low_urban;1
7495;16;86;34;land;false;urban;1
7496;109;107;114;land;false;plains;1
7497;158;122;143;land;false;plains;1
7498;219;59;219;land;false;forest;1
7499;104;151;145;land;false;plains;1
7500;157;131;57;land;false;forest;1
7501;176;187;163;land;false;plains;1
7502;14;140;217;land;false;forest;1
7503;240;60;199;land;false;forest;1
7504;106;212;188;land;false;plains;1
7505;52;149;166;land;false;forest;1
7506;242;107;105;land;false;plains;1
7507;122;82;151;land;false;plains;1
7508;100;153;201;land;false;plains;1
7509;128;198;192;land;false;forest;1
7510;49;98;178;land;false;forest;1
7511;167;160;139;land;false;forest;1
7512;8;64;165;land;false;forest;1
7513;39;186;71;land;false;plains;1
7514;214;118;208;land;false;urban;1
7515;19;26;130;land;false;forest;1
7516;3;26;105;land;false;plains;1
7517;87;13;253;land;false;plains;1
7518;225;84;246;land;false;plains;1
7519;69;158;217;land;false;forest;1
7520;137;167;61;land;false;plains;1
7521;159;118;44;land;false;forest;1
7522;70;195;39;land;false;forest;1
7523;123;94;63;land;false;forest;1
7524;87;83;29;land;false;forest;1
7525;128;50;174;land;false;forest;1
7526;123;11;235;land;false;plains;1
7527;173;158;10;land;false;plains;1
7528;228;185;65;land;false;plains;1
7529;95;211;84;land;false;plains;1
7530;15;15;187;land;false;plains;1
7531;240;219;138;land;false;plains;1
7532;134;213;231;land;false;forest;1
7533;102;250;142;land;false;plains;1
7534;62;171;164;land;false;forest;1
7535;32;71;226;land;false;plains;1
7536;173;158;158;land;false;plains;1
7537;27;201;9;land;false;plains;1
7538;197;148;239;land;false;plains;1
7539;180;105;237;land;false;forest;1
7540;9;194;160;land;false;plains;1
7541;40;105;220;land;false;plains;1
7542;253;16;104;land;false;plains;1
7543;247;144;116;land;false;plains;1
7544;147;140;42;land;false;plains;1
7545;143;214;113;land;false;plains;1
7546;194;33;181;land;false;forest;1
7547;141;50;57;land;false;plains;1
7548;68;237;57;land;false;forest;1
7549;141;50;255;land;false;forest;1
7550;244;84;89;land;false;forest;1
7551;74;120;155;land;false;forest;1
7552;183;166;189;land;false;forest;1
7553;230;221;102;land;false;forest;1
7554;209;70;62;land;false;plains;1
7555;17;59;191;land;false;forest;1
7556;71;58;131;land;false;plains;1
7557;96;200;253;land;false;plains;1
7558;153;246;95;land;false;forest;1
7559;67;220;230;land;false;forest;1
7560;52;245;184;land;false;forest;1
7561;131;155;197;land;false;forest;1
7562;157;160;155;land;false;forest;1
7563;111;215;97;land;false;forest;1
7564;48;221;160;land;false;forest;1
7565;247;164;41;land;false;forest;1
7566;231;49;220;land;false;plains;1
7567;159;104;161;land;false;plains;1
7568;146;254;3;land;false;plains;1
7569;30;60;103;land;false;plains;1
7570;197;20;252;land;false;plains;1
7571;52;238;103;land;false;plains;1
7572;25;104;251;land;false;plains;1
7573;57;126;57;land;false;plains;1
7574;75;180;185;land;false;plains;1
7575;209;7;106;land;false;low_urban;1
7576;136;226;174;land;false;plains;1
7577;80;170;47;land;false;plains;1
7578;43;167;210;land;false;urban;1
7579;25;150;221;land;false;forest;1
7580;156;43;84;land;false;plains;1
7581;47;87;169;land;false;plains;1
7582;240;139;194;land;false;forest;1
7583;233;184;123;land;false;plains;1
7584;237;190;21;land;false;plains;1
7585;184;95;17;land;false;forest;1
7586;219;176;149;land;false;forest;1
7587;206;62;167;land;false;plains;1
7588;162;233;247;land;false;forest;1
7589;165;189;147;land;false;plains;1
7590;140;124;18;land;false;forest;1
7591;176;197;156;land;false;forest;1
7592;44;196;235;land;false;forest;1
7593;16;163;128;land;false;forest;1
7594;21;230;162;land;false;forest;1
7595;131;66;122;land;false;forest;1
7596;83;6;148;land;false;forest;1
7597;30;172;102;land;false;forest;1
7598;17;26;102;land;false;forest;1
7599;145;125;23;land;false;forest;1
7600;192;91;17;land;false;forest;1
7601;60;9;117;land;false;low_urban;1
7602;244;121;245;land;false;jungle;1
7603;209;171;148;land;false;plains;1
7604;104;31;157;land;false;forest;1
7605;111;84;239;land;false;plains;1
7606;70;24;171;land;false;plains;1
7607;16;169;52;land;false;forest;1
7608;91;7;161;land;false;plains;1
7609;164;208;75;land;false;plains;1
7610;16;233;102;land;false;plains;1
7611;118;229;57;land;false;plains;1
7612;136;247;81;land;false;plains;1
7613;243;157;219;land;false;forest;1
7614;199;204;249;land;false;plains;1
7615;233;226;158;land;false;plains;1
7616;242;182;88;land;false;plains;1
7617;167;50;95;land;false;plains;1
7618;83;21;29;land;false;plains;1
7619;254;9;144;land;false;plains;1
7620;246;68;149;land;false;forest;1
7621;163;53;140;land;false;plains;1
7622;154;138;107;land;false;plains;1
7623;144;220;128;land;false;forest;1
7624;213;172;245;land;false;forest;1
7625;172;94;95;land;false;plains;1
7626;13;242;171;land;false;plains;1
7627;45;244;31;land;false;plains;1
7628;90;160;171;land;false;plains;1
7629;184;207;25;land;false;forest;1
7630;128;170;14;land;false;forest;1
7631;27;177;135;land;false;forest;1
7632;109;249;200;land;false;forest;1
7633;64;177;155;land;false;forest;1
7634;136;243;175;land;false;forest;1
7635;22;147;241;land;false;plains;1
7636;251;241;19;land;false;plains;1
7637;125;160;117;land;false;plains;1
7638;163;241;182;land;false;plains;1
7639;239;62;221;land;false;plains;1
7640;206;234;113;land;false;low_urban;1
7641;171;250;238;land;false;plains;1
7642;2;113;6;land;false;plains;1
7643;35;244;31;land;false;plains;1
7644;75;251;151;land;false;plains;1
7645;253;149;248;land;false;plains;1
7646;146;69;52;land;false;plains;1
7647;67;11;76;land;false;plains;1
7648;177;27;15;land;false;plains;1
7649;171;1;163;land;false;plains;1
7650;172;36;196;land;false;plains;1
7651;224;239;216;land;false;plains;1
7652;186;73;251;land;false;plains;1
7653;50;179;44;land;false;plains;1
7654;66;241;53;land;false;plains;1
7655;88;61;104;land;false;plains;1
7656;53;229;17;land;false;plains;1
7657;27;35;208;land;false;plains;1
7658;85;121;9;land;false;forest;1
7659;168;61;106;land;false;plains;1
7660;0;116;72;land;false;plains;1
7661;109;10;97;land;false;forest;1
7662;88;61;4;land;false;forest;1
7663;95;19;135;land;false;plains;1
7664;70;150;234;land;false;forest;1
7665;164;135;165;land;false;plains;1
7666;124;78;176;land;false;plains;1
7667;85;228;86;land;false;plains;1
7668;90;202;109;land;false;plains;1
7669;59;229;80;land;false;plains;1
7670;173;130;73;land;false;plains;1
7671;110;211;219;land;false;plains;1
7672;233;16;30;land;false;plains;1
7673;91;181;14;land;false;plains;1
7674;50;242;211;land;false;plains;1
7675;14;188;161;land;false;plains;1
7676;102;142;69;land;false;forest;1
7677;179;206;68;land;false;forest;1
7678;7;211;57;land;false;plains;1
7679;197;231;243;land;false;plains;1
7680;178;251;203;land;false;forest;1
7681;106;59;29;land;false;plains;1
7682;73;124;71;land;false;plains;1
7683;203;217;109;land;false;plains;1
7684;99;21;239;land;false;plains;1
7685;38;167;165;land;false;plains;1
7686;94;182;55;land;false;forest;1
7687;118;93;91;land;false;forest;1
7688;78;13;219;land;false;plains;1
7689;51;42;134;land;false;plains;1
7690;131;73;75;land;false;plains;1
7691;233;182;200;land;false;plains;1
7692;56;248;85;land;false;plains;1
7693;29;66;239;land;false;plains;1
7694;244;4;134;land;false;plains;1
7695;166;138;212;land;false;plains;1
7696;8;76;83;land;false;plains;1
7697;78;132;114;land;false;plains;1
7698;67;238;80;land;false;forest;1
7699;20;143;166;land;false;plains;1
7700;100;250;51;land;false;forest;1
7701;89;172;70;land;false;plains;1
7702;98;108;29;land;false;forest;1
7703;30;75;124;land;false;plains;1
7704;10;4;28;land;false;plains;1
7705;241;103;28;land;false;forest;1
7706;75;163;136;land;false;forest;1
7707;42;69;22;land;false;forest;1
7708;221;159;169;land;false;low_urban;1
7709;221;162;36;land;false;plains;1
7710;17;213;16;land;false;plains;1
7711;37;217;64;land;false;plains;1
7712;196;252;84;land;false;forest;1
7713;135;195;177;land;false;plains;1
7714;79;184;185;land;false;plains;1
7715;209;45;20;land;false;forest;1
7716;231;233;85;land;false;forest;1
7717;77;129;36;land;false;plains;1
7718;201;11;58;land;false;forest;1
7719;182;88;228;land;false;forest;1
7720;64;74;238;land;false;forest;1
7721;196;206;239;land;false;plains;1
7722;167;46;221;land;false;plains;1
7723;97;16;243;land;false;forest;1
7724;128;129;235;land;false;forest;1
7725;228;66;245;land;false;plains;1
7726;102;222;0;land;false;plains;1
7727;119;221;176;land;false;low_urban;1
7728;109;143;17;land;false;plains;1
7729;251;146;93;land;false;low_urban;1
7730;161;168;242;land;false;forest;1
7731;227;212;100;land;false;plains;1
7732;173;116;58;land;false;plains;1
7733;29;226;31;land;false;forest;1
7734;218;122;85;land;false;plains;1
7735;238;148;192;land;false;plains;1
7736;96;39;82;land;false;plains;1
7737;64;109;53;land;false;plains;1
7738;224;244;6;land;false;plains;1
7739;142;213;143;land;false;forest;1
7740;133;84;172;land;false;plains;1
7741;254;145;216;land;false;plains;1
7742;72;39;75;land;false;hills;4
7743;105;159;212;land;false;urban;4
7744;47;0;160;land;false;plains;4
7745;164;210;238;land;false;forest;4
7746;197;104;22;land;false;urban;4
7747;22;53;146;land;false;forest;4
7748;11;13;189;land;false;forest;4
7749;250;193;205;land;false;urban;4
7750;79;64;12;land;false;forest;4
7751;227;253;29;land;false;hills;4
7752;157;65;15;land;false;forest;4
7753;155;113;75;land;false;plains;4
7754;24;55;93;land;false;plains;4
7755;15;50;82;land;false;forest;4
7756;207;102;192;land;false;forest;4
7757;163;208;170;land;false;plains;4
7758;170;104;233;land;false;plains;4
7759;111;82;235;land;false;forest;4
7760;227;52;171;land;false;plains;4
7761;137;118;43;land;false;low_urban;4
7762;79;242;196;land;false;urban;4
7763;161;216;213;land;false;urban;4
7764;88;194;206;land;false;urban;4
7765;11;47;4;land;false;low_urban;4
7766;201;172;37;land;false;urban;4
7767;222;53;78;land;false;urban;4
7768;23;171;181;land;false;plains;4
7769;242;190;201;land;false;forest;4
7770;74;3;214;land;false;plains;4
7771;97;10;29;land;false;urban;4
7772;46;12;187;land;false;plains;4
7773;113;110;130;land;false;urban;4
7774;171;237;115;land;false;low_urban;4
7775;99;62;203;land;false;low_urban;4
7776;137;74;121;land;false;hills;4
7777;22;202;210;land;false;low_urban;4
7778;223;97;43;land;false;urban;4
7779;137;122;200;land;false;low_urban;4
7780;242;165;130;land;false;urban;4
7781;195;85;68;land;false;urban;4
7782;33;35;184;land;false;forest;4
7783;18;173;137;land;false;plains;4
7784;121;34;252;land;false;plains;4
7785;90;139;150;land;false;plains;4
7786;27;72;83;land;false;plains;4
7787;230;17;73;land;false;forest;4
7788;119;170;190;land;false;hills;4
7789;15;109;155;land;false;plains;4
7790;194;110;29;land;false;plains;4
7791;129;194;246;land;false;plains;4
7792;139;13;37;land;false;low_urban;4
7793;107;28;67;land;false;plains;4
7794;101;191;164;land;false;forest;4
7795;207;184;251;land;false;plains;4
7796;62;212;148;land;false;plains;4
7797;94;103;15;land;false;plains;4
7798;103;40;91;land;false;forest;4
7799;178;154;138;land;false;industrial;4
7800;134;15;62;land;false;forest;4
7801;108;161;87;land;false;low_urban;4
7802;19;224;200;land;false;forest;4
7803;158;187;160;land;false;forest;4
7804;25;11;5;land;false;plains;4
7805;146;1;12;land;false;forest;4
7806;129;170;13;land;false;plains;4
7807;142;222;91;land;false;forest;4
7808;1;157;93;land;false;low_urban;4
7809;121;157;236;land;false;plains;4
7810;65;26;158;land;false;plains;4
7811;220;178;37;land;false;low_urban;3
7812;241;155;172;land;false;urban;3
7813;31;56;35;land;false;forest;3
7814;113;237;93;land;false;urban;3
7815;235;212;139;land;false;plains;4
7816;218;117;22;land;false;low_urban;4
7817;116;193;115;land;false;plains;4
7818;145;37;7;land;false;plains;4
7819;110;217;22;land;false;low_urban;4
7820;208;109;23;land;false;plains;4
7821;240;149;145;land;false;plains;4
7822;230;214;21;land;false;plains;4
7823;194;157;200;land;false;plains;4
7824;80;61;97;lake;false;lakes;0
7825;162;180;177;land;false;plains;4
7826;105;174;130;land;false;plains;4
7827;194;168;240;land;false;plains;4
7828;40;214;120;land;false;low_urban;3
7829;127;92;125;land;false;low_urban;3
7830;249;179;196;land;true;plains;3
7831;21;9;96;land;false;plains;3
7832;165;81;19;land;false;plains;3
7833;141;148;66;land;false;forest;3
7834;196;148;175;land;false;forest;3
7835;137;22;166;land;false;forest;3
7836;49;217;246;land;false;low_urban;3
7837;46;209;24;land;false;plains;3
7838;6;44;42;land;false;forest;3
7839;224;76;142;land;false;plains;3
7840;142;36;54;land;false;forest;3
7841;224;148;182;land;false;forest;3
7842;68;18;130;land;false;forest;3
7843;166;203;190;land;false;forest;3
7844;203;115;51;land;false;forest;3
7845;232;107;247;land;false;plains;3
7846;70;161;67;land;false;plains;3
7847;209;84;109;land;false;plains;3
7848;31;144;8;land;false;plains;3
7849;2;51;98;land;false;plains;3
7850;116;56;194;land;false;plains;3
7851;181;108;128;land;false;low_urban;3
7852;85;52;238;land;false;forest;3
7853;231;104;52;land;false;forest;3
7854;103;125;190;land;false;plains;3
7855;28;73;36;land;false;plains;3
7856;23;174;172;land;false;plains;3
7857;190;178;190;land;false;plains;3
7858;14;232;170;land;false;industrial;3
7859;154;116;181;land;false;plains;3
7860;232;37;243;land;false;plains;3
7861;19;153;200;land;false;plains;3
7862;161;157;65;land;false;forest;3
7863;194;126;106;land;false;plains;3
7864;213;229;53;land;false;forest;3
7865;78;211;120;land;false;plains;3
7866;49;194;68;land;false;plains;3
7867;29;77;141;land;false;forest;3
7868;99;196;156;land;false;forest;3
7869;96;166;115;land;false;low_urban;3
7870;154;82;205;land;false;plains;3
7871;171;159;122;land;false;low_urban;3
7872;88;192;202;land;false;plains;3
7873;195;253;23;land;false;forest;3
7874;210;95;200;land;false;low_urban;3
7875;54;183;254;land;false;low_urban;3
7876;88;55;182;land;false;low_urban;3
7877;165;161;143;land;false;industrial;3
7878;74;179;60;land;false;forest;3
7879;120;52;230;land;false;forest;3
7880;134;199;103;land;false;plains;3
7881;44;200;212;land;false;forest;3
7882;243;17;44;land;false;plains;3
7883;142;111;81;land;false;plains;3
7884;92;227;62;land;false;plains;3
7885;184;237;8;land;false;forest;3
7886;227;251;24;land;false;low_urban;3
7887;175;119;55;land;false;low_urban;3
7888;189;12;215;land;false;low_urban;3
7889;95;67;248;land;false;plains;3
7890;184;120;221;land;false;plains;3
7891;204;131;152;land;false;urban;3
7892;77;73;91;land;false;forest;3
7893;233;191;112;land;false;forest;3
7894;210;149;46;land;false;low_urban;3
7895;223;225;214;land;false;plains;3
7896;38;64;245;land;false;low_urban;3
7897;142;74;245;land;false;urban;3
7898;194;64;187;land;false;plains;3
7899;148;185;41;land;false;plains;3
7900;96;94;78;land;false;low_urban;3
7901;129;243;248;land;false;plains;3
7902;32;142;64;land;false;forest;3
7903;17;7;58;land;false;plains;3
7904;246;251;8;land;false;forest;3
7905;209;57;223;land;false;forest;3
7906;115;177;155;land;false;forest;3
7907;175;15;30;land;false;low_urban;3
7908;53;230;138;land;false;plains;3
7909;109;165;17;land;false;industrial;3
7910;95;241;171;land;false;low_urban;3
7911;243;137;200;land;false;plains;3
7912;79;90;235;land;false;low_urban;3
7913;112;208;215;land;false;forest;3
7914;251;160;146;land;false;forest;3
7915;143;20;236;land;false;forest;3
7916;35;169;176;land;false;plains;3
7917;130;73;241;land;false;low_urban;3
7918;154;71;76;land;false;urban;3
7919;71;6;246;land;false;forest;3
7920;89;225;94;land;false;industrial;3
7921;113;105;83;land;false;urban;3
7922;88;162;111;land;false;forest;3
7923;233;165;223;land;false;low_urban;3
7924;99;2;14;land;false;low_urban;3
7925;202;24;186;land;false;plains;3
7926;4;185;142;land;false;urban;3
7927;167;180;115;land;false;urban;3
7928;81;63;188;land;false;forest;3
7929;8;115;70;land;false;forest;3
7930;155;242;164;land;false;urban;3
7931;197;169;205;land;false;low_urban;3
7932;71;42;205;land;false;urban;3
7933;203;250;52;land;true;plains;3
7934;76;133;168;land;false;urban;3
7935;251;137;105;land;false;urban;3
7936;131;131;79;land;false;urban;3
7937;113;200;172;land;false;urban;3
7938;84;184;230;land;false;urban;3
7939;234;39;69;land;false;urban;3
7940;45;151;49;land;false;urban;3
7941;83;43;3;land;false;plains;3
7942;38;238;25;land;false;low_urban;3
7943;17;244;79;land;false;industrial;3
7944;193;175;137;land;false;forest;3
7945;190;22;194;land;false;urban;3
7946;253;229;185;land;false;low_urban;3
7947;128;211;63;land;false;low_urban;3
7948;246;59;49;land;false;low_urban;3
7949;93;84;125;land;false;low_urban;3
7950;202;233;77;land;false;forest;3
7951;136;158;137;land;false;low_urban;3
7952;208;182;23;land;false;urban;3
7953;99;213;109;land;false;forest;3
7954;219;17;100;land;false;low_urban;3
7955;87;97;6;land;false;low_urban;3
7956;130;49;200;land;false;urban;3
7957;243;172;156;land;false;urban;3
7958;188;78;201;land;false;urban;3
7959;4;237;183;land;false;low_urban;3
7960;83;91;35;land;false;urban;3
7961;145;31;24;land;false;plains;3
7962;106;63;15;land;false;forest;3
7963;88;51;80;land;false;low_urban;3
7964;172;107;51;land;false;plains;3
7965;250;134;177;land;false;low_urban;3
7966;15;238;215;land;false;urban;3
7967;24;42;198;land;false;urban;3
7968;193;116;76;land;false;low_urban;3
7969;54;159;28;land;false;low_urban;3
7970;15;14;130;land;false;low_urban;3
7971;194;222;175;land;false;urban;3
7972;66;153;136;land;false;forest;3
7973;12;207;140;land;false;forest;3
7974;81;149;57;land;false;plains;3
7975;101;208;219;land;false;urban;3
7976;41;224;1;land;false;urban;3
7977;115;73;154;land;false;low_urban;3
7978;55;81;237;land;false;forest;3
7979;93;164;137;land;false;low_urban;3
7980;200;57;36;land;false;low_urban;3
7981;160;248;84;land;false;low_urban;3
7982;176;91;182;land;false;forest;3
7983;94;144;145;land;false;industrial;3
7984;77;16;73;land;false;low_urban;3
7985;225;55;167;land;false;low_urban;3
7986;29;181;30;land;false;plains;3
7987;241;175;88;land;false;urban;3
7988;11;108;109;land;false;urban;3
7989;199;250;4;land;false;urban;3
7990;245;253;110;land;false;low_urban;3
7991;224;86;51;land;false;forest;4
7992;226;134;144;land;false;plains;4
7993;97;86;157;land;false;plains;4
7994;101;99;51;land;false;plains;4
7995;87;217;105;land;false;plains;4
7996;151;94;66;land;false;low_urban;4
7997;9;180;47;land;false;plains;4
7998;225;1;224;land;false;plains;4
7999;65;219;155;land;false;plains;4
8000;53;8;178;land;false;plains;4
8001;52;17;166;land;false;plains;4
8002;28;83;180;land;false;low_urban;4
8003;254;251;141;land;false;plains;4
8004;68;102;135;land;false;forest;4
8005;64;244;254;land;false;plains;4
8006;162;203;132;land;false;low_urban;4
8007;112;199;164;land;false;plains;4
8008;211;128;56;land;false;forest;4
8009;122;107;17;land;false;plains;4
8010;191;244;229;land;false;plains;4
8011;95;198;181;land;false;plains;4
8012;113;85;182;land;false;plains;4
8013;88;90;195;land;false;hills;4
8014;158;121;140;land;false;hills;4
8015;91;47;234;land;false;hills;4
8016;220;155;206;land;false;plains;4
8017;130;56;152;land;false;plains;4
8018;40;167;252;land;false;plains;4
8019;237;199;35;land;false;forest;4
8020;69;206;237;land;false;plains;4
8021;77;70;5;land;false;plains;4
8022;205;108;140;land;false;hills;4
8023;145;152;180;land;false;hills;4
8024;103;199;146;land;false;low_urban;4
8025;187;224;127;land;false;hills;4
8026;3;163;206;land;false;hills;4
8027;59;23;105;land;false;forest;4
8028;228;112;198;land;false;low_urban;4
8029;170;97;34;land;false;plains;4
8030;168;66;116;land;false;low_urban;4
8031;196;99;30;land;false;low_urban;4
8032;213;62;58;land;false;low_urban;4
8033;104;86;101;land;false;hills;4
8034;184;28;57;land;false;hills;4
8035;181;60;137;land;false;mountain;4
8036;17;5;153;land;false;hills;4
8037;170;87;146;land;false;hills;4
8038;167;127;66;land;false;hills;4
8039;4;202;116;land;false;hills;4
8040;168;49;18;land;false;hills;4
8041;69;149;204;land;false;mountain;4
8042;216;241;118;land;false;mountain;4
8043;7;230;29;land;false;mountain;4
8044;85;81;25;land;false;low_urban;4
8045;35;239;161;land;false;mountain;4
8046;153;238;218;land;false;hills;4
8047;145;226;40;land;false;low_urban;4
8048;186;221;164;land;false;low_urban;4
8049;112;123;5;land;false;hills;4
8050;241;34;211;land;false;hills;4
8051;236;215;239;land;false;low_urban;4
8052;129;62;136;land;false;hills;4
8053;63;67;11;land;false;hills;4
8054;12;149;144;land;false;mountain;4
8055;183;34;198;land;false;mountain;4
8056;115;55;107;land;false;mountain;4
8057;61;146;20;land;false;mountain;4
8058;213;82;239;land;false;mountain;4
8059;131;252;24;land;false;mountain;4
8060;194;70;143;land;false;mountain;4
8061;244;192;87;land;false;mountain;4
8062;2;39;113;land;false;mountain;4
8063;100;118;84;land;false;mountain;4
8064;254;159;195;land;false;low_urban;4
8065;123;5;32;land;false;low_urban;4
8066;28;80;83;land;false;hills;4
8067;44;218;108;land;false;mountain;4
8068;130;114;37;land;false;mountain;4
8069;107;145;60;land;false;hills;4
8070;35;160;105;land;false;mountain;4
8071;50;196;27;land;false;hills;4
8072;185;54;211;land;false;mountain;4
8073;67;135;227;land;false;hills;4
8074;175;163;77;land;false;mountain;4
8075;115;194;43;land;false;hills;4
8076;170;142;102;land;false;plains;4
8077;69;8;197;land;false;low_urban;4
8078;63;130;220;land;false;hills;4
8079;2;97;129;land;false;low_urban;4
8080;145;41;20;land;false;plains;4
8081;17;234;106;land;false;plains;4
8082;218;16;66;land;false;plains;4
8083;56;170;169;land;false;plains;4
8084;238;204;5;land;false;hills;4
8085;118;50;149;land;false;forest;4
8086;94;79;160;land;false;plains;4
8087;59;20;170;land;false;plains;4
8088;64;99;72;land;false;hills;4
8089;225;187;214;land;false;hills;4
8090;120;197;182;land;false;plains;4
8091;187;177;158;land;true;plains;4
8092;15;71;7;land;true;forest;4
8093;218;139;241;land;false;plains;4
8094;71;39;248;land;false;plains;4
8095;81;71;217;land;false;industrial;4
8096;125;251;133;land;false;urban;4
8097;0;40;205;land;false;low_urban;4
8098;210;148;58;land;false;forest;4
8099;250;145;101;land;false;industrial;4
8100;106;73;187;land;false;low_urban;4
8101;121;41;183;land;false;plains;4
8102;252;246;96;land;false;plains;4
8103;196;42;124;land;false;forest;4
8104;102;76;6;land;false;plains;4
8105;61;46;117;land;false;plains;4
8106;230;179;62;land;false;plains;4
8107;128;167;7;land;false;plains;4
8108;61;171;91;land;false;plains;4
8109;203;133;130;land;false;mountain;4
8110;149;214;81;land;false;mountain;4
8111;179;200;125;land;false;hills;4
8112;10;202;119;land;false;hills;4
8113;54;224;185;land;false;hills;4
8114;212;144;214;land;false;mountain;4
8115;31;227;57;land;false;industrial;4
8116;96;107;67;land;false;low_urban;4
8117;201;50;190;land;false;hills;4
8118;37;239;174;land;false;low_urban;4
8119;131;59;71;land;false;hills;4
8120;191;252;63;land;false;hills;4
8121;252;13;138;land;false;mountain;4
8122;169;131;156;land;false;mountain;4
8123;192;28;195;land;false;hills;4
8124;37;130;186;land;false;hills;4
8125;18;60;224;land;false;urban;4
8126;185;114;11;land;false;hills;4
8127;27;80;226;land;false;low_urban;4
8128;121;45;123;land;false;low_urban;4
8129;48;80;79;land;false;low_urban;4
8130;202;161;160;land;false;hills;4
8131;133;229;82;land;false;urban;4
8132;219;200;142;land;false;urban;4
8133;4;134;67;land;false;urban;4
8134;155;187;42;land;false;mountain;4
8135;192;89;197;land;false;mountain;4
8136;118;49;193;land;false;low_urban;4
8137;173;204;123;land;false;hills;4
8138;92;114;23;land;false;low_urban;4
8139;127;200;212;land;false;low_urban;4
8140;113;218;119;land;false;mountain;4
8141;136;38;108;land;false;mountain;4
8142;64;245;12;land;false;mountain;4
8143;254;83;188;land;false;mountain;4
8144;50;235;4;land;false;hills;4
8145;127;184;48;land;false;mountain;4
8146;25;223;41;land;false;hills;4
8147;210;119;209;land;false;mountain;4
8148;228;183;168;land;false;mountain;4
8149;100;45;46;land;false;hills;4
8150;71;43;177;lake;false;lakes;0
8151;192;96;200;land;false;low_urban;4
8152;224;50;251;land;false;mountain;4
8153;126;42;208;land;false;hills;4
8154;25;241;209;land;false;low_urban;4
8155;76;237;147;land;false;mountain;4
8156;130;134;60;land;false;hills;4
8157;163;125;60;land;false;hills;4
8158;236;194;76;land;false;hills;4
8159;129;174;41;land;false;hills;4
8160;233;90;235;land;false;hills;4
8161;164;217;217;land;false;hills;4
8162;241;57;210;land;false;low_urban;4
8163;144;198;18;land;false;hills;4
8164;231;10;169;land;false;hills;4
8165;95;158;208;land;false;low_urban;4
8166;49;183;49;land;false;hills;4
8167;64;80;215;land;false;mountain;4
8168;49;62;125;land;false;hills;4
8169;168;17;168;land;false;mountain;4
8170;190;171;131;land;false;mountain;4
8171;83;109;91;land;false;mountain;4
8172;35;77;57;land;false;hills;4
8173;35;26;7;land;false;mountain;4
8174;179;186;116;land;false;hills;4
8175;222;182;173;land;false;mountain;4
8176;165;18;208;land;false;hills;4
8177;4;107;233;land;false;mountain;4
8178;95;227;83;land;false;mountain;4
8179;137;207;17;land;false;mountain;4
8180;38;210;199;land;false;hills;4
8181;49;15;146;land;false;hills;4
8182;173;107;168;land;false;mountain;4
8183;198;146;147;land;false;hills;4
8184;51;7;76;land;false;hills;4
8185;173;242;76;land;false;mountain;4
8186;222;96;44;land;false;hills;4
8187;74;130;247;land;false;mountain;4
8188;67;185;250;land;false;mountain;4
8189;23;251;197;land;false;low_urban;4
8190;213;82;9;land;false;mountain;4
8191;231;180;203;land;false;hills;4
8192;146;107;207;land;false;mountain;4
8193;223;76;153;land;false;hills;4
8194;171;228;219;land;false;hills;4
8195;46;72;102;land;false;mountain;4
8196;83;67;67;land;false;mountain;4
8197;111;190;125;land;false;hills;4
8198;21;155;121;land;false;hills;4
8199;130;111;77;land;false;mountain;4
8200;182;2;154;land;false;mountain;4
8201;59;139;235;land;false;plains;3
8202;158;84;252;land;false;low_urban;3
8203;181;253;203;land;false;plains;3
8204;141;217;191;land;false;low_urban;3
8205;214;74;81;land;false;plains;3
8206;66;162;161;land;false;plains;3
8207;240;60;214;land;false;plains;3
8208;123;13;58;land;false;low_urban;3
8209;166;242;251;land;true;marsh;3
8210;10;59;60;land;true;marsh;3
8211;70;253;35;land;false;plains;3
8212;94;64;139;land;false;plains;3
8213;245;237;103;land;false;plains;3
8214;124;116;158;land;false;plains;3
8215;137;44;140;land;false;low_urban;3
8216;240;171;237;land;false;industrial;3
8217;60;132;129;land;false;low_urban;3
8218;34;222;50;land;false;plains;3
8219;104;196;102;land;false;plains;3
8220;214;88;140;land;true;marsh;3
8221;67;65;151;land;false;plains;3
8222;90;232;9;land;false;marsh;3
8223;138;20;152;land;false;forest;3
8224;142;39;188;land;false;low_urban;3
8225;115;60;242;land;false;forest;3
8226;170;45;240;land;false;low_urban;3
8227;83;203;193;land;false;forest;3
8228;73;33;129;land;false;plains;3
8229;8;27;24;land;false;plains;3
8230;203;185;35;land;false;urban;3
8231;53;51;136;land;false;low_urban;3
8232;208;111;176;land;false;low_urban;3
8233;15;191;37;land;false;low_urban;3
8234;28;63;226;land;false;plains;3
8235;160;181;27;land;false;low_urban;3
8236;234;59;55;land;false;low_urban;3
8237;20;20;35;land;false;forest;3
8238;26;208;98;land;false;low_urban;3
8239;220;254;73;land;false;low_urban;3
8240;70;119;125;land;false;low_urban;3
8241;0;208;91;land;false;forest;3
8242;244;126;46;land;false;plains;3
8243;193;107;74;land;false;low_urban;3
8244;218;34;26;land;false;forest;3
8245;172;117;232;land;false;forest;3
8246;108;62;242;land;false;low_urban;3
8247;33;132;165;land;false;forest;3
8248;39;229;74;land;false;industrial;3
8249;128;108;60;land;false;forest;3
8250;90;187;197;land;false;low_urban;3
8251;244;235;160;land;false;low_urban;4
8252;29;139;200;land;false;plains;3
8253;43;214;192;land;false;forest;3
8254;129;250;128;land;false;urban;3
8255;240;163;3;land;false;low_urban;3
8256;6;133;11;land;false;plains;3
8257;136;158;55;land;false;forest;3
8258;172;194;58;land;false;forest;3
8259;94;136;39;land;false;plains;3
8260;38;126;170;land;false;plains;3
8261;156;164;224;land;false;low_urban;3
8262;217;2;119;land;false;plains;3
8263;94;244;193;land;false;plains;3
8264;103;253;77;land;true;plains;3
8265;73;52;56;land;true;marsh;3
8266;156;209;245;land;false;plains;3
8267;210;146;228;land;false;plains;3
8268;166;41;73;land;false;plains;3
8269;3;109;178;land;false;plains;3
8270;245;190;75;land;false;plains;3
8271;130;249;26;land;false;plains;3
8272;241;185;169;land;false;plains;3
8273;171;133;36;land;false;plains;3
8274;73;156;8;land;false;low_urban;3
8275;71;252;177;land;false;plains;3
8276;117;74;252;land;false;plains;3
8277;42;217;180;land;false;plains;3
8278;45;71;31;land;false;plains;3
8279;248;36;178;land;false;plains;3
8280;124;240;174;land;false;plains;3
8281;43;234;142;land;false;plains;3
8282;102;17;227;land;true;plains;3
8283;63;68;116;land;false;plains;3
8284;232;37;48;land;false;plains;3
8285;31;141;163;land;false;plains;3
8286;80;210;13;land;true;plains;3
8287;82;183;62;land;true;plains;3
8288;152;239;196;land;true;industrial;3
8289;9;223;138;land;true;urban;3
8290;150;101;206;land;true;plains;3
8291;61;164;23;land;true;low_urban;3
8292;202;21;132;land;true;plains;3
8293;63;150;111;land;false;urban;3
8294;93;16;42;land;false;forest;3
8295;153;12;130;land;true;plains;3
8296;180;247;117;land;false;forest;3
8297;254;242;196;land;true;plains;3
8298;201;246;72;land;false;low_urban;3
8299;18;225;5;land;true;forest;3
8300;21;57;109;land;false;forest;3
8301;179;72;116;land;false;low_urban;3
8302;140;225;36;land;true;plains;3
8303;236;245;70;land;false;plains;3
8304;45;25;18;land;false;plains;3
8305;224;125;166;land;false;urban;3
8306;55;142;50;land;false;plains;3
8307;171;34;77;land;false;urban;3
8308;45;187;188;land;false;urban;3
8309;226;181;188;land;false;low_urban;3
8310;87;53;191;land;false;industrial;3
8311;99;58;38;land;false;urban;3
8312;196;218;239;land;false;urban;3
8313;51;245;151;land;false;low_urban;3
8314;38;102;87;land;false;forest;3
8315;32;20;98;land;false;urban;3
8316;30;28;188;land;false;plains;3
8317;117;248;36;land;false;plains;3
8318;11;87;89;land;false;plains;3
8319;164;124;66;land;false;urban;3
8320;50;227;240;land;false;industrial;3
8321;130;125;244;land;false;industrial;3
8322;40;173;186;land;false;forest;3
8323;46;225;141;land;false;plains;3
8324;189;80;84;land;false;forest;3
8325;79;145;11;land;false;plains;3
8326;233;199;67;land;false;forest;3
8327;61;103;31;land;false;plains;3
8328;100;228;70;land;false;forest;3
8329;62;0;1;land;false;forest;3
8330;194;224;156;land;false;plains;3
8331;228;250;54;land;false;forest;3
8332;116;7;38;land;false;forest;3
8333;51;18;3;land;false;forest;3
8334;141;85;107;land;false;plains;3
8335;211;123;152;land;false;forest;3
8336;113;123;131;land;true;plains;3
8337;121;149;87;land;true;forest;3
8338;96;5;86;land;true;forest;3
8339;49;59;80;land;false;plains;3
8340;88;238;116;land;false;plains;3
8341;245;69;9;land;true;forest;3
8342;75;5;11;land;true;plains;3
8343;39;10;236;land;true;plains;3
8344;246;129;232;land;false;plains;3
8345;225;117;200;land;false;low_urban;3
8346;120;135;143;land;false;plains;3
8347;13;187;141;land;false;forest;3
8348;107;133;32;land;false;plains;3
8349;85;147;155;land;false;plains;3
8350;212;129;35;land;false;plains;3
8351;120;96;200;land;false;plains;3
8352;55;241;124;land;false;plains;3
8353;241;192;45;land;false;plains;3
8354;81;245;115;land;false;forest;3
8355;229;50;23;land;false;plains;3
8356;25;51;78;land;false;plains;3
8357;41;145;128;land;false;forest;3
8358;228;127;150;land;false;plains;3
8359;124;72;42;land;false;plains;3
8360;249;101;103;land;false;plains;3
8361;204;7;46;land;false;plains;3
8362;134;10;250;land;false;forest;3
8363;72;212;107;land;false;plains;3
8364;27;42;32;land;false;plains;3
8365;52;50;113;land;false;plains;3
8366;196;3;193;land;false;plains;3
8367;234;18;240;land;false;forest;3
8368;155;192;42;land;false;low_urban;3
8369;133;64;221;land;false;forest;3
8370;229;252;127;land;false;plains;3
8371;85;162;37;land;false;forest;3
8372;236;190;34;land;false;forest;3
8373;231;75;35;land;false;forest;3
8374;228;113;105;land;false;low_urban;3
8375;103;39;18;land;false;forest;3
8376;23;63;59;land;false;forest;3
8377;101;25;190;land;false;forest;3
8378;14;76;235;land;false;forest;3
8379;76;32;104;land;false;low_urban;3
8380;185;131;31;land;false;forest;3
8381;244;59;72;land;false;low_urban;3
8382;102;249;43;land;false;low_urban;3
8383;251;224;223;land;false;low_urban;3
8384;74;179;254;land;false;industrial;3
8385;17;171;145;land;false;plains;3
8386;2;208;150;land;false;low_urban;3
8387;162;17;38;land;false;forest;3
8388;36;174;146;land;false;low_urban;3
8389;128;149;8;land;false;forest;3
8390;152;174;161;land;false;forest;3
8391;232;38;174;land;false;forest;3
8392;28;85;30;land;false;low_urban;3
8393;207;237;222;land;false;forest;3
8394;145;162;244;land;false;forest;3
8395;199;171;176;land;false;forest;3
8396;195;198;47;land;false;forest;3
8397;99;105;171;land;false;forest;3
8398;149;203;141;land;false;plains;3
8399;127;108;182;land;false;industrial;3
8400;107;116;0;land;false;low_urban;3
8401;119;40;152;land;false;forest;4
8402;124;227;79;land;false;low_urban;4
8403;102;101;142;land;false;forest;4
8404;204;128;78;land;false;forest;4
8405;13;146;105;land;false;forest;4
8406;90;191;165;land;false;low_urban;4
8407;209;2;195;land;false;plains;4
8408;224;22;20;land;false;forest;4
8409;59;5;182;land;false;forest;4
8410;208;12;20;land;false;forest;4
8411;236;75;42;land;false;plains;4
8412;186;14;87;land;false;plains;4
8413;25;79;237;land;false;plains;4
8414;24;104;39;land;false;plains;4
8415;51;66;15;land;false;plains;4
8416;177;233;110;land;false;plains;4
8417;107;83;115;land;false;plains;4
8418;50;105;123;land;false;forest;4
8419;224;174;226;land;false;plains;4
8420;109;111;106;land;false;forest;4
8421;224;155;7;land;false;plains;4
8422;195;180;7;land;false;plains;4
8423;238;153;102;land;false;plains;4
8424;26;103;112;land;false;plains;4
8425;60;59;86;land;false;plains;4
8426;229;24;59;land;false;plains;4
8427;142;122;217;land;false;plains;4
8428;97;152;166;land;false;plains;4
8429;218;149;205;land;false;forest;4
8430;200;85;54;land;false;forest;4
8431;85;247;164;land;false;forest;4
8432;94;105;2;land;false;forest;4
8433;137;171;6;land;false;forest;4
8434;6;226;112;land;false;plains;4
8435;227;76;141;land;false;plains;4
8436;160;29;210;land;false;forest;4
8437;31;45;6;land;false;forest;4
8438;49;196;57;land;false;forest;4
8439;137;139;108;land;false;forest;4
8440;209;98;63;land;false;plains;4
8441;195;250;6;land;false;plains;4
8442;137;64;129;land;false;forest;4
8443;62;205;186;land;false;plains;4
8444;33;125;154;land;false;forest;4
8445;254;163;125;land;false;plains;4
8446;219;221;218;land;false;plains;4
8447;34;106;22;land;false;forest;4
8448;1;19;173;land;false;forest;4
8449;32;151;131;land;false;forest;4
8450;235;225;70;land;false;plains;4
8451;168;199;70;land;false;plains;4
8452;158;180;55;land;false;plains;4
8453;86;128;157;land;false;forest;4
8454;169;108;77;land;false;forest;4
8455;25;138;72;land;false;forest;4
8456;136;44;51;land;false;forest;4
8457;65;89;75;land;false;plains;4
8458;190;88;169;land;false;forest;4
8459;36;189;168;land;false;forest;4
8460;115;164;202;land;false;plains;4
8461;205;182;133;land;false;forest;4
8462;141;131;9;land;false;plains;4
8463;179;70;69;land;false;plains;4
8464;45;13;34;land;false;plains;4
8465;128;106;39;land;false;forest;4
8466;160;139;92;land;false;forest;4
8467;223;196;101;land;false;plains;4
8468;98;222;92;land;false;plains;4
8469;204;209;81;land;false;plains;4
8470;19;41;72;land;false;plains;4
8471;252;252;35;land;false;plains;4
8472;206;239;161;land;false;forest;4
8473;201;39;217;land;false;plains;4
8474;203;156;86;land;false;plains;4
8475;85;188;155;land;false;plains;4
8476;183;9;246;land;false;forest;4
8477;97;114;11;land;false;plains;4
8478;161;142;173;land;false;forest;4
8479;196;115;155;land;false;plains;4
8480;227;180;43;land;false;low_urban;4
8481;122;194;101;land;false;plains;4
8482;242;86;210;land;false;plains;4
8483;217;124;65;land;false;plains;4
8484;35;130;15;land;false;plains;4
8485;100;196;216;land;false;plains;4
8486;129;172;142;land;false;forest;4
8487;34;40;233;land;false;plains;4
8488;174;95;112;land;false;plains;4
8489;79;140;207;land;false;plains;4
8490;233;184;25;land;false;forest;4
8491;121;175;160;land;false;plains;4
8492;205;79;159;land;false;plains;4
8493;128;121;83;land;false;plains;4
8494;61;156;155;land;false;forest;4
8495;230;238;207;land;false;forest;4
8496;175;42;141;land;false;plains;4
8497;246;236;150;land;false;plains;4
8498;50;50;29;land;false;plains;4
8499;109;227;42;land;false;plains;4
8500;46;237;40;land;false;forest;4
8501;86;139;158;land;false;plains;4
8502;122;61;199;land;false;plains;4
8503;155;13;156;land;false;forest;4
8504;249;155;77;land;false;plains;4
8505;41;13;24;land;false;plains;4
8506;167;242;41;land;false;forest;4
8507;26;227;110;land;false;forest;4
8508;250;199;80;land;false;forest;4
8509;210;117;83;land;false;plains;4
8510;129;37;2;land;false;plains;4
8511;72;232;172;land;false;plains;4
8512;139;195;113;land;false;plains;4
8513;76;86;69;land;false;plains;4
8514;248;95;165;land;false;plains;4
8515;46;253;37;land;false;plains;4
8516;230;176;236;land;false;low_urban;4
8517;178;4;235;land;false;plains;4
8518;182;232;82;land;false;plains;4
8519;12;81;235;land;false;plains;4
8520;9;29;143;land;false;plains;4
8521;170;207;73;land;false;plains;4
8522;221;253;184;land;false;low_urban;4
8523;77;115;216;land;false;plains;4
8524;234;153;54;land;false;low_urban;4
8525;209;29;26;land;false;urban;4
8526;217;66;139;land;false;urban;4
8527;125;218;235;land;false;urban;4
8528;82;2;154;land;false;urban;4
8529;18;137;181;land;false;plains;4
8530;159;40;54;land;false;low_urban;4
8531;242;133;174;land;false;plains;4
8532;195;98;5;land;false;urban;4
8533;122;162;80;land;false;low_urban;4
8534;190;10;56;land;false;plains;4
8535;15;93;82;land;false;plains;4
8536;148;90;31;land;false;forest;4
8537;147;197;104;land;false;forest;4
8538;91;253;3;land;false;forest;4
8539;8;148;205;land;false;plains;4
8540;205;211;159;land;false;plains;4
8541;6;229;66;land;false;forest;4
8542;244;105;168;land;false;forest;4
8543;119;64;21;land;false;plains;4
8544;147;153;40;land;false;forest;4
8545;112;41;41;land;false;plains;4
8546;54;18;170;land;false;plains;4
8547;165;45;70;land;false;forest;4
8548;151;178;180;land;false;forest;4
8549;158;105;248;land;false;plains;4
8550;102;54;183;land;false;forest;4
8551;185;230;246;land;false;plains;4
8552;50;40;218;land;false;forest;4
8553;158;165;59;land;false;plains;4
8554;27;12;23;land;false;plains;4
8555;248;43;168;land;false;low_urban;4
8556;36;148;206;land;false;forest;4
8557;205;54;229;land;false;plains;4
8558;200;240;32;land;false;plains;4
8559;233;143;29;land;false;plains;4
8560;93;115;232;land;false;forest;4
8561;221;237;215;land;false;plains;4
8562;55;139;40;land;false;hills;4
8563;232;230;155;land;false;forest;4
8564;146;82;224;land;false;forest;4
8565;23;133;6;land;false;hills;4
8566;240;250;173;land;false;plains;4
8567;35;241;187;land;false;forest;4
8568;39;238;49;land;false;plains;4
8569;212;11;1;land;false;forest;4
8570;154;75;38;land;false;forest;4
8571;7;51;35;land;false;forest;4
8572;220;138;144;land;false;plains;4
8573;31;44;174;land;false;hills;4
8574;227;44;49;land;false;plains;4
8575;224;16;221;land;false;plains;4
8576;35;184;31;land;false;forest;4
8577;2;110;185;land;false;plains;4
8578;92;171;237;land;false;plains;4
8579;50;201;49;land;false;plains;4
8580;77;200;180;land;false;plains;4
8581;211;237;91;land;false;plains;4
8582;185;107;105;land;false;plains;4
8583;24;171;97;land;false;plains;4
8584;95;239;64;land;false;forest;4
8585;211;13;241;land;false;low_urban;4
8586;234;44;47;land;false;plains;4
8587;155;10;252;land;false;plains;4
8588;237;116;202;land;false;forest;4
8589;246;126;188;land;false;plains;4
8590;29;213;103;land;false;plains;4
8591;143;59;72;land;false;forest;4
8592;230;103;49;land;false;plains;4
8593;111;79;79;land;false;plains;4
8594;191;67;249;land;false;plains;4
8595;79;211;39;land;false;plains;4
8596;157;117;133;land;false;forest;4
8597;102;89;86;land;false;forest;4
8598;9;49;118;land;false;forest;4
8599;158;22;12;land;false;plains;4
8600;253;184;182;land;false;plains;4
8601;7;43;17;land;false;plains;4
8602;179;95;206;land;false;plains;4
8603;131;103;107;land;false;plains;4
8604;222;25;235;land;false;plains;4
8605;166;231;240;land;false;plains;4
8606;89;76;70;land;false;plains;4
8607;253;60;15;land;false;forest;4
8608;186;24;115;land;false;plains;4
8609;173;43;18;land;false;plains;4
8610;249;251;170;land;false;plains;4
8611;235;207;240;land;false;plains;4
8612;14;49;19;land;false;plains;4
8613;21;62;43;land;false;plains;4
8614;48;130;225;land;false;low_urban;4
8615;45;171;56;land;false;plains;4
8616;213;148;219;land;false;plains;4
8617;176;245;219;land;false;plains;4
8618;80;192;55;land;false;plains;4
8619;223;244;108;land;false;plains;4
8620;128;220;153;land;false;plains;4
8621;135;209;196;land;false;forest;4
8622;139;253;245;land;false;plains;4
8623;161;16;31;land;false;plains;4
8624;88;113;201;land;false;forest;4
8625;97;24;57;land;false;plains;4
8626;2;111;205;land;false;plains;4
8627;149;231;230;land;false;plains;4
8628;192;149;4;land;false;plains;4
8629;163;110;70;land;false;plains;4
8630;205;146;170;land;false;plains;4
8631;101;125;119;land;false;plains;4
8632;50;183;144;land;false;plains;4
8633;142;142;192;land;false;plains;4
8634;172;121;85;land;false;forest;4
8635;89;54;213;land;false;forest;4
8636;250;0;100;land;false;forest;4
8637;204;66;113;land;false;forest;4
8638;27;40;194;land;false;plains;4
8639;155;209;192;land;false;forest;4
8640;251;201;158;land;false;forest;4
8641;81;1;201;land;false;plains;4
8642;115;199;196;land;false;plains;4
8643;87;91;252;land;false;forest;4
8644;175;145;83;land;false;forest;4
8645;142;85;62;land;false;plains;4
8646;174;17;138;land;false;forest;4
8647;153;102;167;land;false;plains;4
8648;204;177;194;land;false;plains;4
8649;100;28;231;land;false;forest;4
8650;111;38;192;land;false;hills;4
8651;115;66;42;land;false;forest;4
8652;223;71;40;land;false;forest;4
8653;159;239;93;land;false;forest;4
8654;72;12;182;land;false;plains;4
8655;171;145;197;land;false;hills;4
8656;159;110;232;land;false;plains;4
8657;100;125;118;land;false;forest;4
8658;57;214;16;land;false;plains;4
8659;166;175;117;land;false;plains;4
8660;108;63;161;land;false;plains;4
8661;72;173;119;land;false;urban;4
8662;138;154;17;land;false;plains;4
8663;54;84;23;land;false;forest;4
8664;229;59;239;land;false;urban;4
8665;159;116;219;land;false;plains;4
8666;9;247;101;land;false;plains;4
8667;196;122;22;land;false;plains;4
8668;239;148;175;land;false;plains;4
8669;249;97;81;land;false;plains;4
8670;146;126;40;land;false;plains;4
8671;243;186;181;land;false;plains;4
8672;205;162;80;land;false;plains;4
8673;50;89;121;land;false;plains;4
8674;87;75;142;land;false;plains;4
8675;122;244;164;land;false;plains;4
8676;28;225;229;land;false;plains;4
8677;176;162;4;land;false;plains;4
8678;27;77;13;land;false;forest;4
8679;225;137;150;land;false;plains;4
8680;190;152;225;land;false;plains;4
8681;24;90;206;land;false;plains;4
8682;99;224;121;land;false;plains;4
8683;40;195;142;land;false;hills;4
8684;148;22;186;land;false;forest;4
8685;36;197;230;land;false;forest;4
8686;164;103;46;land;false;plains;4
8687;46;245;35;land;false;plains;4
8688;232;209;221;land;false;forest;4
8689;253;160;53;land;false;forest;4
8690;188;226;178;land;false;plains;4
8691;107;180;101;land;false;plains;4
8692;185;116;136;land;false;plains;4
8693;134;198;42;land;false;forest;4
8694;166;245;236;land;false;plains;4
8695;56;96;158;land;false;forest;4
8696;107;223;210;land;false;forest;4
8697;98;128;71;land;false;plains;4
8698;129;222;243;land;false;plains;4
8699;153;135;17;land;false;low_urban;4
8700;15;26;230;land;false;forest;4
8701;10;63;103;land;false;plains;4
8702;50;84;198;land;false;plains;4
8703;170;187;167;land;false;forest;4
8704;86;108;192;land;false;plains;4
8705;151;196;112;land;false;forest;4
8706;121;16;94;land;false;plains;4
8707;218;158;58;land;false;plains;4
8708;9;162;111;land;false;forest;4
8709;168;188;98;land;false;plains;4
8710;27;161;45;land;false;plains;4
8711;124;211;57;land;false;plains;4
8712;180;201;107;land;false;forest;4
8713;13;220;102;land;false;plains;4
8714;39;147;47;land;false;plains;4
8715;178;193;38;land;false;plains;4
8716;191;175;81;land;false;forest;4
8717;55;29;217;land;false;forest;4
8718;154;182;227;land;false;forest;4
8719;9;180;79;land;false;forest;4
8720;250;100;112;land;false;plains;4
8721;7;3;11;land;false;plains;4
8722;245;169;113;land;false;plains;4
8723;199;245;0;land;false;urban;4
8724;9;97;133;land;false;low_urban;4
8725;146;11;148;land;false;plains;4
8726;72;109;63;land;false;forest;4
8727;113;170;49;land;false;plains;4
8728;104;226;177;land;false;plains;4
8729;150;154;6;land;false;urban;4
8730;48;90;178;land;false;forest;4
8731;26;69;47;land;false;plains;4
8732;202;172;236;land;false;forest;4
8733;225;47;171;land;false;forest;4
8734;125;190;237;land;false;forest;4
8735;163;160;44;land;false;plains;4
8736;145;215;250;land;false;forest;4
8737;222;252;159;land;false;plains;4
8738;182;14;7;land;false;plains;4
8739;252;154;109;land;false;plains;4
8740;239;226;128;land;false;plains;4
8741;71;231;252;land;false;plains;4
8742;151;124;105;land;false;plains;4
8743;150;17;205;land;false;plains;4
8744;39;40;237;land;false;forest;4
8745;108;193;185;land;false;forest;4
8746;218;163;134;land;false;plains;4
8747;31;246;244;land;false;plains;4
8748;165;79;253;land;false;plains;4
8749;76;202;66;land;false;plains;4
8750;129;159;224;land;false;plains;4
8751;10;10;200;lake;false;lakes;0
8752;140;70;145;land;false;plains;4
8753;140;90;145;land;false;low_urban;4
8754;170;80;175;land;false;plains;4
8755;160;50;165;land;false;forest;4
8756;200;50;205;land;false;urban;4
8757;230;30;235;land;false;low_urban;4
8758;160;30;165;land;false;urban;4
8759;190;80;195;land;false;low_urban;4
8760;200;55;205;land;false;low_urban;4
8761;200;20;205;land;false;low_urban;4
8762;170;20;175;land;false;urban;4
8763;160;25;165;land;false;urban;4
8764;120;200;125;land;false;forest;4
8765;100;180;105;land;false;forest;4
8766;80;200;85;land;false;plains;4
8767;20;160;25;land;false;industrial;4
8768;80;160;85;land;false;urban;4
8769;100;190;105;land;false;urban;4
8770;120;210;125;land;false;low_urban;4
8771;60;210;65;land;false;low_urban;4
8772;30;180;35;land;false;urban;4
8773;70;200;75;land;false;industrial;4
8774;224;167;94;land;false;forest;4
8775;224;167;154;land;false;plains;4
8776;224;167;174;land;false;plains;4
8777;146;110;120;land;false;low_urban;4
8778;196;160;170;land;false;plains;4
8779;226;190;200;land;false;plains;4
8780;151;115;125;land;false;low_urban;4
8781;201;165;175;land;false;plains;4
8782;176;140;150;land;false;plains;4
8783;236;200;210;land;false;forest;4
8784;136;100;110;land;false;plains;4
8785;211;175;185;land;false;plains;4
8786;202;157;191;land;false;plains;4
8787;222;177;211;land;false;plains;4
8788;182;137;171;land;false;plains;4
8789;187;142;176;land;false;plains;4
8790;207;162;196;land;true;forest;4
8791;227;182;216;land;false;plains;4
8792;150;253;255;land;false;plains;4
8793;50;153;155;land;true;low_urban;4
8794;70;173;175;land;false;plains;4
8795;130;233;235;land;false;forest;4
8796;87;107;118;land;false;plains;4
8797;167;187;198;land;false;plains;4
8798;117;137;148;land;false;plains;4
8799;137;157;168;land;false;low_urban;4
8800;67;87;98;land;false;plains;4
8801;43;134;202;land;false;plains;4
8802;13;104;172;land;false;plains;4
8803;73;164;232;land;false;plains;4
8804;83;174;242;land;false;plains;4
8805;218;170;248;land;false;plains;4
8806;118;95;168;land;false;plains;4
8807;143;100;173;land;false;low_urban;4
8808;213;170;243;land;false;plains;4
8809;128;85;158;land;false;plains;4
8810;124;137;115;land;false;plains;4
8811;219;232;210;land;false;forest;4
8812;94;107;85;land;false;plains;4
8813;224;237;215;land;false;low_urban;4
8814;129;142;120;land;false;plains;4
8815;244;106;243;land;false;plains;4
8816;164;26;163;land;false;plains;4
8817;249;111;248;land;false;plains;4
8818;169;31;168;land;false;plains;4
8819;148;105;178;land;false;plains;4
8820;123;80;153;land;false;plains;4
8821;89;209;146;land;false;plains;4
8822;34;153;91;land;false;plains;4
8823;54;173;111;land;false;plains;4
8824;84;203;141;land;false;forest;4
8825;104;214;151;land;false;forest;4
8826;197;5;178;land;false;plains;4
8827;197;85;139;land;false;plains;4
8828;247;155;228;land;false;plains;4
8829;147;55;128;land;false;plains;4
8830;207;15;198;land;false;plains;4
8831;147;5;128;land;false;plains;4
8832;157;65;138;land;false;plains;4
8833;252;160;233;land;false;plains;4
8834;247;35;89;land;false;plains;4
8835;202;90;189;land;false;plains;4
8836;78;175;219;land;false;plains;4
8837;48;145;189;land;false;forest;4
8838;12;113;154;land;false;plains;4
8839;62;163;204;land;false;plains;4
8840;32;183;224;land;false;plains;4
8841;147;35;89;land;false;forest;4
8842;182;255;136;land;false;forest;4
8843;92;165;146;land;false;plains;4
8844;153;94;24;land;true;forest;4
8845;198;139;69;land;true;plains;4
8846;148;89;19;land;false;plains;4
8847;143;161;118;land;true;forest;4
8848;12;163;204;land;true;forest;4
8849;42;115;96;land;false;plains;4
8850;97;170;151;land;false;low_urban;4
8851;187;255;141;land;false;plains;4
8852;248;226;183;land;false;plains;4
8853;138;156;113;land;false;plains;4
8854;250;255;90;land;false;low_urban;4
8855;130;137;10;land;true;forest;4
8856;180;187;20;land;false;forest;4
8857;240;247;80;land;false;plains;4
8858;245;252;85;land;true;forest;4
8859;190;197;30;land;false;forest;4
8860;125;132;5;land;false;low_urban;4
8861;175;182;15;land;false;plains;4
8862;120;127;0;land;false;forest;4
8863;170;177;10;land;false;forest;4
8864;142;74;194;land;false;plains;4
8865;92;24;144;land;false;plains;4
8866;97;29;149;land;false;plains;4
8867;147;79;199;land;false;forest;4
8868;162;94;214;land;false;plains;4
8869;112;44;164;land;false;plains;4
8870;222;154;255;land;false;plains;4
8871;152;74;244;land;false;plains;4
8872;195;182;197;land;false;plains;4
8873;145;132;147;land;false;plains;4
8874;95;82;97;land;false;low_urban;4
8875;140;67;157;land;false;plains;4
8876;90;17;107;land;false;plains;4
8877;230;157;247;land;false;plains;4
8878;192;197;127;land;false;plains;4
8879;142;147;77;land;false;plains;4
8880;92;97;27;land;false;forest;4
8881;197;202;132;land;false;plains;4
8882;172;177;103;land;false;plains;4
8883;97;102;32;land;false;plains;4
8884;152;157;87;land;false;plains;4
8885;102;107;37;land;false;plains;4
8886;207;212;142;land;false;plains;4
8887;86;199;131;land;false;plains;4
8888;36;149;81;land;false;plains;4
8889;116;229;161;land;false;forest;4
8890;144;139;148;land;false;plains;4
8891;94;89;78;land;false;forest;4
8892;99;94;82;land;false;plains;4
8893;244;239;228;land;false;plains;4
8894;104;99;87;land;false;plains;4
8895;249;244;233;land;false;forest;4
8896;10;175;169;land;true;urban;4
8897;15;180;174;land;false;plains;4
8898;110;255;249;land;false;forest;4
8899;90;255;249;land;false;low_urban;4
8900;17;187;183;land;false;plains;4
8901;17;137;133;land;false;low_urban;4
8902;17;87;83;land;false;forest;4
8903;23;92;88;land;false;plains;4
8904;77;247;243;land;false;plains;4
8905;87;255;255;land;false;plains;4
8906;121;114;134;land;false;plains;4
8907;71;64;84;land;false;plains;4
8908;231;214;234;land;false;plains;4
8909;126;119;139;land;false;plains;4
8910;76;69;89;land;false;plains;4
8911;236;219;239;land;false;plains;4
8912;131;124;144;land;false;plains;4
8913;129;91;171;land;false;plains;4
8914;209;171;251;land;false;plains;4
8915;89;41;121;land;false;plains;4
8916;134;96;176;land;false;plains;4
8917;94;46;126;land;false;plains;4
8918;214;176;255;land;true;low_urban;4
8919;139;101;181;land;false;plains;4
8920;87;160;169;land;false;plains;4
8921;37;110;119;land;false;forest;4
8922;167;240;249;land;false;plains;4
8923;7;80;89;land;false;forest;4
8924;42;115;124;land;false;forest;4
8925;92;165;174;land;false;forest;4
8926;172;245;254;land;false;plains;4
8927;12;85;94;land;false;plains;4
8928;177;250;255;land;false;urban;4
8929;17;90;99;land;false;forest;4
8930;97;170;179;land;false;plains;4
8931;152;140;163;land;false;forest;4
8932;102;90;113;land;false;plains;4
8933;52;40;63;land;false;forest;4
8934;157;145;168;land;false;forest;4
8935;252;240;255;land;false;plains;4
8936;107;95;118;land;false;forest;4
8937;57;45;68;land;false;forest;4
8938;255;245;255;land;false;plains;4
8939;148;91;116;land;false;forest;4
8940;98;41;66;land;false;plains;4
8941;248;191;216;land;true;forest;4
8942;153;96;121;land;false;forest;4
8943;253;196;221;land;false;plains;4
8944;103;46;71;land;false;forest;4
8945;158;101;126;land;false;plains;4
8946;197;115;87;land;false;forest;4
8947;147;65;37;land;true;forest;4
8948;255;215;187;land;false;plains;4
8949;202;120;92;land;false;plains;4
8950;255;220;192;land;false;low_urban;4
8951;152;70;42;land;false;plains;4
8952;217;135;107;land;true;forest;4
8953;255;225;197;land;false;plains;4
8954;157;75;47;land;false;plains;4
8955;137;166;104;land;false;forest;4
8956;87;116;54;land;true;forest;4
8957;237;255;204;land;false;plains;4
8958;142;171;109;land;false;forest;4
8959;242;255;209;land;true;forest;4
8960;92;121;59;land;false;low_urban;4
8961;97;126;64;land;true;low_urban;4
8962;247;255;214;land;false;forest;4
8963;102;131;69;land;false;plains;4
8964;152;181;119;land;false;plains;4
8965;247;245;214;land;false;forest;4
8966;162;191;129;land;true;forest;4
8967;176;101;149;land;false;plains;4
8968;126;51;99;land;false;low_urban;4
8969;76;1;49;land;false;forest;4
8970;181;106;154;land;false;forest;4
8971;131;56;104;land;false;forest;4
8972;81;6;54;land;false;plains;4
8973;231;156;204;land;false;plains;4
8974;186;111;159;land;false;forest;4
8975;236;161;209;land;false;plains;4
8976;86;11;59;land;false;plains;4
8977;143;94;162;land;false;forest;4
8978;93;44;112;land;false;low_urban;4
8979;243;194;255;land;false;forest;4
8980;148;99;167;land;false;plains;4
8981;248;199;255;land;false;plains;4
8982;98;49;117;land;false;forest;4
8983;153;104;172;land;false;plains;4
8984;174;103;178;land;false;plains;4
8985;254;203;255;land;false;plains;4
8986;179;108;183;land;false;low_urban;4
8987;124;53;128;land;false;plains;4
8988;129;58;133;land;false;plains;4
8989;184;113;188;land;false;plains;4
8990;249;198;250;land;false;plains;4
8991;134;63;138;land;false;plains;4
8992;189;118;193;land;false;forest;4
8993;70;175;112;land;false;forest;4
8994;20;125;62;land;false;forest;4
8995;150;255;192;land;false;forest;4
8996;30;135;72;land;false;forest;4
8997;80;185;122;land;false;low_urban;4
8998;180;26;198;land;false;forest;4
8999;130;26;148;land;false;plains;4
9000;230;126;248;land;false;plains;4
9001;185;31;203;land;false;plains;4
9002;135;31;153;land;false;plains;4
9003;235;131;253;land;false;plains;4
9004;190;36;208;land;false;plains;4
9005;235;181;253;land;false;plains;4
9006;140;36;158;land;false;plains;4
9007;230;176;248;land;false;plains;4
9008;152;6;196;land;false;forest;4
9009;102;6;146;land;false;plains;4
9010;52;6;96;land;false;plains;4
9011;252;106;255;land;false;forest;4
9012;107;11;151;land;false;forest;5
9013;157;11;201;land;false;plains;4
9014;112;16;156;land;false;plains;4
9015;61;16;106;land;false;plains;4
9016;232;86;255;land;false;plains;4
9017;66;21;111;land;false;plains;4
9018;222;126;225;land;false;forest;4
9019;117;21;161;land;false;plains;4
9020;237;91;255;land;false;forest;4
9021;161;16;206;land;false;plains;4
9022;102;56;146;land;false;plains;4
9023;242;96;255;land;false;plains;4
9024;252;156;255;land;false;low_urban;4
9025;57;11;101;land;false;forest;4
9026;122;184;48;land;false;plains;4
9027;72;134;0;land;false;forest;4
9028;222;255;148;land;false;forest;4
9029;127;188;53;land;false;plains;4
9030;77;139;5;land;false;plains;4
9031;227;255;153;land;false;plains;4
9032;142;204;68;land;false;forest;4
9033;83;144;10;land;false;plains;4
9034;232;255;158;land;false;plains;4
9035;42;104;0;land;false;forest;4
9036;88;149;15;land;false;plains;4
9037;147;209;73;land;false;plains;4
9038;106;124;159;land;false;forest;4
9039;6;24;59;land;false;low_urban;4
9040;56;74;109;land;false;plains;4
9041;111;129;164;land;false;forest;4
9042;206;224;255;land;false;plains;4
9043;61;79;114;land;true;forest;4
9044;11;29;64;land;false;plains;4
9045;116;134;169;land;false;forest;4
9046;202;126;180;land;false;plains;4
9047;152;76;130;land;false;forest;4
9048;157;81;135;land;false;plains;4
9049;222;146;200;land;false;plains;4
9050;172;96;150;land;false;forest;4
9051;207;131;185;land;false;plains;4
9052;162;86;140;land;false;forest;4
9053;227;151;205;land;false;forest;4
9054;167;91;145;land;false;plains;4
9055;255;196;250;land;false;forest;4
9056;212;136;190;land;false;plains;4
9057;102;26;80;land;false;plains;4
9058;255;201;254;land;false;forest;4
9059;217;141;195;land;false;plains;4
9060;107;31;85;land;false;plains;4
9061;168;129;143;land;false;forest;4
9062;118;79;93;land;false;plains;4
9063;248;209;223;land;false;forest;4
9064;173;134;148;land;false;forest;4
9065;68;29;43;land;false;plains;4
9066;253;214;228;land;false;low_urban;4
9067;178;139;153;land;false;plains;4
9068;123;84;98;land;false;forest;4
9069;128;89;103;land;false;plains;4
9070;183;144;158;land;false;plains;4
9071;255;219;233;land;false;forest;4
9072;183;131;128;land;false;forest;4
9073;123;81;78;land;false;plains;4
9074;73;31;28;land;false;plains;4
9075;196;199;9;land;false;low_urban;4
9076;146;149;9;land;false;plains;4
9077;106;109;9;land;false;forest;4
9078;201;204;14;land;false;plains;4
9079;254;254;119;land;false;plains;4
9080;111;114;14;land;false;forest;4
9081;151;154;14;land;false;plains;4
9082;135;161;170;land;false;plains;4
9083;85;111;120;land;false;plains;4
9084;35;61;70;land;false;forest;4
9085;215;241;250;land;false;plains;4
9086;140;166;175;land;false;forest;4
9087;90;116;125;land;false;forest;4
9088;40;66;75;land;false;forest;4
9089;220;246;255;land;false;forest;4
9090;95;121;130;land;true;plains;4
9091;145;171;180;land;false;low_urban;4
9092;100;126;135;land;false;forest;4
9093;103;128;171;land;false;plains;4
9094;53;78;121;land;false;forest;4
9095;183;208;251;land;false;low_urban;4
9096;63;88;131;land;true;plains;4
9097;113;138;181;land;false;plains;4
9098;97;150;202;land;false;forest;4
9099;47;100;152;land;false;forest;4
9100;0;50;102;land;false;forest;4
9101;177;230;255;land;false;plains;4
9102;102;155;207;land;true;low_urban;4
9103;52;105;157;land;false;forest;4
9104;107;160;212;land;false;plains;4
9105;166;141;134;land;false;plains;4
9106;116;91;84;land;false;plains;4
9107;66;41;34;land;false;plains;4
9108;171;146;139;land;false;forest;4
9109;176;151;144;land;false;plains;4
9110;246;221;214;land;false;forest;4
9111;121;96;89;land;false;forest;4
9112;150;163;105;land;false;plains;4
9113;100;113;55;land;false;forest;4
9114;50;63;5;land;false;forest;4
9115;155;168;110;land;false;plains;4
9116;105;118;60;land;false;forest;4
9117;160;173;115;land;false;low_urban;4
9118;58;101;201;land;false;plains;4
9119;8;51;151;land;false;plains;4
9120;63;106;206;land;false;forest;4
9121;158;201;255;land;false;forest;4
9122;137;158;183;land;false;plains;4
9123;87;108;133;land;false;plains;4
9124;207;228;253;land;false;plains;4
9125;102;113;138;land;false;plains;4
9126;142;163;188;land;false;forest;4
9127;168;99;158;land;false;plains;4
9128;118;49;108;land;false;plains;4
9129;68;0;58;land;false;plains;4
9130;198;129;188;land;false;plains;4
9131;80;149;183;land;false;plains;4
9132;30;99;133;land;false;plains;4
9133;150;219;253;land;false;plains;4
9134;0;69;103;land;false;forest;4
9135;35;104;138;land;false;plains;4
9136;85;154;188;land;false;low_urban;4
9137;40;109;143;land;false;plains;4
9138;155;224;255;land;false;plains;4
9139;176;231;130;land;false;forest;4
9140;176;181;130;land;false;forest;4
9141;176;181;80;land;false;forest;4
9142;226;181;80;land;false;forest;4
9143;226;231;80;land;false;forest;4
9144;137;231;113;land;false;low_urban;4
9145;137;181;113;land;false;forest;4
9146;137;181;63;land;false;forest;4
9147;187;181;63;land;false;forest;4
9148;187;231;63;land;false;forest;4
9149;237;181;113;land;false;plains;4
9150;197;114;231;land;false;forest;4
9151;197;64;231;land;false;plains;4
9152;197;64;181;land;false;plains;4
9153;247;64;181;land;false;forest;4
9154;247;114;181;land;false;forest;4
9155;108;184;235;land;false;plains;4
9156;108;134;235;land;false;plains;4
9157;108;134;185;land;false;plains;4
9158;158;134;185;land;false;plains;4
9159;108;184;185;land;false;plains;4
9160;102;181;119;land;false;plains;4
9161;152;181;129;land;false;forest;4
9162;152;131;199;land;false;plains;4
9163;102;131;119;land;false;plains;4
9164;152;131;69;land;false;forest;4
9165;173;88;220;land;false;forest;4
9166;173;38;220;land;false;plains;4
9167;173;38;170;land;false;plains;4
9168;68;134;235;land;false;plains;4
9169;68;84;235;land;false;plains;4
9170;68;84;185;land;false;plains;4
9171;68;134;185;land;false;forest;4
9172;118;134;185;land;false;plains;4
9173;176;83;196;land;false;forest;4
9174;176;133;196;land;false;forest;4
9175;176;133;146;land;false;forest;4
9176;226;133;146;land;false;forest;4
9177;226;133;196;land;false;forest;4
9178;61;201;237;land;false;forest;4
9179;61;151;237;land;false;forest;4
9180;61;151;187;land;false;plains;4
9181;111;151;187;land;false;low_urban;4
9182;111;151;237;land;false;forest;4
9183;143;145;181;land;false;forest;4
9184;143;95;181;land;false;plains;4
9185;143;95;131;land;false;plains;4
9186;193;95;131;land;false;plains;4
9187;193;95;181;land;false;forest;4
9188;176;176;229;land;false;forest;4
9189;176;126;229;land;false;forest;4
9190;176;126;179;land;false;forest;4
9191;226;126;179;land;false;forest;4
9192;142;176;105;land;false;plains;4
9193;92;176;105;land;false;plains;4
9194;92;126;105;land;false;plains;4
9195;92;126;55;land;false;forest;4
9196;142;126;55;land;false;plains;4
9197;142;126;105;land;false;plains;4
9198;160;107;72;land;false;plains;4
9199;110;107;72;land;false;plains;4
9200;110;57;72;land;false;plains;4
9201;226;126;229;land;false;plains;4
9202;95;43;32;land;false;low_urban;3
9203;46;237;199;land;false;plains;3
9204;201;109;36;land;false;plains;3
9205;2;13;213;land;false;plains;3
9206;87;144;193;land;false;low_urban;3
9207;180;121;211;land;false;plains;3
9208;169;210;155;land;false;plains;3
9209;193;35;215;land;false;plains;3
9210;231;129;161;land;false;plains;3
9211;29;105;158;land;false;hills;3
9212;135;253;229;land;false;plains;3
9213;190;214;72;land;false;hills;3
9214;62;229;143;land;false;plains;3
9215;220;138;80;land;false;plains;3
9216;82;107;69;land;false;plains;3
9217;118;81;85;land;false;plains;3
9218;24;141;35;land;false;plains;3
9219;185;91;20;land;false;hills;3
9220;238;38;93;land;false;hills;3
9221;105;22;165;land;false;plains;3
9222;128;64;129;land;false;plains;3
9223;243;232;201;land;false;plains;3
9224;182;39;88;land;false;plains;3
9225;229;1;81;land;false;plains;3
9226;52;55;108;land;false;plains;3
9227;6;253;123;land;false;plains;3
9228;69;32;177;land;false;plains;3
9229;44;17;214;land;false;plains;3
9230;234;143;37;land;true;plains;3
9231;78;19;236;land;true;plains;3
9232;15;65;10;land;true;plains;3
9233;40;193;8;land;true;plains;3
9234;96;36;111;land;false;plains;3
9235;241;8;211;land;false;plains;3
9236;115;151;42;land;true;low_urban;3
9237;30;227;212;land;true;forest;3
9238;211;120;80;land;true;low_urban;3
9239;176;98;193;land;true;urban;3
9240;232;171;151;land;false;forest;3
9241;119;134;14;land;true;plains;3
9242;31;174;251;land;false;forest;3
9243;14;49;32;land;false;industrial;3
9244;136;195;149;land;true;plains;3
9245;131;173;4;land;true;plains;3
9246;117;211;175;land;false;forest;3
9247;93;154;26;land;false;forest;3
9248;211;135;219;land;false;forest;3
9249;62;191;168;land;false;forest;3
9250;126;104;144;land;false;plains;3
9251;112;38;202;land;false;plains;3
9252;252;148;23;land;true;forest;3
9253;42;182;224;land;true;plains;3
9254;175;98;21;land;false;plains;3
9255;83;28;190;land;false;plains;3
9256;166;122;10;land;true;plains;3
9257;221;148;81;land;true;industrial;3
9258;96;65;113;land;false;forest;3
9259;4;178;11;land;false;forest;3
9260;181;20;233;land;true;plains;3
9261;80;106;12;land;true;plains;3
9262;20;161;64;land;true;plains;3
9263;31;249;190;land;false;plains;3
9264;53;144;4;land;false;plains;3
9265;149;176;108;land;false;plains;3
9266;47;240;36;land;false;plains;3
9267;98;61;183;land;false;plains;3
9268;108;153;111;land;false;forest;3
9269;68;51;243;land;false;plains;3
9270;193;217;35;land;false;plains;3
9271;110;85;90;land;false;plains;3
9272;173;174;167;land;false;plains;3
9273;189;73;141;land;false;plains;3
9274;115;137;17;land;false;plains;3
9275;66;126;87;land;false;plains;3
9276;229;15;225;land;false;hills;3
9277;42;217;211;land;false;plains;3
9278;202;73;117;land;false;plains;3
9279;174;40;243;land;false;plains;3
9280;133;232;160;land;false;plains;3
9281;92;237;163;land;false;low_urban;3
9282;193;254;147;land;false;low_urban;3
9283;210;240;16;land;false;low_urban;3
9284;127;251;187;land;false;industrial;3
9285;118;102;25;land;false;low_urban;3
9286;162;142;187;lake;false;lakes;0
9287;116;209;37;land;false;plains;3
9288;90;241;190;land;false;plains;3
9289;220;93;12;land;false;plains;3
9290;236;51;33;land;false;plains;3
9291;221;50;1;land;false;plains;3
9292;184;130;64;land;false;plains;3
9293;92;142;217;land;false;plains;3
9294;193;23;254;land;false;plains;3
9295;170;5;155;land;false;hills;3
9296;90;124;49;land;false;hills;3
9297;145;214;70;land;false;plains;3
9298;33;110;178;land;false;hills;3
9299;73;151;37;land;false;plains;3
9300;26;155;23;land;false;plains;3
9301;252;29;196;land;false;forest;3
9302;199;28;241;land;false;plains;3
9303;243;88;233;land;false;plains;3
9304;51;187;127;land;false;plains;3
9305;33;31;23;land;false;plains;3
9306;40;203;111;land;false;plains;3
9307;195;178;41;land;false;forest;3
9308;105;77;75;land;false;plains;3
9309;171;242;185;land;false;plains;3
9310;120;36;140;land;false;plains;3
9311;65;248;93;land;false;plains;3
9312;110;163;62;land;false;plains;3
9313;27;234;182;land;false;forest;3
9314;97;215;105;land;false;plains;3
9315;104;153;140;land;false;plains;3
9316;176;105;80;lake;false;lakes;0
9317;115;184;158;land;false;hills;3
9318;235;233;91;land;false;plains;3
9319;12;148;245;land;false;plains;3
9320;186;93;240;land;false;plains;3
9321;95;217;20;land;false;plains;3
9322;137;117;223;land;false;plains;3
9323;76;126;101;land;false;plains;3
9324;10;108;210;land;false;plains;3
9325;31;186;63;land;false;plains;3
9326;55;130;2;land;false;plains;3
9327;84;163;49;land;false;forest;3
9328;111;249;214;land;false;forest;3
9329;147;171;34;land;false;plains;3
9330;188;221;56;land;false;plains;3
9331;156;218;246;land;false;plains;3
9332;83;146;153;land;false;plains;3
9333;102;66;71;land;false;plains;3
9334;25;22;228;land;false;plains;3
9335;227;69;128;land;false;plains;3
9336;149;189;78;land;false;plains;3
9337;230;20;236;land;false;plains;3
9338;88;63;3;land;false;marsh;3
9339;195;119;222;land;false;plains;3
9340;226;231;118;land;false;plains;3
9341;243;85;18;land;true;plains;3
9342;158;184;174;land;true;plains;3
9343;148;182;67;land;false;plains;3
9344;232;68;176;land;false;plains;3
9345;115;33;16;land;true;plains;3
9346;19;97;133;land;true;plains;3
9347;129;187;222;land;false;low_urban;3
9348;148;122;196;land;true;low_urban;3
9349;14;154;168;land;false;plains;3
9350;138;199;113;land;true;plains;3
9351;142;48;80;land;false;forest;3
9352;101;165;113;land;true;plains;3
9353;61;34;186;land;false;plains;3
9354;76;53;33;land;false;forest;3
9355;190;238;43;land;false;plains;3
9356;228;18;88;land;false;forest;3
9357;39;69;113;land;false;plains;3
9358;71;27;6;land;false;plains;3
9359;228;162;121;land;false;plains;3
9360;154;185;244;land;false;forest;3
9361;98;150;217;land;false;plains;3
9362;177;213;183;land;false;plains;3
9363;172;178;62;land;false;plains;3
9364;221;31;54;land;false;forest;3
9365;78;211;239;land;false;plains;3
9366;8;76;239;land;false;forest;3
9367;93;168;131;land;true;forest;3
9368;235;13;138;land;true;plains;3
9369;221;231;212;land;false;plains;3
9370;212;189;205;land;false;forest;3
9371;139;247;59;land;false;plains;3
9372;17;78;68;land;false;forest;3
9373;31;206;11;land;false;plains;3
9374;252;229;41;land;true;plains;3
9375;143;56;172;land;false;plains;3
9376;81;171;9;land;true;low_urban;3
9377;140;78;191;land;true;plains;3
9378;107;22;81;land;false;low_urban;3
9379;173;49;199;land;true;low_urban;3
9380;63;217;172;land;false;low_urban;3
9381;122;154;99;land;true;plains;3
9382;187;224;122;land;true;plains;3
9383;75;240;6;land;false;low_urban;3
9384;141;35;172;land;true;industrial;3
9385;148;134;66;land;true;urban;3
9386;227;226;93;land;false;low_urban;3
9387;252;96;6;land;true;plains;3
9388;170;62;208;land;false;forest;3
9389;73;21;218;land;true;low_urban;3
9390;153;195;91;land;false;plains;3
9391;18;38;14;land;false;forest;3
9392;201;21;121;land;true;plains;3
9393;231;42;170;land;false;forest;3
9394;247;175;135;land;true;plains;3
9395;36;154;131;land;false;forest;3
9396;109;3;190;land;false;plains;3
9397;180;220;91;land;true;forest;3
9398;175;128;165;land;false;forest;3
9399;204;128;10;land;false;plains;3
9400;35;142;81;land;false;forest;3
9401;197;31;197;land;false;plains;3
9402;104;183;49;land;false;forest;3
9403;248;54;244;land;false;forest;3
9404;21;7;82;land;false;forest;3
9405;10;59;154;land;false;forest;3
9406;102;34;210;land;false;forest;3
9407;3;71;44;land;true;plains;3
9408;91;56;54;land;false;plains;3
9409;105;133;62;land;false;low_urban;3
9410;9;86;160;land;false;plains;3
9411;102;110;124;land;false;plains;3
9412;27;23;147;land;false;forest;3
9413;142;21;170;land;false;forest;3
9414;135;32;189;land;false;forest;3
9415;228;96;12;land;false;plains;3
9416;185;205;180;land;false;plains;3
9417;194;145;47;land;false;forest;3
9418;45;215;27;land;false;forest;3
9419;50;6;15;land;false;plains;3
9420;236;217;10;land;false;forest;3
9421;213;75;242;land;false;plains;3
9422;193;82;230;land;false;plains;3
9423;20;109;123;land;false;plains;3
9424;241;111;9;land;false;forest;3
9425;138;142;27;lake;false;lakes;0
9426;28;125;73;land;false;plains;3
9427;245;235;248;land;false;plains;3
9428;113;122;254;land;false;forest;3
9429;114;43;167;land;false;plains;3
9430;33;186;9;land;false;plains;3
9431;75;66;195;land;false;forest;3
9432;150;47;72;land;false;forest;3
9433;95;75;67;land;false;forest;3
9434;231;224;202;land;false;forest;3
9435;130;239;160;land;false;forest;3
9436;233;112;147;land;false;forest;3
9437;226;123;104;land;false;marsh;3
9438;32;34;29;land;false;forest;3
9439;16;85;5;land;false;plains;3
9440;52;176;171;land;false;forest;3
9441;139;124;141;land;false;forest;3
9442;23;104;129;land;false;plains;3
9443;4;152;7;land;false;plains;3
9444;79;93;21;land;false;plains;3
9445;217;10;142;land;false;plains;3
9446;229;162;85;land;false;plains;3
9447;25;61;153;land;false;forest;3
9448;41;167;129;land;false;plains;3
9449;197;110;164;land;false;plains;3
9450;161;59;83;land;false;plains;3
9451;89;34;173;land;false;plains;3
9452;233;71;61;land;false;forest;3
9453;244;78;149;land;false;plains;3
9454;61;91;167;land;false;plains;3
9455;49;127;65;land;false;plains;3
9456;17;6;118;land;false;low_urban;3
9457;176;108;47;land;false;plains;3
9458;90;119;147;land;false;forest;3
9459;162;46;68;land;false;plains;3
9460;193;228;187;land;false;forest;3
9461;81;214;3;land;false;plains;3
9462;119;77;181;land;false;plains;3
9463;58;191;202;land;false;plains;3
9464;63;88;99;land;false;plains;3
9465;232;34;15;land;false;plains;3
9466;222;173;75;land;false;plains;3
9467;64;134;129;land;false;plains;3
9468;177;26;249;land;false;plains;3
9469;111;187;145;land;false;low_urban;3
9470;246;119;8;land;false;low_urban;3
9471;6;185;180;land;false;forest;3
9472;100;219;224;land;false;plains;3
9473;88;103;116;land;false;plains;3
9474;62;68;156;land;false;forest;3
9475;130;12;113;land;false;plains;3
9476;68;195;126;land;false;plains;3
9477;188;166;199;land;false;forest;3
9478;231;58;87;land;false;plains;3
9479;190;236;212;land;false;forest;3
9480;39;224;222;land;false;forest;3
9481;34;185;81;land;false;forest;3
9482;122;240;25;land;false;plains;3
9483;176;3;177;land;false;plains;3
9484;166;138;119;land;false;plains;3
9485;238;200;47;land;false;forest;3
9486;188;113;86;land;false;plains;3
9487;206;114;31;land;false;plains;3
9488;2;184;212;land;false;forest;3
9489;123;108;163;land;false;plains;3
9490;221;27;162;land;false;forest;3
9491;186;220;115;land;false;plains;3
9492;110;155;122;land;false;plains;3
9493;234;102;137;land;false;plains;3
9494;4;78;123;land;false;plains;3
9495;125;13;121;land;false;plains;3
9496;22;175;117;land;false;plains;3
9497;45;128;60;land;false;forest;3
9498;87;226;186;land;false;plains;3
9499;77;170;56;land;false;forest;3
9500;39;95;53;land;false;plains;3
9501;82;65;246;land;false;forest;3
9502;150;174;114;land;false;plains;3
9503;222;215;35;land;false;plains;3
9504;152;246;83;land;false;plains;3
9505;31;139;161;land;false;forest;3
9506;138;222;233;land;false;plains;3
9507;30;99;66;land;false;plains;3
9508;229;57;60;land;false;forest;3
9509;163;150;154;land;false;plains;3
9510;89;216;38;land;false;forest;3
9511;29;73;201;land;false;forest;3
9512;225;238;74;land;false;forest;3
9513;250;229;86;land;false;forest;3
9514;70;61;112;land;false;forest;3
9515;121;72;33;land;false;plains;3
9516;54;135;111;land;false;low_urban;3
9517;195;172;179;land;false;low_urban;3
9518;189;107;194;land;false;forest;3
9519;102;220;35;land;false;forest;3
9520;218;129;65;land;false;forest;3
9521;160;130;26;land;false;forest;3
9522;57;39;196;land;false;low_urban;3
9523;52;245;151;land;false;forest;3
9524;186;70;184;land;false;forest;3
9525;119;67;36;land;false;forest;3
9526;232;15;223;land;false;plains;3
9527;222;190;105;land;false;forest;3
9528;142;188;73;land;false;plains;3
9529;128;236;240;land;false;plains;3
9530;210;108;76;land;false;plains;3
9531;48;135;177;land;false;forest;3
9532;188;19;147;land;false;forest;3
9533;42;251;180;land;false;forest;3
9534;107;181;227;land;false;forest;3
9535;129;125;67;land;false;plains;3
9536;182;132;194;land;false;hills;3
9537;32;161;205;land;false;plains;3
9538;42;208;54;land;false;plains;3
9539;2;103;106;land;false;plains;3
9540;135;190;223;land;false;forest;3
9541;171;120;199;land;false;plains;3
9542;251;185;241;land;false;forest;3
9543;63;150;107;land;false;low_urban;3
9544;243;112;0;land;false;low_urban;3
9545;181;58;31;land;false;low_urban;3
9546;130;148;110;land;false;low_urban;3
9547;242;153;59;land;false;forest;3
9548;12;32;135;land;false;forest;3
9549;184;182;248;land;false;plains;3
9550;117;218;160;land;false;plains;3
9551;227;73;232;land;false;plains;3
9552;91;235;254;land;false;plains;3
9553;76;22;144;land;false;plains;3
9554;175;199;106;land;false;plains;3
9555;194;88;235;land;false;plains;3
9556;14;217;141;land;true;forest;3
9557;29;51;99;land;true;plains;3
9558;39;215;70;land;false;plains;3
9559;70;45;35;land;false;plains;3
9560;126;201;199;land;false;forest;3
9561;94;176;66;land;false;plains;3
9562;160;134;243;land;false;low_urban;5
9563;96;137;152;land;false;low_urban;5
9564;113;125;16;land;false;low_urban;5
9565;184;117;196;land;false;urban;5
9566;111;73;191;land;false;low_urban;5
9567;147;3;168;land;false;low_urban;5
9568;146;236;188;land;false;urban;5
9569;104;79;239;land;false;low_urban;5
9570;173;3;48;land;false;urban;5
9571;246;246;97;land;false;low_urban;5
9572;8;56;54;land;false;urban;5
9573;133;101;15;land;false;low_urban;5
9574;240;141;144;land;false;jungle;5
9575;54;224;210;land;false;low_urban;5
9576;15;142;57;land;false;forest;5
9577;154;81;0;land;false;plains;5
9578;181;47;34;land;false;plains;5
9579;108;100;149;land;false;plains;5
9580;212;163;145;land;false;forest;5
9581;221;77;13;land;false;plains;5
9582;123;225;175;land;false;forest;5
9583;220;46;93;land;false;low_urban;5
9584;108;106;78;land;false;forest;5
9585;21;107;211;land;false;forest;5
9586;67;132;231;land;false;forest;5
9587;142;193;3;land;false;forest;5
9588;212;178;14;land;false;plains;5
9589;63;251;164;land;false;forest;5
9590;125;37;130;land;true;marsh;5
9591;243;109;225;land;false;plains;5
9592;217;201;235;land;false;forest;5
9593;114;23;216;land;false;forest;5
9594;125;167;127;land;false;low_urban;5
9595;7;172;15;land;false;plains;5
9596;144;14;30;land;false;forest;5
9597;119;110;40;land;false;forest;5
9598;213;113;180;land;false;plains;5
9599;36;107;55;land;true;forest;5
9600;42;113;101;land;true;forest;5
9601;176;207;209;land;false;forest;5
9602;54;222;209;land;false;forest;5
9603;167;249;56;land;false;plains;5
9604;15;171;57;land;false;forest;5
9605;51;16;174;land;false;forest;5
9606;253;26;96;land;false;forest;5
9607;32;192;14;land;false;plains;5
9608;97;93;137;land;false;plains;5
9609;153;144;191;land;false;forest;5
9610;161;175;124;land;false;plains;5
9611;23;36;145;land;false;plains;5
9612;149;46;52;land;false;forest;5
9613;179;91;41;land;false;plains;5
9614;44;120;200;land;false;plains;5
9615;43;232;210;land;false;low_urban;5
9616;54;227;57;land;false;low_urban;5
9617;110;179;251;land;false;plains;5
9618;12;195;163;land;false;plains;5
9619;133;200;54;land;false;plains;5
9620;202;220;0;land;false;plains;5
9621;40;213;125;land;false;plains;5
9622;173;133;5;land;false;plains;5
9623;232;27;132;land;false;forest;5
9624;102;136;251;land;false;plains;5
9625;8;137;85;land;false;plains;5
9626;70;237;155;land;false;plains;5
9627;243;86;131;land;false;low_urban;5
9628;186;175;206;land;false;plains;5
9629;133;125;16;land;false;plains;5
9630;110;182;139;land;false;plains;5
9631;218;79;168;land;false;plains;5
9632;87;237;9;land;false;plains;5
9633;132;185;227;land;false;forest;5
9634;179;25;87;land;false;plains;5
9635;93;36;163;land;false;plains;5
9636;6;214;56;land;false;plains;5
9637;250;77;174;land;false;plains;5
9638;224;247;176;land;false;forest;5
9639;245;204;199;land;true;low_urban;5
9640;51;149;83;land;false;plains;5
9641;88;63;83;land;false;plains;5
9642;208;159;66;land;true;forest;5
9643;147;139;252;land;false;forest;5
9644;83;185;111;land;true;forest;5
9645;108;136;189;land;true;plains;5
9646;8;2;213;land;true;plains;5
9647;17;79;144;land;false;plains;5
9648;186;56;75;land;true;plains;5
9649;60;66;20;land;false;forest;5
9650;190;63;81;land;false;forest;5
9651;171;82;61;land;false;forest;5
9652;71;207;143;land;false;forest;5
9653;111;34;118;land;false;plains;5
9654;157;38;208;land;false;forest;5
9655;134;30;183;land;false;plains;5
9656;41;245;115;land;false;plains;5
9657;47;195;239;land;false;forest;5
9658;0;131;27;land;false;plains;5
9659;157;75;109;land;false;plains;5
9660;212;130;124;land;false;plains;5
9661;108;162;130;land;false;plains;5
9662;125;143;37;land;false;plains;5
9663;52;94;158;land;false;forest;5
9664;18;139;218;land;false;forest;5
9665;194;68;252;land;false;forest;5
9666;182;148;82;land;false;forest;5
9667;169;184;193;land;false;plains;5
9668;101;98;107;land;false;plains;5
9669;147;2;54;land;false;plains;5
9670;247;76;16;land;false;forest;5
9671;16;46;4;land;false;plains;5
9672;237;19;75;land;false;plains;5
9673;80;31;215;land;false;plains;5
9674;2;178;66;land;true;forest;5
9675;246;222;214;land;false;plains;5
9676;184;107;251;land;false;forest;5
9677;154;39;6;land;false;plains;5
9678;227;60;175;land;false;plains;5
9679;18;18;249;land;false;plains;5
9680;1;123;232;land;false;plains;5
9681;51;21;73;land;false;plains;5
9682;107;88;182;land;false;plains;5
9683;161;218;96;land;false;plains;5
9684;135;207;72;land;false;plains;5
9685;69;181;231;land;false;plains;5
9686;227;46;64;land;true;plains;5
9687;125;177;105;land;false;plains;5
9688;139;60;35;land;true;forest;5
9689;43;64;206;land;true;plains;5
9690;8;22;21;land;false;plains;5
9691;241;158;33;land;false;plains;5
9692;34;48;117;land;false;forest;5
9693;10;243;95;land;false;forest;5
9694;17;178;203;land;false;plains;5
9695;174;92;60;land;false;plains;5
9696;139;97;41;land;false;plains;5
9697;196;244;141;land;false;plains;5
9698;45;148;58;land;false;plains;5
9699;49;174;2;land;false;plains;5
9700;55;217;146;land;false;plains;5
9701;82;106;205;land;false;plains;5
9702;153;237;13;land;false;plains;5
9703;202;72;8;land;false;plains;5
9704;238;66;225;land;false;plains;5
9705;16;76;82;land;false;plains;5
9706;74;201;46;land;false;low_urban;5
9707;141;234;62;land;false;plains;5
9708;145;97;53;land;true;plains;5
9709;213;37;176;land;false;forest;5
9710;140;26;13;land;false;forest;5
9711;228;177;64;land;false;plains;5
9712;69;70;108;land;false;forest;5
9713;112;210;209;land;false;plains;5
9714;16;94;229;land;false;plains;5
9715;169;207;157;land;false;forest;5
9716;73;69;16;land;false;plains;5
9717;3;114;220;land;false;forest;5
9718;144;40;43;land;false;plains;5
9719;207;88;188;land;false;plains;5
9720;239;204;138;land;false;low_urban;5
9721;242;226;107;land;false;marsh;5
9722;183;113;0;land;false;plains;5
9723;158;201;14;land;false;plains;5
9724;215;3;179;land;false;marsh;5
9725;125;138;71;land;false;plains;5
9726;47;18;119;land;false;marsh;5
9727;216;119;86;land;false;forest;5
9728;112;171;165;land;false;marsh;5
9729;127;160;63;land;false;marsh;5
9730;4;179;84;land;false;plains;5
9731;52;97;193;land;false;plains;5
9732;191;51;37;land;false;plains;5
9733;73;35;174;land;false;plains;5
9734;228;98;82;land;false;forest;5
9735;158;7;221;land;false;plains;5
9736;54;149;162;land;false;plains;5
9737;245;47;66;land;false;plains;5
9738;123;71;249;land;false;plains;5
9739;201;137;4;land;false;plains;5
9740;83;9;116;land;false;marsh;5
9741;214;106;0;land;false;plains;5
9742;141;127;161;land;false;marsh;5
9743;54;229;252;land;false;plains;5
9744;170;174;21;land;false;plains;5
9745;47;239;47;land;false;plains;5
9746;213;194;109;land;false;plains;5
9747;181;60;0;land;false;forest;5
9748;160;9;232;land;false;plains;5
9749;226;94;33;land;false;plains;5
9750;85;55;120;land;false;plains;5
9751;0;157;194;land;false;plains;5
9752;194;63;47;land;false;forest;5
9753;190;127;203;land;false;plains;5
9754;159;69;137;land;false;forest;5
9755;107;136;165;land;false;forest;5
9756;105;48;111;land;false;forest;5
9757;77;17;72;land;false;plains;5
9758;107;36;215;land;false;plains;5
9759;160;106;252;land;false;plains;5
9760;42;173;43;land;false;plains;5
9761;252;137;25;land;false;plains;5
9762;7;126;240;land;false;plains;5
9763;7;90;249;land;false;low_urban;5
9764;57;117;236;land;false;forest;5
9765;19;31;12;land;false;forest;5
9766;210;217;15;land;false;forest;5
9767;97;72;254;land;false;forest;5
9768;159;246;103;land;false;plains;5
9769;7;203;203;land;false;forest;5
9770;32;168;8;land;false;plains;5
9771;138;174;27;land;false;forest;5
9772;219;217;195;land;true;plains;5
9773;69;169;208;land;false;plains;5
9774;161;211;51;land;false;forest;5
9775;237;32;242;land;false;plains;5
9776;63;186;196;land;false;plains;5
9777;95;53;86;land;false;plains;5
9778;43;200;126;land;false;plains;5
9779;236;68;171;land;false;plains;5
9780;45;90;130;land;false;plains;5
9781;121;178;63;land;false;plains;5
9782;38;186;174;land;false;plains;5
9783;4;195;156;land;false;plains;5
9784;121;160;242;land;false;plains;5
9785;67;155;116;land;false;forest;5
9786;201;9;32;land;false;plains;5
9787;221;47;203;land;false;plains;5
9788;254;70;195;land;false;plains;5
9789;0;53;117;land;false;plains;5
9790;157;154;224;land;false;plains;5
9791;149;210;167;land;false;plains;5
9792;52;171;59;land;false;plains;5
9793;158;145;152;land;false;plains;5
9794;139;166;26;land;false;plains;5
9795;219;198;119;land;false;plains;5
9796;83;10;131;land;false;plains;5
9797;160;153;96;land;false;plains;5
9798;1;66;112;land;false;plains;5
9799;217;31;185;land;false;plains;5
9800;12;93;142;land;false;plains;5
9801;214;93;29;land;false;plains;5
9802;199;171;92;land;false;plains;5
9803;208;251;126;land;false;plains;5
9804;13;213;56;land;false;plains;5
9805;47;75;38;land;false;plains;5
9806;38;125;69;land;false;plains;5
9807;182;9;114;land;false;plains;5
9808;44;122;245;land;false;forest;5
9809;185;83;17;land;false;forest;5
9810;219;63;126;land;false;plains;5
9811;41;127;231;land;false;forest;5
9812;114;149;183;land;false;plains;5
9813;106;131;217;land;false;plains;5
9814;28;60;184;land;false;plains;5
9815;102;52;195;land;false;forest;5
9816;190;41;147;land;false;plains;5
9817;168;16;130;land;false;marsh;5
9818;34;61;90;land;false;plains;5
9819;211;112;186;land;false;plains;5
9820;118;3;67;land;false;plains;5
9821;95;224;175;land;false;forest;5
9822;95;195;246;land;false;marsh;5
9823;202;30;165;land;false;marsh;5
9824;152;71;37;land;false;low_urban;5
9825;106;88;66;land;false;low_urban;5
9826;13;186;222;land;false;plains;5
9827;128;249;168;land;false;plains;5
9828;126;87;193;land;false;forest;5
9829;74;195;26;land;false;forest;5
9830;189;38;183;land;false;plains;5
9831;124;254;65;land;false;forest;5
9832;178;55;4;land;false;forest;5
9833;43;161;163;land;false;plains;5
9834;152;149;54;land;false;marsh;5
9835;155;38;237;land;false;plains;5
9836;12;103;18;land;false;low_urban;5
9837;1;143;29;land;false;plains;5
9838;77;249;17;land;false;plains;5
9839;117;159;216;land;false;marsh;5
9840;165;226;241;land;false;plains;5
9841;23;85;217;land;false;plains;5
9842;239;217;110;land;false;forest;5
9843;71;234;57;land;false;plains;5
9844;240;214;59;land;false;plains;5
9845;250;96;254;land;false;plains;5
9846;120;168;218;land;false;plains;5
9847;96;197;151;land;false;plains;5
9848;138;122;119;land;false;forest;5
9849;64;61;235;land;false;plains;5
9850;134;46;246;land;false;plains;5
9851;207;143;110;land;false;plains;5
9852;104;213;219;land;false;forest;5
9853;198;1;253;land;false;forest;5
9854;209;76;3;land;false;plains;5
9855;206;147;190;land;false;forest;5
9856;178;195;208;land;false;forest;5
9857;164;204;243;land;false;forest;5
9858;54;249;197;land;false;forest;5
9859;72;149;212;land;false;forest;5
9860;78;118;241;land;false;plains;5
9861;97;19;216;land;true;forest;5
9862;123;48;158;land;false;plains;5
9863;240;30;148;land;false;marsh;5
9864;24;145;80;land;false;plains;5
9865;229;63;251;land;false;plains;5
9866;106;195;34;land;false;marsh;5
9867;183;246;195;land;false;marsh;5
9868;41;94;142;land;false;marsh;5
9869;51;87;229;land;false;plains;5
9870;103;68;112;land;false;plains;5
9871;51;98;251;land;false;plains;5
9872;194;176;75;land;false;plains;5
9873;37;223;235;land;false;plains;5
9874;64;145;68;land;false;plains;5
9875;202;132;109;land;false;forest;5
9876;35;90;134;land;false;plains;5
9877;230;231;226;land;false;plains;5
9878;198;68;102;land;false;forest;5
9879;73;13;21;land;false;plains;5
9880;185;251;13;land;false;plains;5
9881;157;58;143;land;false;plains;5
9882;188;17;146;land;false;plains;5
9883;238;105;13;land;false;plains;5
9884;243;104;89;land;false;plains;5
9885;239;154;159;land;false;plains;5
9886;72;64;230;land;false;plains;5
9887;180;237;49;land;false;plains;5
9888;113;237;1;land;false;plains;5
9889;91;117;254;land;false;plains;5
9890;109;239;198;land;false;plains;5
9891;79;34;32;land;false;forest;5
9892;86;177;42;land;false;forest;5
9893;135;139;164;land;false;plains;5
9894;25;227;125;land;false;forest;5
9895;85;253;62;land;false;plains;5
9896;127;167;106;land;false;plains;5
9897;183;59;41;land;false;plains;5
9898;65;203;193;land;false;plains;5
9899;87;132;188;land;false;forest;5
9900;180;124;29;land;false;plains;5
9901;38;74;230;land;false;forest;5
9902;13;192;240;land;false;plains;5
9903;31;68;89;land;false;plains;5
9904;210;238;56;land;false;low_urban;5
9905;233;162;122;land;false;plains;5
9906;117;44;32;land;false;plains;5
9907;140;250;206;land;false;forest;5
9908;189;210;16;land;true;low_urban;5
9909;25;40;69;land;false;plains;5
9910;215;172;157;land;true;marsh;5
9911;83;75;106;land;false;forest;5
9912;105;31;54;land;false;plains;5
9913;96;164;108;land;false;plains;5
9914;68;61;192;land;false;plains;5
9915;157;98;97;land;false;low_urban;5
9916;184;1;138;land;false;low_urban;5
9917;132;98;11;land;false;urban;5
9918;209;144;166;land;false;urban;5
9919;24;97;121;land;true;low_urban;5
9920;203;56;214;land;false;low_urban;5
9921;111;244;30;land;false;plains;5
9922;99;113;209;land;true;plains;5
9923;90;49;122;land;false;plains;5
9924;97;186;77;land;false;forest;5
9925;153;177;72;land;false;plains;5
9926;216;20;192;land;false;forest;5
9927;216;246;254;land;true;plains;5
9928;102;235;249;land;false;forest;5
9929;111;121;211;land;false;plains;5
9930;201;41;170;land;false;forest;5
9931;58;203;81;land;false;plains;5
9932;22;172;195;land;false;marsh;5
9933;43;195;151;land;true;marsh;5
9934;35;178;58;land;false;plains;5
9935;108;204;33;land;false;plains;5
9936;210;177;8;land;false;forest;5
9937;241;154;42;land;false;plains;5
9938;77;37;163;land;false;plains;5
9939;35;43;131;land;false;plains;5
9940;67;154;92;land;false;plains;5
9941;133;168;13;land;false;plains;5
9942;254;142;178;land;false;plains;5
9943;105;193;222;land;false;plains;5
9944;9;195;187;land;false;plains;5
9945;166;150;110;land;false;forest;5
9946;213;171;22;land;false;plains;5
9947;31;2;184;land;false;forest;5
9948;199;108;73;land;false;forest;5
9949;3;10;218;land;false;plains;5
9950;149;231;2;land;true;plains;5
9951;127;185;244;land;true;marsh;5
9952;143;248;153;land;true;marsh;5
9953;192;168;221;land;false;plains;5
9954;206;103;197;land;true;marsh;5
9955;25;123;248;land;false;forest;5
9956;48;115;27;land;true;plains;5
9957;86;72;114;land;true;plains;5
9958;62;210;250;land;false;plains;5
9959;1;228;205;land;false;plains;5
9960;214;201;193;land;false;forest;5
9961;149;37;126;land;false;plains;5
9962;103;24;77;land;false;plains;5
9963;63;81;156;land;false;forest;5
9964;124;150;97;land;false;forest;5
9965;19;254;42;land;false;forest;5
9966;6;60;163;land;false;plains;5
9967;87;95;69;land;true;forest;5
9968;117;187;102;land;false;plains;5
9969;232;237;194;land;false;forest;5
9970;13;228;235;land;false;forest;5
9971;123;85;101;land;false;forest;5
9972;160;223;206;land;true;plains;5
9973;114;245;221;land;true;plains;5
9974;45;3;196;land;false;forest;5
9975;26;102;159;land;false;plains;5
9976;151;169;18;land;false;plains;5
9977;91;109;247;land;false;plains;5
9978;143;82;79;land;false;forest;5
9979;58;143;104;land;false;plains;5
9980;81;233;16;lake;false;lakes;5
9981;130;168;72;land;false;plains;5
9982;20;146;66;land;false;plains;5
9983;91;121;78;land;true;plains;5
9984;68;218;234;land;false;forest;5
9985;173;201;110;land;false;plains;5
9986;157;231;10;land;false;forest;5
9987;143;172;206;land;false;plains;5
9988;97;211;36;land;false;forest;5
9989;156;218;21;land;false;plains;5
9990;202;170;63;land;true;low_urban;5
9991;69;209;43;land;false;plains;5
9992;91;204;205;land;false;plains;5
9993;45;204;47;land;false;plains;5
9994;0;205;67;land;false;plains;5
9995;177;195;221;land;false;plains;5
9996;173;158;6;land;false;forest;5
9997;42;39;110;land;true;plains;5
9998;82;112;102;land;false;plains;5
9999;127;0;30;land;false;plains;5
10000;246;79;41;land;false;plains;5
10001;104;1;154;land;false;plains;5
10002;242;59;73;land;false;plains;5
10003;131;114;140;land;false;plains;5
10004;57;121;31;land;false;forest;5
10005;218;216;201;land;false;forest;5
10006;170;191;45;land;true;forest;5
10007;76;142;87;land;true;forest;5
10008;69;74;229;land;true;forest;5
10009;59;142;236;land;false;forest;5
10010;148;16;64;land;false;plains;5
10011;155;244;208;land;false;forest;5
10012;9;174;50;land;false;forest;5
10013;196;38;44;land;true;forest;5
10014;205;120;106;land;true;forest;5
10015;108;21;15;land;false;plains;5
10016;155;139;197;land;false;forest;5
10017;58;254;152;land;true;plains;5
10018;83;85;157;land;true;plains;5
10019;230;50;96;land;false;forest;5
10020;102;132;148;land;false;plains;5
10021;196;223;172;land;false;plains;5
10022;155;198;233;land;false;forest;5
10023;84;132;133;land;false;plains;5
10024;170;166;6;land;false;plains;5
10025;84;97;162;land;false;forest;5
10026;68;32;26;land;false;plains;5
10027;198;44;190;land;false;plains;5
10028;137;105;186;land;false;plains;5
10029;194;133;237;land;false;plains;5
10030;186;235;26;land;false;plains;5
10031;2;45;66;land;false;plains;5
10032;207;195;169;land;false;plains;5
10033;112;143;68;land;false;plains;5
10034;214;94;134;land;true;plains;5
10035;63;168;207;land;false;plains;5
10036;134;24;106;land;false;forest;5
10037;187;97;237;land;false;plains;5
10038;185;232;1;land;true;plains;5
10039;109;102;87;land;false;forest;5
10040;95;161;71;land;false;forest;5
10041;32;16;169;land;true;plains;5
10042;246;4;182;land;false;plains;5
10043;89;51;242;land;false;forest;5
10044;62;184;119;land;false;plains;5
10045;237;34;197;land;true;forest;5
10046;41;18;251;land;false;forest;5
10047;239;231;1;land;false;plains;5
10048;64;22;11;land;true;plains;5
10049;39;4;214;land;true;plains;5
10050;214;135;198;land;false;plains;5
10051;123;27;210;land;true;forest;5
10052;16;46;21;land;false;plains;5
10053;244;79;66;land;false;plains;5
10054;101;50;178;land;false;plains;5
10055;125;249;144;land;false;plains;5
10056;1;100;223;land;false;forest;5
10057;152;201;125;land;true;plains;5
10058;129;75;32;land;false;plains;5
10059;82;186;145;land;false;plains;5
10060;112;164;183;land;false;plains;5
10061;249;83;93;land;false;plains;5
10062;117;245;58;land;true;plains;5
10063;78;78;227;land;false;forest;5
10064;66;247;189;land;true;plains;5
10065;232;186;106;land;false;forest;5
10066;33;196;73;land;false;low_urban;5
10067;120;0;145;land;false;plains;5
10068;62;42;3;land;false;plains;5
10069;175;102;246;land;false;plains;5
10070;122;19;201;land;false;plains;5
10071;244;169;32;land;false;plains;5
10072;19;19;23;land;false;forest;5
10073;226;83;164;land;false;plains;5
10074;212;186;89;land;false;forest;5
10075;192;229;233;land;false;forest;5
10076;38;144;53;land;false;plains;5
10077;51;247;175;land;false;plains;5
10078;236;170;129;land;false;plains;5
10079;222;203;219;land;false;plains;5
10080;51;155;142;land;false;plains;5
10081;84;131;18;land;false;plains;5
10082;152;189;113;land;false;plains;5
10083;60;241;115;land;false;forest;5
10084;218;82;124;land;false;plains;5
10085;32;99;22;land;false;plains;5
10086;124;29;132;land;false;low_urban;5
10087;35;32;107;land;false;plains;5
10088;137;44;85;land;false;forest;5
10089;165;10;117;land;false;plains;5
10090;157;161;117;land;false;low_urban;5
10091;250;7;169;land;false;plains;5
10092;202;250;168;land;false;forest;5
10093;233;12;232;land;false;forest;5
10094;81;31;60;land;false;plains;5
10095;48;176;243;land;false;plains;5
10096;217;220;248;land;false;forest;5
10097;230;113;56;land;false;forest;5
10098;228;146;215;land;true;plains;5
10099;116;80;77;land;false;plains;5
10100;96;75;82;land;true;marsh;5
10101;49;41;238;land;false;marsh;5
10102;248;33;204;land;false;forest;5
10103;145;199;123;land;false;plains;5
10104;207;6;89;land;false;forest;5
10105;217;191;127;land;false;plains;5
10106;57;24;99;land;false;plains;5
10107;87;7;196;land;false;plains;5
10108;99;85;116;land;false;marsh;5
10109;239;96;7;land;false;forest;5
10110;181;249;25;land;false;plains;5
10111;200;201;236;land;false;plains;5
10112;82;96;107;land;false;forest;5
10113;210;201;184;land;false;forest;5
10114;138;206;128;land;false;marsh;5
10115;175;54;13;land;true;marsh;5
10116;167;182;21;land;false;plains;5
10117;202;239;132;land;true;forest;5
10118;163;101;100;land;false;marsh;5
10119;147;175;185;land;false;forest;5
10120;206;101;112;land;false;plains;5
10121;254;43;125;land;false;plains;5
10122;113;96;120;land;false;plains;5
10123;251;241;11;land;false;plains;5
10124;28;106;57;land;false;plains;5
10125;144;68;83;land;false;plains;5
10126;134;108;68;land;false;marsh;5
10127;216;52;0;land;false;plains;5
10128;129;195;210;land;true;marsh;5
10129;150;253;0;land;false;plains;5
10130;115;206;142;land;false;plains;5
10131;249;117;225;land;false;marsh;5
10132;157;39;158;land;false;plains;5
10133;178;239;28;land;false;plains;5
10134;176;33;87;land;false;plains;5
10135;146;147;78;land;false;plains;5
10136;238;170;151;land;false;plains;5
10137;94;193;12;land;false;forest;5
10138;225;70;211;land;false;marsh;5
10139;127;10;250;land;false;forest;5
10140;35;40;229;land;false;forest;5
10141;145;151;169;land;false;plains;5
10142;175;94;234;land;false;plains;5
10143;106;143;180;land;false;low_urban;5
10144;83;249;93;lake;false;lakes;5
10145;152;75;48;land;true;forest;5
10146;163;196;230;land;true;plains;5
10147;236;109;188;land;true;plains;5
10148;8;208;187;land;false;forest;5
10149;91;175;108;land;false;forest;5
10150;187;67;38;land;false;plains;5
10151;143;138;73;land;false;plains;5
10152;21;199;89;land;false;plains;5
10153;79;37;195;land;false;plains;5
10154;4;232;229;land;false;plains;5
10155;21;16;60;land;false;plains;5
10156;247;163;198;land;false;forest;5
10157;168;100;136;land;false;plains;5
10158;31;57;7;land;false;plains;5
10159;119;16;94;land;false;plains;5
10160;103;112;67;land;false;plains;5
10161;18;18;17;lake;false;lakes;5
10162;168;78;50;lake;false;lakes;5
10163;48;177;114;land;true;forest;5
10164;186;222;214;land;false;plains;5
10165;206;99;236;land;true;low_urban;5
10166;201;250;184;land;false;forest;5
10167;225;234;3;land;false;forest;5
10168;224;224;209;land;false;plains;5
10169;97;57;235;land;false;plains;5
10170;206;152;135;land;false;forest;5
10171;254;137;148;land;false;plains;5
10172;59;232;78;land;false;marsh;5
10173;14;237;57;land;true;plains;5
10174;87;193;73;land;false;plains;5
10175;115;163;248;land;true;marsh;5
10176;3;98;160;land;false;plains;5
10177;207;98;56;land;false;plains;5
10178;145;131;179;land;true;marsh;5
10179;22;127;34;land;false;plains;5
10180;152;133;57;land;true;marsh;5
10181;19;24;253;land;false;forest;5
10182;175;119;130;land;false;plains;5
10183;75;115;78;land;true;low_urban;5
10184;133;27;28;land;false;low_urban;5
10185;56;64;169;land;false;plains;5
10186;90;129;124;land;false;forest;5
10187;108;157;27;land;true;forest;5
10188;60;39;218;land;true;plains;5
10189;246;31;122;land;false;plains;5
10190;75;33;48;land;false;plains;5
10191;253;130;46;land;false;plains;5
10192;86;219;44;land;true;plains;5
10193;23;113;151;land;false;plains;5
10194;170;244;79;land;false;plains;5
10195;235;110;139;land;false;plains;5
10196;158;158;223;land;false;plains;5
10197;204;136;12;land;false;plains;5
10198;230;246;43;land;false;forest;5
10199;83;221;108;land;false;plains;5
10200;197;193;81;land;false;plains;5
10201;197;150;222;land;false;plains;5
10202;214;154;20;land;true;plains;5
10203;223;101;143;lake;false;lakes;5
10204;93;140;70;land;true;plains;5
10205;17;58;219;land;false;plains;5
10206;6;7;58;land;false;plains;5
10207;14;33;33;land;true;forest;5
10208;37;85;65;land;true;marsh;5
10209;250;230;130;land;false;forest;5
10210;246;172;107;land;false;forest;5
10211;110;96;160;land;false;plains;5
10212;97;10;240;land;true;plains;5
10213;164;157;1;land;true;marsh;5
10214;4;249;248;land;false;plains;5
10215;59;27;34;land;true;marsh;5
10216;1;156;58;land;true;marsh;5
10217;178;237;159;land;true;marsh;5
10218;133;220;122;land;true;plains;5
10219;73;88;68;land;false;plains;5
10220;158;180;31;land;false;forest;5
10221;210;252;145;land;false;forest;5
10222;10;43;208;land;false;plains;5
10223;255;127;40;land;false;forest;5
10224;232;131;35;land;false;plains;5
10225;244;135;58;land;false;marsh;5
10226;178;21;155;land;false;plains;5
10227;244;29;145;land;true;plains;5
10228;32;192;232;land;false;plains;5
10229;94;25;115;land;false;plains;5
10230;220;148;183;land;false;plains;5
10231;182;66;31;land;false;plains;5
10232;53;22;195;land;false;plains;5
10233;81;254;56;land;false;forest;5
10234;109;92;186;land;false;industrial;1
10235;160;157;22;land;false;urban;1
10236;52;121;254;land;false;low_urban;1
10237;107;122;79;land;false;low_urban;1
10238;13;33;15;land;false;low_urban;1
10239;240;85;147;land;false;plains;1
10240;127;147;7;land;false;desert;1
10241;6;160;0;land;false;plains;1
10242;112;122;123;land;false;plains;1
10243;202;61;251;land;false;plains;1
10244;160;225;31;land;false;desert;1
10245;99;53;170;land;false;plains;1
10246;247;182;98;land;false;plains;1
10247;223;37;75;land;false;plains;1
10248;35;251;178;land;false;plains;1
10249;7;185;225;land;false;desert;1
10250;136;245;174;land;false;desert;1
10251;68;163;124;land;false;plains;1
10252;88;94;182;land;false;desert;1
10253;208;211;72;land;false;plains;1
10254;87;49;237;land;false;plains;1
10255;42;99;228;land;false;plains;1
10256;187;29;250;land;false;plains;1
10257;222;11;56;land;false;low_urban;1
10258;193;18;161;land;false;plains;1
10259;151;80;233;land;false;plains;1
10260;143;91;19;land;false;plains;1
10261;8;244;226;land;false;plains;1
10262;236;52;204;land;false;low_urban;1
10263;139;194;15;land;false;plains;1
10264;1;30;190;land;false;plains;1
10265;148;96;234;land;false;forest;1
10266;153;210;58;land;false;plains;1
10267;109;146;168;land;false;plains;1
10268;23;5;29;land;false;plains;1
10269;78;79;186;land;false;forest;1
10270;59;167;39;land;false;plains;1
10271;90;185;63;land;false;low_urban;1
10272;165;6;249;land;false;forest;1
10273;69;237;250;land;false;plains;1
10274;249;247;25;land;false;forest;1
10275;134;130;85;land;false;plains;1
10276;110;207;151;land;false;plains;1
10277;47;26;191;land;false;plains;1
10278;33;239;77;land;false;forest;1
10279;75;51;53;land;false;plains;1
10280;229;140;88;land;false;plains;1
10281;77;91;57;land;false;desert;1
10282;176;120;100;land;false;desert;1
10283;11;240;237;land;false;plains;1
10284;180;90;53;land;false;plains;1
10285;161;244;202;land;false;plains;1
10286;177;186;202;land;false;plains;1
10287;247;136;130;land;false;plains;1
10288;229;202;45;land;false;marsh;1
10289;238;58;196;land;false;plains;1
10290;99;211;14;land;false;plains;1
10291;111;146;32;land;false;forest;1
10292;196;106;199;land;false;forest;1
10293;38;132;251;land;false;plains;1
10294;44;173;154;land;false;forest;1
10295;32;98;192;land;false;plains;1
10296;180;231;2;land;false;plains;1
10297;202;224;0;land;false;plains;1
10298;55;78;121;land;false;plains;1
10299;105;174;45;land;false;plains;1
10300;30;206;223;land;false;low_urban;1
10301;54;192;120;land;false;plains;1
10302;241;216;63;land;false;plains;1
10303;142;244;11;land;false;plains;1
10304;197;36;4;land;false;plains;1
10305;174;166;36;land;false;plains;1
10306;142;72;160;land;false;plains;1
10307;15;73;175;land;false;plains;1
10308;20;165;179;land;false;forest;1
10309;96;6;133;land;false;forest;1
10310;60;32;119;land;false;forest;1
10311;178;113;39;land;false;plains;1
10312;104;109;13;land;false;plains;1
10313;198;32;71;land;false;plains;1
10314;85;4;200;land;false;plains;1
10315;236;72;230;land;false;forest;1
10316;191;101;236;land;false;forest;1
10317;103;133;82;land;false;forest;1
10318;248;2;160;land;false;forest;1
10319;13;89;214;land;false;forest;1
10320;50;218;109;land;false;plains;1
10321;222;24;107;land;false;plains;1
10322;121;149;11;land;false;forest;1
10323;1;107;62;land;false;plains;1
10324;222;127;85;land;false;forest;1
10325;207;114;225;land;false;low_urban;1
10326;239;103;215;land;false;forest;1
10327;192;222;212;land;false;plains;1
10328;251;44;57;land;false;plains;1
10329;225;40;216;land;false;forest;1
10330;210;102;114;land;false;forest;1
10331;129;57;150;land;false;forest;1
10332;39;21;254;land;false;plains;1
10333;32;237;22;land;false;forest;1
10334;235;142;222;land;false;forest;1
10335;87;4;214;land;false;plains;1
10336;171;38;21;land;false;plains;1
10337;94;31;212;land;false;plains;1
10338;69;102;32;land;false;plains;1
10339;114;106;240;land;false;plains;1
10340;248;222;236;land;false;plains;1
10341;154;154;195;land;false;forest;1
10342;177;151;157;land;false;plains;1
10343;119;14;98;land;false;forest;1
10344;131;50;235;land;false;low_urban;1
10345;36;3;104;land;false;plains;1
10346;105;112;155;land;false;plains;1
10347;28;120;54;land;false;plains;1
10348;177;108;162;land;false;plains;1
10349;228;234;129;land;false;plains;1
10350;10;246;7;land;false;plains;1
10351;170;32;167;land;false;plains;1
10352;156;181;1;land;false;forest;1
10353;4;228;174;land;false;plains;1
10354;29;94;198;land;false;plains;1
10355;67;72;24;land;false;plains;1
10356;227;114;57;land;false;plains;1
10357;223;213;252;land;false;forest;1
10358;246;165;148;land;false;plains;1
10359;251;140;171;land;false;plains;1
10360;206;131;231;land;false;plains;1
10361;23;75;82;land;false;plains;1
10362;172;192;54;land;false;plains;1
10363;201;175;249;land;false;plains;1
10364;211;8;20;land;false;plains;1
10365;228;74;174;land;false;plains;1
10366;33;148;154;land;false;plains;1
10367;136;244;57;land;false;plains;1
10368;1;44;222;land;false;plains;1
10369;78;55;6;land;false;forest;1
10370;92;249;227;land;false;plains;1
10371;88;237;18;land;false;plains;1
10372;188;69;5;land;false;plains;1
10373;135;184;42;land;false;forest;1
10374;73;48;139;land;false;plains;1
10375;82;151;175;land;false;forest;1
10376;179;200;251;land;false;plains;1
10377;159;222;74;land;false;plains;1
10378;115;220;148;land;false;plains;1
10379;76;15;150;land;false;plains;1
10380;93;83;49;land;false;forest;1
10381;165;232;144;land;false;plains;1
10382;254;105;171;land;false;forest;1
10383;77;77;30;land;false;plains;1
10384;136;7;235;land;false;plains;1
10385;173;232;34;land;false;forest;1
10386;74;222;208;land;false;forest;1
10387;45;78;44;land;false;plains;1
10388;122;216;216;land;false;plains;1
10389;111;127;38;land;false;forest;1
10390;106;54;224;land;false;plains;1
10391;75;80;22;land;false;forest;1
10392;124;34;136;land;false;forest;1
10393;64;81;200;land;false;plains;1
10394;212;83;47;land;false;plains;1
10395;24;232;134;land;false;plains;1
10396;242;29;92;land;false;plains;1
10397;109;100;246;land;false;plains;1
10398;161;40;17;land;false;plains;1
10399;58;54;141;land;false;plains;1
10400;206;236;159;land;false;plains;1
10401;209;227;165;land;false;plains;1
10402;215;164;219;land;false;forest;1
10403;154;183;199;land;false;plains;1
10404;101;206;5;land;false;forest;1
10405;160;86;140;land;false;forest;1
10406;120;41;204;land;false;plains;1
10407;127;250;48;land;false;plains;1
10408;184;28;231;land;false;plains;1
10409;195;199;8;land;false;plains;1
10410;64;76;62;land;false;plains;1
10411;217;180;254;land;false;plains;1
10412;214;231;30;land;false;forest;1
10413;232;74;165;land;false;plains;1
10414;119;84;207;land;false;low_urban;1
10415;28;24;92;land;false;plains;1
10416;223;148;74;land;false;low_urban;1
10417;64;76;36;land;false;plains;1
10418;13;164;115;land;false;plains;1
10419;161;146;243;land;false;plains;1
10420;97;248;4;land;false;plains;1
10421;124;250;166;land;false;plains;1
10422;80;140;221;land;false;forest;1
10423;132;178;221;land;false;plains;1
10424;24;104;110;land;false;plains;1
10425;62;91;151;land;false;forest;1
10426;137;28;193;land;false;forest;1
10427;27;121;10;land;false;forest;1
10428;74;106;105;land;false;plains;1
10429;198;219;208;land;false;plains;1
10430;76;87;135;land;false;plains;1
10431;14;37;85;land;false;plains;1
10432;28;171;119;land;false;plains;1
10433;184;148;107;land;false;plains;1
10434;140;220;71;land;false;forest;1
10435;54;174;45;land;false;plains;1
10436;4;21;252;land;false;plains;1
10437;25;52;19;land;false;plains;1
10438;179;225;229;land;false;low_urban;1
10439;195;81;21;land;false;plains;1
10440;22;162;92;land;false;forest;1
10441;123;97;228;land;false;forest;1
10442;254;220;141;land;false;plains;1
10443;42;180;92;land;false;plains;1
10444;247;1;120;land;false;plains;1
10445;113;5;77;land;false;plains;1
10446;106;198;78;land;false;plains;1
10447;243;213;161;land;false;urban;1
10448;212;250;185;land;false;plains;1
10449;237;84;134;land;false;plains;1
10450;31;190;86;land;false;plains;1
10451;247;198;60;land;false;plains;1
10452;43;1;89;land;false;plains;1
10453;64;202;207;land;false;plains;1
10454;250;90;25;land;false;plains;1
10455;109;7;35;land;false;plains;1
10456;116;85;222;land;false;forest;1
10457;124;208;55;land;false;plains;1
10458;62;61;81;land;false;plains;1
10459;1;120;152;land;true;forest;1
10460;34;23;3;land;false;plains;1
10461;45;204;183;land;true;plains;1
10462;244;217;205;land;false;forest;1
10463;148;12;164;land;false;plains;1
10464;177;142;132;land;false;forest;1
10465;248;179;52;land;false;forest;1
10466;39;180;12;land;false;plains;1
10467;151;37;151;land;false;plains;1
10468;234;221;83;land;false;plains;1
10469;91;74;19;land;false;plains;1
10470;53;181;236;land;false;plains;1
10471;117;58;98;land;false;plains;1
10472;75;193;144;land;false;forest;1
10473;250;76;47;land;false;plains;1
10474;58;78;215;land;true;plains;1
10475;71;61;72;land;true;plains;1
10476;26;37;66;land;true;forest;1
10477;200;207;196;land;false;forest;1
10478;84;17;212;land;false;urban;1
10479;90;79;89;land;false;forest;1
10480;25;253;0;land;false;plains;1
10481;104;28;134;land;false;plains;1
10482;171;119;112;land;false;plains;1
10483;5;246;251;land;false;plains;1
10484;154;49;222;land;false;plains;1
10485;184;85;170;land;false;plains;1
10486;162;216;200;land;false;plains;1
10487;186;42;201;land;false;plains;1
10488;76;251;56;land;false;plains;1
10489;93;78;198;land;false;plains;1
10490;140;217;237;land;false;plains;1
10491;106;118;101;land;false;low_urban;1
10492;124;90;138;land;false;plains;1
10493;229;229;96;land;false;plains;1
10494;50;140;220;land;false;plains;1
10495;164;62;108;land;false;plains;1
10496;28;129;130;land;false;plains;1
10497;127;152;183;land;false;plains;1
10498;208;71;132;land;false;plains;1
10499;125;207;15;land;false;forest;1
10500;168;158;200;land;false;plains;1
10501;161;252;249;land;false;plains;1
10502;214;236;138;land;false;plains;1
10503;32;246;141;land;false;plains;1
10504;42;136;186;land;false;plains;1
10505;146;43;175;land;false;plains;1
10506;131;198;13;land;false;urban;1
10507;158;37;36;land;false;plains;1
10508;42;50;59;land;false;plains;1
10509;122;250;187;land;false;plains;1
10510;232;233;88;land;false;plains;1
10511;46;50;56;land;false;plains;1
10512;161;48;114;land;false;plains;1
10513;165;90;17;land;false;plains;1
10514;93;21;115;land;false;plains;1
10515;191;121;198;land;false;forest;1
10516;181;76;124;land;false;plains;1
10517;26;3;160;land;false;plains;1
10518;179;165;26;land;false;plains;1
10519;110;91;169;land;false;plains;1
10520;71;45;86;land;false;plains;1
10521;109;1;110;land;false;forest;1
10522;128;199;93;land;false;plains;1
10523;47;34;38;land;false;plains;1
10524;236;84;17;land;false;plains;1
10525;149;26;66;land;false;plains;1
10526;21;113;129;land;false;plains;1
10527;213;1;42;land;false;plains;1
10528;167;133;140;land;false;plains;1
10529;19;34;89;land;false;plains;1
10530;97;9;129;land;false;forest;1
10531;238;19;248;land;false;plains;1
10532;185;228;231;land;false;plains;1
10533;190;159;165;land;false;plains;1
10534;1;149;179;land;false;forest;1
10535;6;15;245;land;false;forest;1
10536;68;209;122;land;false;plains;1
10537;249;54;235;land;false;low_urban;1
10538;102;167;185;land;false;plains;1
10539;162;37;193;land;false;plains;1
10540;222;143;57;land;false;plains;1
10541;75;87;243;land;false;plains;1
10542;190;6;142;land;false;plains;1
10543;235;64;196;land;false;plains;1
10544;230;141;182;land;false;plains;1
10545;118;223;89;land;false;low_urban;4
10546;197;58;19;land;false;forest;4
10547;143;195;9;land;true;plains;4
10548;78;21;42;land;false;marsh;4
10549;20;169;248;land;false;marsh;4
10550;204;69;153;land;false;plains;4
10551;24;23;167;land;false;plains;4
10552;2;92;173;land;true;low_urban;4
10553;44;191;172;land;false;marsh;4
10554;163;83;224;land;false;marsh;4
10555;223;161;201;land;true;marsh;4
10556;131;90;27;land;false;plains;4
10557;64;231;5;land;false;plains;4
10558;95;20;223;land;false;plains;4
10559;204;184;17;land;true;plains;4
10560;4;174;29;land;true;industrial;4
10561;12;218;217;land;false;urban;4
10562;32;214;224;land;false;urban;4
10563;133;208;137;land;false;low_urban;4
10564;84;225;165;land;false;low_urban;4
10565;119;154;151;land;false;marsh;4
10566;53;112;71;land;false;marsh;4
10567;116;91;205;land;false;forest;4
10568;14;235;192;land;false;low_urban;4
10569;167;49;92;land;false;plains;4
10570;198;141;6;land;false;plains;4
10571;37;38;192;land;false;plains;4
10572;214;108;206;land;false;plains;4
10573;11;229;120;land;false;plains;4
10574;128;152;212;land;false;plains;4
10575;125;192;19;land;true;marsh;4
10576;177;39;148;land;false;low_urban;4
10577;204;28;241;land;true;marsh;4
10578;109;197;215;land;true;plains;4
10579;112;94;253;land;false;forest;4
10580;179;253;234;land;false;forest;4
10581;242;202;185;land;false;low_urban;4
10582;51;131;20;land;false;forest;4
10583;164;121;92;land;false;low_urban;4
10584;9;241;32;land;false;urban;4
10585;36;183;65;land;false;low_urban;4
10586;141;36;161;land;false;low_urban;4
10587;27;200;6;land;false;forest;4
10588;59;10;216;land;false;plains;4
10589;162;133;195;land;false;forest;4
10590;231;187;30;land;false;forest;4
10591;250;5;4;land;false;low_urban;4
10592;109;11;56;land;false;plains;4
10593;23;213;230;land;false;forest;4
10594;140;171;134;land;false;forest;4
10595;156;136;169;land;false;plains;4
10596;169;119;170;land;false;plains;4
10597;245;153;130;land;true;plains;4
10598;248;215;181;land;true;plains;4
10599;218;252;251;land;true;plains;4
10600;29;190;127;land;false;forest;4
10601;222;195;128;land;false;forest;4
10602;70;58;197;land;false;low_urban;4
10603;217;243;85;land;false;plains;4
10604;140;129;144;land;false;mountain;4
10605;158;114;140;land;false;plains;4
10606;15;154;228;land;false;plains;4
10607;20;159;207;land;false;plains;4
10608;82;20;41;land;false;plains;4
10609;116;184;221;land;false;urban;4
10610;32;121;169;land;false;plains;4
10611;24;128;230;land;false;mountain;4
10612;222;104;93;land;false;mountain;4
10613;114;141;12;land;false;hills;4
10614;49;210;35;land;false;mountain;4
10615;83;114;210;land;false;plains;4
10616;49;137;118;land;false;hills;4
10617;193;134;71;land;false;hills;4
10618;21;53;120;land;false;hills;4
10619;224;154;27;land;true;plains;4
10620;236;175;167;land;false;hills;4
10621;211;37;93;land;false;hills;4
10622;110;83;78;land;false;hills;4
10623;116;150;54;land;false;hills;4
10624;194;32;42;land;false;hills;4
10625;129;97;52;land;false;hills;4
10626;12;129;164;land;false;plains;4
10627;21;37;159;land;false;low_urban;4
10628;89;20;73;land;false;low_urban;4
10629;19;80;136;land;false;low_urban;4
10630;244;79;128;land;false;hills;4
10631;78;26;144;land;false;hills;4
10632;122;34;86;land;true;hills;4
10633;126;11;105;land;false;hills;4
10634;126;43;154;land;false;hills;4
10635;38;137;35;land;false;hills;4
10636;200;141;191;land;false;hills;4
10637;244;53;226;land;false;hills;4
10638;101;233;209;land;false;hills;4
10639;112;218;137;land;false;hills;4
10640;224;250;153;land;false;hills;4
10641;11;27;29;land;false;hills;4
10642;169;159;58;land;false;hills;4
10643;197;0;223;land;false;hills;4
10644;214;130;131;land;false;hills;4
10645;140;73;143;land;false;hills;4
10646;77;131;153;land;false;hills;4
10647;164;61;13;land;false;forest;4
10648;230;24;198;land;false;forest;4
10649;167;154;228;land;false;forest;4
10650;231;247;205;land;false;forest;4
10651;97;116;106;land;false;desert;4
10652;233;122;157;land;false;low_urban;4
10653;229;245;135;land;false;forest;4
10654;143;5;232;land;false;forest;4
10655;58;127;39;land;false;plains;4
10656;10;70;134;land;false;low_urban;4
10657;219;92;195;land;false;plains;4
10658;202;104;141;land;false;forest;4
10659;158;248;131;land;false;plains;4
10660;175;202;108;land;false;plains;4
10661;71;216;242;land;false;plains;4
10662;26;205;207;land;false;plains;4
10663;254;183;92;land;false;plains;4
10664;164;226;148;land;false;plains;4
10665;112;23;18;land;false;plains;4
10666;205;17;110;land;false;forest;4
10667;143;64;60;land;false;forest;4
10668;91;60;120;land;false;forest;4
10669;227;170;8;land;false;forest;4
10670;219;179;126;land;false;plains;4
10671;216;192;115;land;false;forest;4
10672;45;24;186;land;false;plains;4
10673;57;227;60;land;false;forest;4
10674;41;211;7;land;false;forest;4
10675;80;137;157;land;false;mountain;4
10676;150;93;30;land;false;mountain;4
10677;170;117;227;land;false;mountain;4
10678;173;158;217;land;false;mountain;4
10679;90;62;103;land;false;hills;4
10680;65;45;203;land;false;mountain;4
10681;166;44;228;land;false;low_urban;4
10682;160;18;240;land;false;low_urban;4
10683;57;121;231;land;false;low_urban;4
10684;115;191;201;land;false;mountain;4
10685;167;95;117;land;false;hills;4
10686;164;234;50;land;false;low_urban;4
10687;121;103;8;land;false;hills;4
10688;226;178;65;land;false;hills;4
10689;148;233;247;land;false;mountain;4
10690;122;40;139;land;false;hills;4
10691;128;173;13;land;false;hills;4
10692;141;87;150;land;false;mountain;4
10693;185;50;104;land;false;mountain;4
10694;167;18;52;land;false;hills;4
10695;24;238;46;land;false;mountain;4
10696;162;76;132;land;false;hills;4
10697;81;87;98;land;false;hills;4
10698;76;72;150;land;false;hills;4
10699;150;161;36;land;false;mountain;4
10700;251;186;54;land;false;mountain;4
10701;24;16;159;lake;false;lakes;0
10702;32;23;252;land;false;mountain;4
10703;43;212;226;land;false;mountain;4
10704;233;14;121;land;false;hills;4
10705;88;178;49;land;false;hills;4
10706;210;100;8;land;false;hills;4
10707;50;69;51;land;false;hills;4
10708;115;41;61;land;false;hills;4
10709;203;208;219;land;false;mountain;4
10710;15;220;113;land;false;mountain;4
10711;62;166;99;land;false;mountain;4
10712;35;178;151;land;false;mountain;4
10713;89;124;211;land;false;mountain;4
10714;117;115;190;land;false;hills;4
10715;44;114;204;land;false;hills;4
10716;15;244;27;land;false;mountain;4
10717;7;186;225;land;false;hills;4
10718;171;177;7;land;false;mountain;4
10719;74;63;252;land;false;plains;4
10720;76;206;183;land;false;mountain;4
10721;79;114;55;land;false;mountain;4
10722;115;232;150;land;false;urban;4
10723;151;49;17;land;false;plains;4
10724;163;108;27;land;false;low_urban;4
10725;223;154;38;land;false;mountain;4
10726;96;0;158;land;false;low_urban;4
10727;173;28;185;land;false;hills;4
10728;202;182;207;land;false;mountain;4
10729;245;169;201;land;false;mountain;4
10730;72;15;220;land;false;mountain;4
10731;194;137;246;land;false;hills;4
10732;6;68;94;land;false;mountain;4
10733;56;236;163;land;false;hills;4
10734;112;47;128;land;false;mountain;4
10735;56;118;60;land;false;mountain;4
10736;166;187;225;land;false;hills;4
10737;183;240;134;land;false;plains;4
10738;41;233;116;land;false;plains;4
10739;23;55;42;land;false;mountain;4
10740;139;234;137;land;false;hills;4
10741;214;25;254;land;false;hills;4
10742;22;65;28;land;false;plains;4
10743;42;231;85;land;false;forest;4
10744;101;130;245;land;false;low_urban;4
10745;44;135;5;land;false;mountain;4
10746;33;25;245;land;false;hills;4
10747;169;7;35;land;false;plains;4
10748;168;72;60;land;false;hills;4
10749;194;219;92;land;false;hills;4
10750;17;64;147;land;false;hills;4
10751;110;3;230;land;false;mountain;4
10752;219;240;23;land;false;hills;4
10753;139;202;36;land;false;mountain;4
10754;155;144;229;land;false;hills;4
10755;162;82;132;land;false;hills;4
10756;21;169;121;land;false;mountain;4
10757;45;23;124;land;false;hills;4
10758;7;86;95;land;false;mountain;4
10759;4;66;110;land;false;mountain;4
10760;38;27;191;land;false;hills;4
10761;195;193;59;land;false;mountain;4
10762;136;46;194;land;false;mountain;4
10763;183;55;173;land;false;hills;4
10764;210;148;49;land;false;hills;4
10765;130;75;128;land;false;mountain;4
10766;161;168;86;land;false;mountain;4
10767;88;3;7;land;false;hills;4
10768;45;69;216;land;false;mountain;4
10769;52;180;202;land;false;hills;4
10770;3;153;222;land;false;hills;4
10771;181;247;200;land;false;low_urban;4
10772;83;0;213;land;false;hills;4
10773;226;161;169;land;false;mountain;4
10774;196;142;192;land;false;hills;4
10775;140;231;209;land;false;hills;4
10776;217;29;32;land;false;mountain;4
10777;174;253;23;land;false;hills;4
10778;172;180;93;land;false;hills;4
10779;125;177;191;land;false;mountain;4
10780;250;144;156;land;false;hills;4
10781;191;84;164;land;false;mountain;4
10782;203;159;182;land;false;mountain;4
10783;174;142;129;land;false;mountain;4
10784;141;23;164;land;false;mountain;4
10785;202;104;71;land;false;hills;4
10786;136;136;84;land;false;hills;4
10787;50;186;242;land;false;mountain;4
10788;13;74;237;land;false;hills;4
10789;127;101;188;land;false;hills;4
10790;31;184;237;land;false;hills;4
10791;30;130;32;land;false;hills;4
10792;46;47;148;land;false;mountain;4
10793;95;202;92;land;false;hills;4
10794;161;150;93;land;false;hills;4
10795;185;252;242;land;false;mountain;4
10796;75;72;36;land;false;hills;4
10797;5;149;99;land;false;hills;4
10798;93;194;202;land;false;mountain;4
10799;249;8;136;land;false;mountain;4
10800;9;195;136;land;false;hills;4
10801;160;178;92;land;false;mountain;4
10802;224;4;16;land;false;mountain;4
10803;63;111;70;land;false;hills;4
10804;216;196;199;land;false;mountain;4
10805;92;129;103;land;false;mountain;4
10806;91;19;114;land;false;mountain;4
10807;217;63;188;land;false;mountain;4
10808;83;233;89;land;false;hills;4
10809;178;83;127;land;false;hills;4
10810;0;37;171;land;false;hills;4
10811;228;88;78;land;false;hills;4
10812;169;142;63;land;false;hills;4
10813;239;53;228;land;false;plains;4
10814;210;228;58;land;false;plains;4
10815;82;229;218;land;false;hills;4
10816;47;197;234;sea;false;ocean;0
10817;76;173;162;land;false;hills;4
10818;21;94;242;land;false;plains;4
10819;180;102;228;land;false;hills;4
10820;195;202;177;land;false;hills;4
10821;70;79;146;land;false;hills;4
10822;227;129;163;land;false;hills;4
10823;48;169;166;land;false;hills;4
10824;186;99;79;land;false;hills;4
10825;94;193;180;land;false;hills;4
10826;46;115;6;land;false;mountain;4
10827;73;212;199;land;false;low_urban;4
10828;56;61;167;land;false;hills;4
10829;110;155;193;land;false;hills;4
10830;51;46;212;land;false;low_urban;4
10831;16;108;243;land;false;hills;4
10832;226;179;131;land;false;hills;4
10833;224;31;167;land;false;hills;4
10834;204;160;169;land;false;mountain;4
10835;235;188;3;land;false;mountain;4
10836;158;128;238;land;false;hills;4
10837;13;165;79;land;false;hills;4
10838;15;76;75;land;false;hills;4
10839;5;215;9;land;false;mountain;4
10840;114;75;85;land;false;hills;4
10841;101;23;101;land;false;hills;4
10842;117;204;126;land;false;hills;4
10843;191;168;117;land;false;mountain;4
10844;208;29;18;land;false;mountain;4
10845;162;224;47;land;false;hills;4
10846;198;152;107;land;false;mountain;4
10847;90;6;185;land;false;mountain;4
10848;116;88;133;land;false;mountain;4
10849;168;133;10;land;false;hills;4
10850;7;46;226;land;false;mountain;4
10851;168;24;137;land;false;mountain;4
10852;37;164;168;land;false;mountain;4
10853;176;56;122;land;false;mountain;4
10854;157;100;141;land;false;hills;4
10855;154;230;231;land;false;mountain;4
10856;181;224;166;land;false;mountain;4
10857;1;99;156;land;false;mountain;4
10858;189;69;50;land;false;hills;4
10859;4;91;76;land;false;mountain;4
10860;50;183;171;land;false;hills;4
10861;201;33;126;land;false;hills;4
10862;21;139;138;land;false;hills;4
10863;8;222;9;land;false;mountain;4
10864;141;191;21;land;false;mountain;4
10865;241;137;233;land;false;hills;4
10866;12;18;179;land;false;mountain;4
10867;215;165;17;land;false;hills;4
10868;51;166;127;land;false;mountain;4
10869;132;67;137;land;false;hills;4
10870;132;144;90;land;false;hills;4
10871;54;149;225;land;false;mountain;4
10872;86;69;50;land;false;mountain;4
10873;194;44;46;land;false;hills;4
10874;66;7;65;land;false;hills;4
10875;26;247;214;land;false;hills;4
10876;196;230;69;land;false;hills;4
10877;144;125;45;land;false;low_urban;4
10878;203;95;146;land;false;mountain;4
10879;128;249;241;land;false;mountain;4
10880;34;223;215;land;false;hills;4
10881;63;15;130;land;false;hills;4
10882;101;137;28;land;false;hills;4
10883;53;14;188;land;false;hills;4
10884;104;237;147;land;false;hills;4
10885;190;180;26;land;false;hills;4
10886;230;238;48;land;false;hills;4
10887;128;170;26;land;false;mountain;4
10888;46;185;26;land;false;hills;4
10889;133;150;145;land;false;hills;4
10890;136;150;19;land;false;low_urban;4
10891;216;36;150;land;false;mountain;4
10892;175;41;144;land;false;hills;4
10893;252;28;244;land;false;mountain;4
10894;119;4;191;land;false;mountain;4
10895;41;99;171;land;false;mountain;4
10896;67;122;97;land;false;hills;4
10897;78;109;82;land;false;low_urban;4
10898;103;83;177;land;false;hills;4
10899;227;6;209;land;false;low_urban;4
10900;123;5;108;land;false;low_urban;4
10901;84;31;79;land;false;hills;4
10902;96;59;235;land;false;low_urban;4
10903;227;55;156;land;false;hills;4
10904;168;3;46;land;false;industrial;4
10905;81;26;3;land;false;urban;4
10906;186;193;87;land;false;urban;4
10907;64;42;46;land;false;hills;4
10908;55;69;238;land;false;hills;4
10909;197;2;162;land;false;hills;4
10910;213;42;125;land;false;low_urban;4
10911;23;171;246;land;false;hills;4
10912;110;14;75;land;false;hills;4
10913;247;177;73;land;false;hills;4
10914;166;104;254;land;false;hills;4
10915;142;66;30;land;false;mountain;4
10916;13;72;117;land;false;hills;4
10917;206;151;140;land;false;hills;4
10918;87;243;40;land;false;hills;4
10919;39;7;156;land;false;hills;4
10920;221;64;4;land;false;hills;4
10921;5;233;168;land;false;hills;4
10922;250;25;204;land;false;hills;4
10923;177;10;201;land;false;hills;4
10924;116;33;24;land;false;hills;4
10925;205;99;153;land;false;hills;4
10926;35;126;94;land;false;hills;4
10927;67;199;1;land;false;mountain;4
10928;138;109;190;land;false;mountain;4
10929;225;176;152;land;false;hills;4
10930;66;5;111;land;false;mountain;4
10931;178;56;169;land;false;mountain;4
10932;98;124;85;land;false;hills;4
10933;135;0;151;land;false;hills;4
10934;215;174;158;land;false;mountain;4
10935;79;211;16;land;false;hills;4
10936;44;125;115;land;false;hills;4
10937;26;152;227;land;false;low_urban;4
10938;84;246;182;land;false;hills;4
10939;169;233;171;land;false;mountain;4
10940;74;31;107;land;false;hills;4
10941;143;138;178;land;false;mountain;4
10942;130;29;40;land;false;mountain;4
10943;240;228;67;land;false;hills;4
10944;5;0;156;land;false;mountain;4
10945;66;87;245;land;false;hills;4
10946;69;174;95;land;false;low_urban;4
10947;117;203;142;land;false;mountain;4
10948;121;117;238;land;false;mountain;4
10949;162;54;11;land;false;mountain;4
10950;81;122;131;land;false;mountain;4
10951;41;19;162;land;false;low_urban;4
10952;237;46;7;land;false;hills;4
10953;155;163;22;land;false;mountain;4
10954;159;63;171;land;false;hills;4
10955;130;170;156;land;false;mountain;4
10956;9;90;92;land;false;mountain;4
10957;128;177;161;land;false;hills;4
10958;85;197;216;land;false;hills;4
10959;163;168;72;land;false;mountain;4
10960;63;253;154;land;false;low_urban;4
10961;116;41;247;land;false;low_urban;4
10962;125;196;21;land;false;hills;4
10963;8;168;60;land;false;hills;4
10964;107;254;76;land;false;hills;4
10965;168;82;240;land;false;hills;4
10966;0;125;63;land;false;hills;4
10967;198;245;141;land;false;hills;4
10968;181;241;109;land;false;hills;4
10969;242;144;56;land;false;hills;4
10970;9;158;228;land;false;hills;4
10971;152;117;61;land;false;low_urban;4
10972;16;25;141;land;false;hills;4
10973;248;148;128;land;false;hills;4
10974;120;203;146;land;false;hills;4
10975;130;58;183;land;false;mountain;4
10976;19;138;176;land;false;hills;4
10977;39;50;106;land;false;hills;4
10978;120;210;37;land;false;mountain;4
10979;190;63;6;land;false;hills;4
10980;179;205;79;land;false;mountain;4
10981;171;231;237;land;false;hills;4
10982;191;162;33;land;false;mountain;4
10983;115;89;218;land;false;mountain;4
10984;237;131;175;land;false;mountain;4
10985;135;55;174;land;false;hills;4
10986;141;187;238;land;false;hills;4
10987;212;201;9;land;false;mountain;4
10988;172;196;103;land;false;mountain;4
10989;138;133;162;land;false;mountain;4
10990;88;2;144;land;false;mountain;4
10991;25;208;95;land;false;mountain;4
10992;96;68;69;land;false;hills;4
10993;126;58;31;land;false;hills;4
10994;247;214;122;land;false;hills;4
10995;175;96;62;land;false;hills;4
10996;240;216;64;land;false;hills;4
10997;237;179;142;land;false;low_urban;4
10998;43;222;188;land;false;hills;4
10999;218;58;50;land;false;urban;4
11000;38;160;63;land;false;low_urban;4
11001;242;193;180;land;false;low_urban;4
11002;6;176;103;land;false;hills;4
11003;150;118;141;land;false;hills;4
11004;6;191;80;land;false;low_urban;4
11005;158;11;51;land;false;hills;4
11006;105;73;23;land;false;low_urban;4
11007;94;168;11;land;false;hills;4
11008;237;66;193;land;true;plains;4
11009;112;130;172;land;false;urban;4
11010;207;73;225;land;false;hills;4
11011;153;125;72;land;true;low_urban;4
11012;81;51;243;land;true;plains;4
11013;64;142;54;land;false;forest;4
11014;64;71;129;land;false;low_urban;4
11015;121;204;194;land;true;industrial;4
11016;187;172;192;land;false;low_urban;4
11017;231;177;62;land;false;plains;4
11018;3;117;201;land;true;forest;4
11019;46;247;187;land;true;low_urban;4
11020;148;105;250;land;true;low_urban;4
11021;20;126;242;land;false;plains;4
11022;186;5;207;land;false;forest;4
11023;250;61;151;land;true;low_urban;4
11024;203;182;74;land;true;plains;4
11025;116;214;218;land;true;plains;4
11026;110;47;235;land;false;plains;4
11027;136;182;93;land;false;forest;4
11028;60;209;59;land;false;hills;4
11029;254;154;189;land;false;plains;4
11030;60;72;237;land;false;low_urban;4
11031;26;52;64;land;false;forest;4
11032;143;51;98;land;false;forest;4
11033;234;79;225;land;false;desert;4
11034;250;153;159;land;false;low_urban;4
11035;30;244;65;land;false;industrial;4
11036;220;151;223;land;false;low_urban;4
11037;139;129;117;land;false;low_urban;4
11038;146;216;128;land;false;plains;4
11039;179;2;25;land;false;forest;4
11040;102;31;46;land;false;plains;4
11041;4;40;211;land;false;low_urban;4
11042;253;2;39;land;false;low_urban;4
11043;123;237;143;land;false;low_urban;4
11044;57;105;236;land;false;forest;4
11045;185;228;39;land;false;low_urban;4
11046;69;236;109;land;false;plains;4
11047;2;197;222;land;false;plains;4
11048;49;219;32;land;false;plains;4
11049;32;238;103;land;false;plains;4
11050;72;12;32;land;false;hills;4
11051;189;133;85;land;false;plains;4
11052;101;146;164;land;false;plains;4
11053;34;119;225;land;false;hills;4
11054;130;29;217;land;false;low_urban;4
11055;112;212;104;land;false;plains;4
11056;10;170;12;land;false;plains;4
11057;31;151;214;land;false;plains;4
11058;19;221;26;land;false;plains;4
11059;208;222;243;land;false;plains;4
11060;185;56;110;land;false;plains;4
11061;234;116;94;land;false;plains;4
11062;82;17;131;land;false;plains;4
11063;143;52;233;land;false;plains;4
11064;199;18;70;land;false;low_urban;4
11065;229;81;192;land;false;plains;4
11066;40;148;44;land;false;low_urban;4
11067;35;36;140;land;false;plains;4
11068;12;212;202;land;false;plains;4
11069;12;145;77;land;false;plains;4
11070;207;2;10;land;false;plains;4
11071;32;132;47;land;false;plains;4
11072;60;96;18;land;false;plains;4
11073;60;204;204;land;false;plains;4
11074;134;163;22;land;false;plains;4
11075;221;62;24;land;false;plains;4
11076;64;157;24;land;false;plains;4
11077;230;217;243;land;false;forest;4
11078;110;8;217;land;false;plains;4
11079;23;228;141;land;false;plains;4
11080;19;235;151;land;false;plains;4
11081;203;167;204;land;false;plains;4
11082;168;203;191;land;false;plains;4
11083;65;220;167;land;false;plains;4
11084;218;191;44;land;false;plains;4
11085;168;162;0;land;false;plains;4
11086;252;163;177;land;false;plains;4
11087;13;125;171;land;false;plains;4
11088;177;191;7;land;false;plains;4
11089;48;210;113;land;false;plains;4
11090;220;93;190;land;false;plains;4
11091;153;251;83;land;true;plains;4
11092;236;148;172;land;true;plains;4
11093;213;162;192;land;true;plains;4
11094;241;250;93;land;false;forest;4
11095;45;55;204;land;false;plains;4
11096;128;251;32;land;false;forest;4
11097;39;95;178;land;false;plains;4
11098;53;243;241;land;false;plains;4
11099;40;42;29;land;true;low_urban;4
11100;22;111;49;land;true;industrial;4
11101;54;17;203;land;false;hills;4
11102;221;229;94;land;false;hills;4
11103;44;67;229;land;false;marsh;4
11104;189;67;222;land;false;low_urban;4
11105;79;81;116;land;false;plains;4
11106;210;0;12;land;false;plains;4
11107;39;250;192;land;false;plains;4
11108;111;75;223;land;false;plains;4
11109;13;81;0;land;false;plains;4
11110;182;217;53;land;true;marsh;4
11111;112;92;45;land;false;plains;4
11112;239;190;92;land;false;hills;4
11113;252;68;27;land;false;hills;4
11114;121;135;236;land;false;hills;4
11115;225;73;242;land;false;hills;4
11116;118;151;62;land;false;hills;4
11117;153;22;133;land;false;low_urban;4
11118;166;145;183;land;false;urban;4
11119;26;81;221;land;false;plains;4
11120;166;104;245;land;false;forest;4
11121;190;17;212;land;false;plains;4
11122;164;242;219;land;false;plains;4
11123;164;146;88;land;false;plains;4
11124;158;52;148;land;false;plains;4
11125;91;134;233;land;false;plains;4
11126;18;85;179;land;false;plains;4
11127;200;193;83;land;false;plains;4
11128;179;64;215;land;false;plains;4
11129;4;76;246;land;false;plains;4
11130;144;94;176;land;false;plains;4
11131;31;116;101;land;false;plains;4
11132;130;43;23;land;false;plains;4
11133;152;241;110;land;false;low_urban;4
11134;187;149;89;land;false;plains;4
11135;176;16;156;land;false;plains;4
11136;245;7;21;land;false;plains;4
11137;130;114;79;land;false;plains;4
11138;107;73;139;land;false;plains;4
11139;116;46;105;land;false;plains;4
11140;65;49;44;land;false;plains;4
11141;0;195;180;land;false;plains;4
11142;105;208;102;land;false;low_urban;4
11143;63;245;154;land;false;plains;4
11144;84;208;82;land;false;plains;4
11145;231;192;199;land;false;plains;4
11146;199;213;168;land;false;plains;4
11147;152;99;38;land;false;plains;4
11148;138;251;167;land;false;plains;4
11149;148;149;226;land;false;plains;4
11150;227;38;12;land;false;plains;4
11151;82;94;70;land;false;plains;4
11152;231;128;30;land;false;plains;4
11153;122;253;111;land;false;plains;4
11154;151;134;198;land;false;plains;4
11155;5;57;185;land;false;plains;4
11156;119;216;25;land;false;plains;4
11157;168;58;115;land;false;plains;4
11158;50;234;232;land;false;plains;4
11159;27;44;112;land;false;plains;4
11160;38;43;248;land;false;plains;4
11161;207;184;59;land;false;plains;4
11162;28;226;236;land;false;plains;4
11163;203;61;29;land;false;plains;4
11164;164;179;140;land;false;plains;4
11165;79;75;220;land;false;plains;4
11166;122;33;122;land;false;plains;4
11167;26;6;27;land;false;plains;4
11168;79;65;228;land;false;plains;4
11169;206;127;228;land;false;plains;4
11170;19;238;198;land;false;low_urban;4
11171;196;6;44;land;false;plains;4
11172;210;227;78;land;false;plains;4
11173;228;207;24;land;false;plains;4
11174;47;17;226;land;true;plains;4
11175;82;74;46;land;true;plains;4
11176;73;164;125;land;true;plains;4
11177;110;61;18;land;true;plains;4
11178;43;176;192;land;false;plains;4
11179;141;12;185;land;true;plains;4
11180;7;144;72;land;false;forest;4
11181;134;107;234;land;true;forest;4
11182;224;25;237;land;false;plains;4
11183;39;147;103;land;true;plains;4
11184;176;43;237;land;false;plains;4
11185;137;197;106;land;false;plains;4
11186;148;43;43;land;false;forest;4
11187;253;155;140;land;false;plains;4
11188;164;215;6;land;false;plains;4
11189;196;3;121;land;false;plains;4
11190;49;87;49;land;false;plains;4
11191;220;170;126;land;false;hills;4
11192;142;57;24;land;false;plains;4
11193;133;153;6;land;false;forest;4
11194;162;149;251;land;false;low_urban;4
11195;66;249;220;land;false;low_urban;4
11196;80;124;253;land;false;forest;4
11197;23;171;175;land;false;hills;4
11198;133;125;184;land;false;hills;4
11199;47;99;159;land;false;low_urban;4
11200;83;151;32;land;false;hills;4
11201;235;251;188;land;false;hills;4
11202;230;191;153;land;false;hills;4
11203;192;211;175;land;false;hills;4
11204;234;218;96;land;false;hills;4
11205;84;91;55;land;false;plains;4
11206;7;249;210;land;false;mountain;4
11207;181;157;89;land;false;hills;4
11208;162;201;30;land;false;hills;4
11209;47;247;59;land;false;forest;4
11210;94;141;21;land;true;plains;4
11211;180;61;73;land;false;forest;4
11212;182;78;204;land;true;plains;4
11213;228;45;235;land;false;plains;4
11214;243;36;145;land;false;forest;4
11215;126;33;3;land;false;forest;4
11216;100;146;188;land;false;plains;4
11217;210;2;110;land;false;forest;4
11218;193;156;178;land;false;low_urban;4
11219;0;216;88;land;false;forest;4
11220;115;162;97;land;false;forest;4
11221;73;220;143;land;false;hills;4
11222;156;203;236;land;false;low_urban;4
11223;14;229;224;land;false;forest;4
11224;168;212;172;land;true;plains;4
11225;131;60;132;land;false;forest;4
11226;135;61;200;land;false;plains;4
11227;101;63;27;land;false;hills;4
11228;184;239;226;land;false;hills;4
11229;74;72;243;land;false;hills;4
11230;4;75;95;land;false;hills;4
11231;203;216;152;land;false;hills;4
11232;61;24;49;land;false;low_urban;4
11233;64;100;135;land;false;hills;4
11234;134;52;170;land;false;hills;4
11235;226;19;189;land;true;plains;4
11236;132;55;111;land;false;plains;4
11237;248;232;42;land;true;plains;4
11238;93;118;33;land;true;plains;4
11239;136;67;80;land;false;plains;4
11240;218;139;94;land;true;plains;4
11241;99;28;210;land;true;plains;4
11242;187;139;188;land;false;forest;4
11243;165;151;198;land;false;forest;4
11244;232;76;86;land;true;forest;4
11245;51;27;178;land;true;forest;4
11246;199;102;165;land;false;plains;4
11247;240;254;43;land;true;plains;4
11248;207;63;208;land;false;plains;4
11249;135;230;16;land;false;plains;4
11250;104;91;11;land;false;forest;4
11251;165;150;251;land;false;plains;4
11252;89;20;194;land;false;plains;4
11253;34;150;134;land;false;forest;4
11254;215;192;253;land;false;plains;4
11255;216;151;187;land;false;forest;4
11256;131;223;239;land;false;plains;4
11257;56;64;124;land;false;forest;4
11258;215;199;179;land;false;low_urban;4
11259;158;254;58;land;false;plains;4
11260;80;83;84;land;false;low_urban;4
11261;143;60;146;land;true;plains;4
11262;151;29;38;land;false;plains;4
11263;245;186;2;land;false;plains;4
11264;196;132;41;land;false;forest;4
11265;212;65;137;land;false;low_urban;4
11266;47;40;105;land;false;forest;4
11267;193;127;51;land;false;plains;4
11268;220;209;69;land;false;plains;4
11269;94;55;201;land;false;plains;4
11270;179;197;160;land;false;plains;4
11271;14;114;146;land;false;low_urban;4
11272;251;198;189;land;false;forest;4
11273;162;230;133;land;false;hills;4
11274;129;175;138;land;false;hills;4
11275;117;155;55;land;false;hills;4
11276;78;52;145;land;false;low_urban;4
11277;57;221;114;land;false;hills;4
11278;86;167;195;land;false;hills;4
11279;232;81;87;land;false;hills;4
11280;58;43;202;land;false;low_urban;4
11281;71;69;112;land;false;hills;4
11282;102;104;107;land;false;hills;4
11283;201;13;13;land;false;hills;4
11284;226;116;213;land;false;hills;4
11285;113;161;177;land;false;hills;4
11286;169;87;108;land;false;hills;4
11287;235;219;50;land;false;plains;4
11288;191;32;239;land;false;hills;4
11289;81;141;98;land;false;hills;4
11290;18;251;136;land;false;hills;4
11291;153;85;143;land;false;low_urban;4
11292;11;142;133;land;false;hills;4
11293;207;133;167;land;false;hills;4
11294;247;193;87;land;false;hills;4
11295;178;33;184;land;false;hills;4
11296;105;218;122;land;false;hills;4
11297;156;35;15;land;false;hills;4
11298;27;118;177;land;false;hills;4
11299;70;142;217;land;false;hills;4
11300;2;212;188;land;false;hills;4
11301;232;144;36;land;false;hills;4
11302;211;9;112;land;false;hills;4
11303;165;101;0;land;false;hills;4
11304;155;106;125;land;false;low_urban;4
11305;233;141;161;land;false;low_urban;4
11306;181;183;113;land;false;forest;4
11307;97;29;211;land;false;plains;4
11308;23;168;111;land;false;low_urban;4
11309;30;147;79;land;false;low_urban;4
11310;24;216;133;land;false;forest;4
11311;4;18;114;land;false;plains;4
11312;58;63;40;land;false;plains;4
11313;19;93;113;land;false;plains;4
11314;201;4;128;land;false;forest;4
11315;119;237;191;land;false;hills;4
11316;27;161;33;land;false;low_urban;4
11317;116;170;106;land;false;forest;4
11318;115;74;195;land;false;low_urban;4
11319;64;203;71;land;false;plains;4
11320;117;98;7;land;false;industrial;4
11321;209;27;219;land;false;plains;4
11322;105;117;199;land;false;urban;4
11323;44;13;20;land;false;urban;4
11324;197;86;120;land;false;low_urban;4
11325;219;124;185;land;false;low_urban;4
11326;187;152;81;land;false;low_urban;4
11327;221;248;176;land;false;low_urban;4
11328;230;52;251;land;false;urban;4
11329;254;237;136;land;false;hills;4
11330;220;11;201;land;true;urban;2
11331;238;7;118;land;true;urban;2
11332;89;42;25;land;true;urban;2
11333;20;227;52;land;false;urban;2
11334;104;124;26;land;false;low_urban;2
11335;133;50;121;land;false;urban;2
11336;83;153;221;land;false;urban;2
11337;157;13;10;land;false;low_urban;2
11338;186;151;169;land;false;low_urban;2
11339;150;55;69;land;false;forest;2
11340;53;180;194;land;false;plains;2
11341;145;195;251;land;false;urban;2
11342;120;189;37;land;true;urban;2
11343;101;30;125;land;true;plains;2
11344;50;177;24;land;true;forest;2
11345;186;29;8;land;true;urban;2
11346;230;170;192;land;true;industrial;2
11347;51;101;78;land;false;low_urban;2
11348;206;66;207;land;false;urban;2
11349;57;102;45;land;false;forest;2
11350;233;35;36;land;false;urban;2
11351;232;106;235;land;false;urban;2
11352;127;168;7;land;true;urban;2
11353;136;81;19;land;true;urban;2
11354;235;162;234;land;true;urban;2
11355;53;156;99;land;false;urban;2
11356;116;186;206;land;false;urban;2
11357;65;196;184;land;false;urban;2
11358;109;237;99;land;true;urban;2
11359;132;97;70;land;true;plains;2
11360;107;168;111;land;false;plains;2
11361;25;54;131;land;true;plains;5
11362;133;134;14;land;true;plains;2
11363;205;214;55;land;true;forest;2
11364;2;245;170;land;true;plains;2
11365;215;63;95;land;true;plains;2
11366;236;110;155;land;true;urban;2
11367;197;28;141;land;true;low_urban;5
11368;116;64;190;land;false;forest;5
11369;117;73;99;land;false;forest;5
11370;172;80;115;land;false;forest;5
11371;4;158;27;land;true;low_urban;5
11372;112;78;153;land;true;low_urban;5
11373;92;138;69;land;false;forest;5
11374;5;15;102;land;false;low_urban;5
11375;157;55;162;land;true;low_urban;5
11376;227;94;224;land;false;low_urban;5
11377;130;164;54;land;false;forest;5
11378;184;234;63;land;false;low_urban;5
11379;151;245;71;land;false;forest;5
11380;186;45;87;land;false;forest;5
11381;46;191;145;land;false;low_urban;5
11382;253;75;138;land;false;industrial;5
11383;227;85;22;land;false;low_urban;5
11384;187;204;127;land;false;low_urban;5
11385;154;183;184;land;false;forest;5
11386;54;22;24;land;false;low_urban;5
11387;247;134;7;land;false;industrial;5
11388;126;90;126;land;false;low_urban;5
11389;26;240;34;land;false;low_urban;5
11390;209;62;36;land;false;urban;5
11391;153;99;194;land;false;industrial;5
11392;192;40;72;land;false;low_urban;5
11393;78;3;73;land;true;urban;5
11394;17;162;164;land;true;urban;5
11395;173;7;179;land;false;urban;5
11396;77;200;140;land;false;urban;5
11397;4;47;135;land;true;industrial;5
11398;62;228;95;land;true;urban;5
11399;33;104;92;land;false;urban;5
11400;201;57;88;land;false;plains;5
11401;54;92;20;land;false;low_urban;5
11402;44;194;64;land;false;low_urban;5
11403;217;218;141;land;false;plains;5
11404;143;157;247;land;true;low_urban;5
11405;76;62;113;land;true;urban;5
11406;209;110;186;land;true;low_urban;5
11407;26;39;45;land;false;urban;5
11408;149;48;197;land;false;forest;5
11409;253;158;52;land;false;urban;5
11410;182;155;133;land;false;urban;5
11411;135;144;80;land;false;low_urban;5
11412;116;60;252;sea;false;ocean;0
11413;242;48;200;land;false;low_urban;5
11414;68;43;210;land;true;forest;5
11415;66;237;19;land;true;forest;5
11416;106;10;228;land;false;urban;5
11417;46;75;198;land;false;urban;5
11418;175;224;140;land;true;urban;5
11419;60;58;50;land;false;urban;5
11420;103;44;166;land;true;low_urban;5
11421;174;217;19;land;false;forest;5
11422;221;209;67;land;false;low_urban;5
11423;91;61;190;land;false;low_urban;5
11424;61;224;124;land;false;low_urban;5
11425;127;114;111;land;false;urban;5
11426;45;122;133;land;false;low_urban;5
11427;70;204;35;land;false;urban;5
11428;18;77;53;land;false;low_urban;5
11429;93;52;37;land;false;urban;5
11430;119;237;88;land;false;low_urban;5
11431;77;20;92;land;false;urban;5
11432;148;232;208;land;false;low_urban;5
11433;127;169;191;land;false;urban;5
11434;167;16;97;land;false;urban;5
11435;5;166;76;land;true;low_urban;5
11436;144;223;235;land;true;urban;5
11437;199;144;96;land;false;urban;5
11438;86;143;153;land;true;low_urban;5
11439;217;189;169;land;false;urban;5
11440;196;226;115;land;false;urban;5
11441;104;93;11;land;false;low_urban;5
11442;98;93;102;land;false;low_urban;5
11443;176;131;122;land;false;urban;5
11444;146;151;187;land;false;low_urban;5
11445;232;83;238;land;false;low_urban;5
11446;199;122;142;land;false;low_urban;5
11447;200;26;89;land;false;low_urban;5
11448;9;56;237;land;false;industrial;5
11449;36;176;18;land;false;low_urban;5
11450;250;55;229;land;false;low_urban;5
11451;28;95;126;land;false;low_urban;5
11452;211;21;182;land;false;low_urban;5
11453;179;15;5;land;false;urban;5
11454;215;99;133;land;false;low_urban;5
11455;228;214;182;land;false;urban;5
11456;177;204;12;land;true;low_urban;5
11457;6;88;74;land;true;industrial;5
11458;232;53;45;land;false;urban;5
11459;172;58;212;land;false;low_urban;5
11460;254;179;82;land;false;urban;5
11461;38;20;222;land;false;urban;5
11462;249;37;39;land;false;low_urban;5
11463;118;170;11;land;false;urban;5
11464;36;62;20;land;false;urban;5
11465;13;159;147;land;false;urban;5
11466;103;28;52;land;true;low_urban;5
11467;61;149;142;land;false;plains;5
11468;192;242;185;land;false;urban;5
11469;65;250;214;land;false;forest;5
11470;142;243;156;land;false;urban;5
11471;144;115;173;land;false;plains;5
11472;42;248;199;land;false;low_urban;5
11473;233;73;65;land;false;low_urban;5
11474;78;16;220;land;false;urban;5
11475;48;113;188;land;false;low_urban;5
11476;42;76;96;land;false;urban;5
11477;160;169;59;land;false;low_urban;5
11478;83;52;50;land;false;plains;5
11479;76;81;26;land;false;low_urban;5
11480;66;0;238;land;false;forest;5
11481;58;212;216;land;false;low_urban;5
11482;201;60;88;land;true;plains;5
11483;69;92;151;land;false;plains;5
11484;207;41;94;land;true;low_urban;5
11485;235;148;197;land;false;low_urban;5
11486;152;87;181;land;false;low_urban;5
11487;91;216;90;land;false;industrial;5
11488;90;183;252;land;false;plains;1
11489;101;164;192;land;false;plains;1
11490;65;84;150;land;false;industrial;1
11491;5;58;142;land;false;urban;1
11492;109;124;141;land;false;urban;1
11493;124;129;216;land;false;urban;1
11494;64;64;207;land;false;urban;1
11495;94;206;202;land;false;plains;1
11496;224;2;247;land;false;urban;1
11497;134;31;161;land;false;plains;1
11498;216;220;86;land;false;low_urban;1
11499;174;11;4;land;false;urban;1
11500;33;86;60;land;false;urban;1
11501;1;120;180;land;false;urban;1
11502;113;183;216;land;false;low_urban;1
11503;243;150;178;land;false;forest;1
11504;74;226;18;land;false;plains;1
11505;225;18;75;land;false;low_urban;1
11506;190;87;108;land;false;low_urban;1
11507;126;120;24;land;false;urban;1
11508;143;72;176;land;false;urban;1
11509;150;82;224;land;false;urban;1
11510;178;35;60;lake;false;lakes;0
11511;241;199;112;land;false;plains;1
11512;107;62;104;land;false;low_urban;1
11513;151;117;50;land;false;urban;1
11514;171;144;146;land;false;low_urban;1
11515;7;37;207;land;false;low_urban;1
11516;140;86;164;lake;false;lakes;0
11517;230;10;109;land;false;urban;1
11518;83;214;94;land;false;urban;1
11519;13;57;60;land;false;urban;1
11520;38;142;86;land;false;industrial;1
11521;224;232;251;land;false;urban;1
11522;2;113;230;land;false;urban;1
11523;96;38;166;land;false;urban;1
11524;230;127;79;land;false;plains;1
11525;177;166;185;land;false;low_urban;1
11526;47;78;70;land;false;forest;1
11527;17;254;39;land;false;urban;1
11528;2;196;0;land;false;urban;1
11529;48;96;148;land;false;low_urban;1
11530;103;160;39;land;false;urban;1
11531;94;78;116;land;false;plains;1
11532;166;44;36;land;false;low_urban;1
11533;234;6;183;land;false;low_urban;1
11534;118;73;181;land;false;plains;1
11535;171;41;95;land;false;low_urban;1
11536;222;15;216;land;false;plains;1
11537;205;236;254;land;false;plains;1
11538;35;115;142;land;false;plains;1
11539;127;242;8;land;false;plains;1
11540;26;205;151;land;false;plains;1
11541;142;250;19;land;false;plains;1
11542;46;165;252;land;false;plains;1
11543;227;187;196;land;false;plains;1
11544;114;144;41;land;false;plains;1
11545;55;122;33;land;false;plains;1
11546;238;248;171;land;false;plains;1
11547;6;173;134;land;false;plains;1
11548;165;0;193;land;false;marsh;1
11549;178;72;182;land;false;forest;1
11550;55;162;41;land;false;plains;1
11551;126;231;17;land;false;plains;1
11552;64;199;64;land;false;plains;1
11553;145;165;78;land;false;plains;1
11554;188;140;193;land;false;plains;1
11555;171;34;245;land;false;plains;1
11556;181;109;174;land;false;forest;1
11557;185;39;243;land;false;plains;1
11558;152;184;215;land;false;plains;1
11559;90;63;149;land;false;forest;1
11560;156;49;173;land;false;plains;1
11561;164;27;161;land;false;plains;1
11562;213;5;11;land;false;plains;1
11563;136;58;156;land;false;forest;1
11564;95;199;95;land;false;forest;1
11565;62;57;182;land;false;plains;1
11566;191;212;75;land;false;plains;1
11567;250;11;130;land;false;forest;1
11568;150;25;159;land;false;plains;1
11569;138;10;19;land;false;plains;1
11570;40;79;150;land;false;plains;1
11571;15;247;240;land;false;forest;1
11572;187;119;140;land;false;plains;1
11573;152;145;209;land;false;plains;1
11574;155;147;111;land;false;plains;1
11575;185;119;53;land;false;plains;1
11576;70;225;207;land;false;plains;1
11577;53;42;184;land;false;plains;1
11578;195;203;41;land;false;plains;1
11579;15;122;200;land;false;plains;1
11580;92;88;221;land;false;forest;1
11581;91;17;117;land;false;plains;1
11582;70;84;91;land;false;plains;1
11583;186;227;181;land;false;plains;1
11584;222;34;122;land;false;plains;1
11585;90;68;36;land;false;plains;1
11586;221;161;231;land;false;forest;1
11587;96;91;66;land;false;forest;1
11588;113;157;230;land;false;forest;1
11589;53;6;37;land;false;forest;1
11590;107;246;2;land;false;plains;1
11591;9;252;85;land;false;plains;1
11592;186;245;40;land;false;plains;1
11593;54;42;208;land;false;low_urban;1
11594;239;129;17;land;false;plains;1
11595;210;131;205;land;false;plains;1
11596;188;56;108;land;false;plains;1
11597;228;17;93;land;false;forest;1
11598;117;200;195;land;false;plains;1
11599;38;61;99;land;false;plains;1
11600;241;163;5;land;false;plains;1
11601;143;176;21;land;false;forest;1
11602;30;84;158;land;false;plains;1
11603;122;177;48;land;false;plains;1
11604;77;198;104;land;false;plains;1
11605;29;118;60;land;false;forest;1
11606;119;199;20;land;false;plains;1
11607;194;81;250;land;false;forest;1
11608;250;211;146;land;false;plains;1
11609;136;234;184;land;false;plains;1
11610;222;46;200;land;false;plains;1
11611;140;72;37;land;false;forest;1
11612;204;228;55;land;false;forest;1
11613;235;99;36;land;false;urban;1
11614;146;87;11;land;false;plains;1
11615;40;5;211;land;false;plains;1
11616;186;105;101;land;false;plains;1
11617;216;91;169;land;false;plains;1
11618;36;1;137;land;false;plains;1
11619;105;82;162;land;false;plains;1
11620;214;226;118;land;false;plains;1
11621;97;96;245;land;false;forest;1
11622;235;222;8;land;false;plains;1
11623;132;134;179;land;false;plains;1
11624;78;96;209;land;false;low_urban;1
11625;164;203;212;land;false;plains;1
11626;100;241;96;land;false;plains;1
11627;233;48;199;land;false;plains;1
11628;146;163;72;land;false;plains;1
11629;2;70;200;land;false;plains;1
11630;9;221;158;land;false;plains;1
11631;131;224;43;land;false;plains;1
11632;203;92;66;land;false;plains;1
11633;63;192;164;land;false;plains;1
11634;86;123;88;land;false;plains;1
11635;76;25;198;land;false;plains;1
11636;45;133;177;land;false;forest;1
11637;109;49;132;land;false;plains;1
11638;74;52;220;land;false;forest;1
11639;223;119;237;land;false;forest;1
11640;99;147;71;land;false;plains;1
11641;221;23;21;land;false;forest;1
11642;3;132;109;land;false;plains;1
11643;140;190;7;land;false;forest;1
11644;234;57;49;land;false;plains;1
11645;159;41;108;land;false;forest;1
11646;195;247;154;land;false;forest;1
11647;115;252;105;land;false;forest;1
11648;202;68;158;land;false;forest;1
11649;137;118;49;land;false;forest;1
11650;16;249;214;land;false;low_urban;1
11651;25;210;218;land;false;plains;1
11652;141;213;203;land;false;plains;1
11653;91;67;217;land;false;plains;1
11654;243;3;45;land;false;plains;1
11655;236;142;122;land;false;plains;1
11656;68;31;237;land;false;plains;1
11657;100;84;4;land;false;plains;1
11658;172;213;83;land;false;plains;1
11659;225;6;76;land;false;forest;1
11660;241;145;95;land;false;plains;1
11661;197;36;245;land;false;plains;1
11662;122;179;241;land;false;plains;1
11663;193;79;157;land;false;plains;1
11664;54;138;189;land;false;plains;1
11665;96;169;124;land;false;plains;1
11666;119;17;11;land;false;forest;1
11667;215;168;208;land;false;plains;1
11668;236;124;105;land;false;plains;1
11669;210;211;51;land;false;forest;1
11670;157;214;56;land;false;plains;1
11671;126;111;163;land;false;forest;1
11672;32;78;166;land;false;plains;1
11673;208;116;120;land;false;forest;1
11674;251;128;132;land;false;plains;1
11675;230;131;62;land;false;forest;1
11676;112;138;10;land;false;plains;1
11677;99;15;169;land;false;plains;1
11678;215;233;21;land;false;plains;1
11679;146;59;143;land;false;plains;1
11680;136;185;38;land;false;plains;1
11681;31;163;227;land;false;plains;1
11682;62;11;1;land;false;forest;1
11683;175;30;192;land;false;plains;1
11684;202;14;121;land;false;forest;1
11685;145;95;212;land;false;plains;1
11686;158;219;169;land;false;plains;1
11687;90;220;90;land;false;low_urban;1
11688;197;156;237;land;false;plains;1
11689;11;98;163;land;false;plains;1
11690;96;201;182;land;false;plains;1
11691;9;7;4;land;false;plains;1
11692;57;166;62;land;false;plains;1
11693;97;129;141;land;false;forest;1
11694;216;18;19;land;false;plains;1
11695;150;91;119;land;false;plains;1
11696;250;177;91;land;false;plains;1
11697;24;43;88;land;false;plains;1
11698;150;225;206;land;false;plains;1
11699;181;82;82;land;false;plains;1
11700;1;54;230;land;false;plains;1
11701;108;215;178;land;false;plains;1
11702;236;30;251;land;false;plains;1
11703;105;65;71;land;false;plains;5
11704;226;236;183;land;false;plains;5
11705;213;78;86;land;false;plains;5
11706;157;138;179;land;false;plains;5
11707;57;24;72;land;false;low_urban;5
11708;32;49;154;land;false;mountain;5
11709;150;39;204;land;false;marsh;5
11710;124;102;225;land;false;plains;5
11711;144;168;136;land;false;plains;5
11712;197;93;187;land;false;forest;5
11713;44;10;230;land;false;mountain;5
11714;73;20;238;land;false;plains;5
11715;115;103;74;land;false;forest;5
11716;141;43;68;land;false;plains;5
11717;27;110;122;land;false;plains;5
11718;138;227;46;land;false;mountain;5
11719;167;204;234;land;false;forest;5
11720;116;184;95;land;false;low_urban;5
11721;155;184;250;land;false;plains;5
11722;13;216;174;land;false;plains;5
11723;17;248;87;land;false;forest;5
11724;145;28;10;land;false;plains;5
11725;218;20;183;land;false;plains;5
11726;12;252;20;land;false;forest;5
11727;57;135;111;land;false;forest;5
11728;225;159;45;land;false;forest;5
11729;63;184;4;land;false;mountain;5
11730;169;139;32;land;false;plains;5
11731;220;98;8;land;false;forest;5
11732;216;17;212;land;false;forest;5
11733;52;241;245;land;false;forest;5
11734;53;41;45;land;false;plains;5
11735;29;232;23;land;false;plains;5
11736;115;167;33;land;false;forest;5
11737;252;100;55;land;false;plains;5
11738;35;96;63;land;false;plains;5
11739;28;102;10;land;false;plains;5
11740;155;46;24;land;false;plains;5
11741;171;70;214;land;false;forest;5
11742;241;49;181;land;false;plains;5
11743;154;148;189;land;false;forest;5
11744;50;121;139;land;false;forest;5
11745;173;29;62;land;false;plains;5
11746;229;136;143;land;false;plains;5
11747;159;190;183;land;false;plains;5
11748;53;197;154;land;false;forest;5
11749;94;29;79;land;false;forest;5
11750;221;11;36;land;false;forest;5
11751;134;96;206;land;false;forest;5
11752;64;243;223;land;false;forest;5
11753;36;159;166;land;false;low_urban;5
11754;232;174;83;land;false;plains;5
11755;130;106;15;land;false;plains;5
11756;166;46;172;land;false;forest;5
11757;183;58;120;land;false;forest;5
11758;209;226;237;land;true;forest;5
11759;11;62;69;land;false;forest;5
11760;33;184;110;land;false;forest;5
11761;251;31;232;land;false;forest;5
11762;64;55;156;land;false;plains;5
11763;44;75;129;land;false;plains;5
11764;131;208;24;land;false;plains;5
11765;33;244;60;land;false;plains;5
11766;77;86;36;land;false;plains;5
11767;174;140;131;land;false;forest;5
11768;169;243;73;land;false;forest;5
11769;131;89;188;land;false;plains;5
11770;183;27;108;land;false;plains;5
11771;73;137;238;land;false;low_urban;5
11772;190;67;165;land;false;plains;5
11773;207;5;235;land;false;plains;5
11774;242;183;218;land;false;plains;5
11775;245;23;194;land;false;plains;5
11776;42;62;153;land;false;forest;5
11777;182;32;72;land;false;plains;5
11778;164;27;2;land;false;forest;5
11779;116;252;204;land;false;plains;5
11780;214;18;162;land;false;plains;5
11781;227;236;42;land;false;plains;5
11782;22;184;75;land;false;plains;5
11783;188;19;66;land;false;plains;5
11784;200;42;165;land;false;plains;5
11785;99;198;106;land;false;plains;5
11786;171;58;165;land;false;forest;5
11787;122;230;40;land;false;plains;5
11788;18;179;143;land;false;forest;5
11789;69;196;230;land;false;plains;5
11790;143;15;90;land;false;plains;5
11791;31;167;170;land;false;forest;5
11792;116;202;6;land;false;plains;5
11793;242;237;184;land;false;plains;5
11794;34;229;152;land;false;plains;5
11795;19;2;154;land;false;plains;5
11796;234;137;118;land;false;plains;5
11797;21;208;64;land;false;plains;5
11798;90;26;196;land;false;plains;5
11799;83;214;159;land;false;plains;5
11800;55;233;135;land;false;plains;5
11801;12;0;19;land;false;plains;5
11802;148;48;138;land;false;plains;5
11803;14;161;66;land;false;plains;5
11804;97;188;232;land;false;forest;5
11805;242;126;233;land;false;plains;5
11806;24;29;234;land;false;plains;5
11807;117;170;160;land;false;plains;5
11808;212;48;131;land;false;plains;5
11809;129;201;147;land;false;plains;5
11810;72;194;92;land;false;forest;5
11811;87;7;152;land;false;plains;5
11812;56;141;99;land;false;forest;5
11813;208;46;108;land;false;plains;5
11814;252;204;123;land;false;plains;5
11815;87;16;79;land;false;plains;5
11816;139;197;188;land;false;plains;5
11817;178;247;156;land;false;plains;5
11818;139;181;146;land;false;low_urban;5
11819;203;30;45;land;true;marsh;5
11820;206;87;21;land;false;marsh;5
11821;39;34;43;land;false;plains;5
11822;72;14;76;land;false;plains;5
11823;245;246;139;land;false;plains;5
11824;192;49;30;land;false;plains;5
11825;94;87;227;land;false;plains;5
11826;46;85;193;land;false;plains;5
11827;181;212;150;land;false;forest;5
11828;210;34;35;land;false;plains;5
11829;110;145;212;land;false;plains;5
11830;11;46;118;land;false;low_urban;5
11831;229;222;207;land;false;plains;5
11832;232;241;0;land;false;plains;5
11833;180;157;180;land;false;plains;5
11834;66;190;230;land;false;plains;5
11835;177;109;217;land;false;marsh;5
11836;237;87;144;land;false;marsh;5
11837;215;253;41;land;false;plains;5
11838;149;95;48;land;false;plains;5
11839;43;65;147;land;true;marsh;5
11840;104;55;77;land;false;marsh;5
11841;246;51;140;land;false;plains;5
11842;111;109;67;land;false;marsh;5
11843;59;42;237;land;true;plains;5
11844;243;74;244;land;false;marsh;5
11845;15;198;209;land;true;marsh;5
11846;100;119;200;land;true;forest;5
11847;253;200;62;land;false;forest;5
11848;49;17;84;land;true;forest;5
11849;223;243;7;land;true;forest;5
11850;90;150;39;land;false;plains;5
11851;217;54;239;land;false;forest;5
11852;242;121;36;land;false;plains;5
11853;233;180;212;land;true;plains;5
11854;125;211;73;land;false;plains;5
11855;45;6;74;land;true;plains;5
11856;9;176;188;land;false;plains;5
11857;50;55;188;land;true;plains;5
11858;168;173;57;land;false;plains;5
11859;23;220;38;land;false;plains;5
11860;95;85;164;land;false;plains;5
11861;120;14;153;land;false;plains;5
11862;238;239;205;land;false;plains;5
11863;163;153;223;land;false;plains;5
11864;199;59;10;land;true;forest;5
11865;173;224;216;land;false;forest;5
11866;1;47;35;land;true;plains;5
11867;131;234;239;land;false;plains;5
11868;16;46;77;land;true;plains;5
11869;83;171;108;land;false;plains;5
11870;72;246;192;land;true;plains;5
11871;84;128;157;land;true;forest;5
11872;102;73;106;land;false;plains;5
11873;137;3;22;land;false;plains;5
11874;94;87;245;land;false;plains;5
11875;44;117;242;land;false;plains;5
11876;40;55;159;land;false;plains;5
11877;213;176;54;land;false;plains;5
11878;143;172;174;land;false;plains;5
11879;221;238;250;land;false;plains;5
11880;157;90;11;land;false;plains;5
11881;225;243;99;land;false;plains;5
11882;121;253;240;land;false;low_urban;5
11883;228;78;47;land;false;forest;5
11884;85;199;17;land;false;forest;5
11885;187;172;18;land;false;forest;5
11886;50;219;165;land;true;forest;5
11887;240;28;49;land;false;forest;5
11888;38;19;107;land;false;forest;5
11889;206;200;237;land;false;plains;5
11890;27;77;9;land;false;plains;5
11891;110;104;181;land;false;plains;5
11892;130;223;220;land;false;forest;5
11893;178;18;250;land;false;plains;5
11894;17;243;113;land;false;forest;5
11895;37;64;166;lake;false;lakes;5
11896;183;100;120;land;false;plains;5
11897;168;91;5;land;false;plains;5
11898;179;234;56;land;false;plains;5
11899;185;78;241;land;false;plains;5
11900;4;180;235;land;false;plains;5
11901;182;31;228;land;false;plains;5
11902;3;225;148;land;false;plains;5
11903;74;192;22;land;false;forest;5
11904;126;122;12;land;false;marsh;5
11905;114;194;218;land;false;plains;5
11906;28;225;82;land;false;forest;5
11907;15;222;101;land;false;plains;5
11908;0;40;251;land;false;forest;5
11909;36;136;209;land;false;plains;5
11910;46;242;115;land;false;forest;5
11911;115;145;215;land;false;forest;5
11912;7;144;135;land;false;forest;5
11913;215;28;224;land;false;forest;5
11914;157;96;150;land;false;plains;5
11915;94;200;164;land;false;plains;5
11916;38;109;163;land;false;plains;5
11917;228;81;238;land;false;plains;5
11918;23;8;119;land;false;plains;5
11919;37;225;169;land;false;plains;5
11920;84;138;67;land;false;plains;5
11921;107;57;155;land;false;forest;5
11922;27;48;177;land;false;low_urban;5
11923;74;152;142;land;false;low_urban;5
11924;165;83;104;land;false;low_urban;5
11925;29;183;135;land;true;forest;5
11926;163;131;211;land;false;forest;5
11927;107;162;69;land;false;plains;5
11928;115;147;124;land;false;low_urban;5
11929;48;11;140;land;false;plains;5
11930;21;70;161;land;false;plains;5
11931;205;245;98;land;false;plains;5
11932;148;8;46;land;false;forest;5
11933;121;35;19;land;true;forest;5
11934;231;107;208;land;false;plains;5
11935;147;155;249;land;true;plains;5
11936;0;182;149;land;false;plains;5
11937;202;202;13;land;false;plains;5
11938;135;137;3;land;false;plains;5
11939;199;144;65;land;false;plains;5
11940;82;6;65;land;false;plains;5
11941;140;143;250;land;false;plains;5
11942;83;85;104;land;false;plains;5
11943;83;149;78;land;false;plains;5
11944;254;225;45;land;false;plains;5
11945;83;9;28;land;false;plains;5
11946;38;65;136;land;true;plains;5
11947;162;92;22;land;false;plains;5
11948;121;144;117;land;false;plains;5
11949;118;188;102;land;false;plains;5
11950;171;123;143;land;false;plains;5
11951;192;181;105;land;false;plains;5
11952;20;137;124;land;false;plains;5
11953;57;207;62;land;false;plains;5
11954;95;180;195;land;false;plains;5
11955;54;21;179;land;true;plains;5
11956;180;71;118;land;false;plains;5
11957;79;33;212;land;false;plains;5
11958;78;153;90;land;false;plains;5
11959;60;30;19;land;false;plains;5
11960;117;22;27;land;false;plains;5
11961;244;249;161;land;false;plains;5
11962;244;153;219;land;false;plains;5
11963;197;185;87;land;false;plains;5
11964;199;121;0;land;false;forest;5
11965;227;95;119;land;false;plains;5
11966;70;142;186;land;false;plains;5
11967;54;154;23;land;false;plains;5
11968;189;56;165;land;true;forest;5
11969;179;55;71;land;false;plains;5
11970;98;142;44;land;false;forest;5
11971;11;54;41;land;false;forest;5
11972;44;252;117;land;false;plains;5
11973;254;97;235;land;true;plains;5
11974;51;172;118;land;false;plains;5
11975;188;141;185;land;false;forest;5
11976;80;68;208;land;false;plains;5
11977;158;24;29;land;false;plains;5
11978;120;102;222;land;false;plains;5
11979;142;61;180;land;false;forest;5
11980;65;178;178;land;false;plains;5
11981;152;170;180;land;false;forest;1
11982;221;252;90;land;true;plains;1
11983;175;21;35;land;false;plains;1
11984;181;240;86;land;false;forest;1
11985;164;133;236;land;false;forest;1
11986;97;58;76;land;false;plains;1
11987;13;56;35;land;false;plains;1
11988;56;42;61;land;false;plains;1
11989;123;162;67;land;false;plains;1
11990;58;95;196;land;false;forest;1
11991;232;205;87;land;false;forest;1
11992;24;146;20;land;false;forest;1
11993;178;39;188;land;false;forest;1
11994;152;60;3;land;false;forest;1
11995;191;68;182;land;false;plains;1
11996;72;117;24;land;false;plains;1
11997;80;221;118;land;false;plains;1
11998;173;148;97;land;false;forest;1
11999;42;242;18;land;false;plains;1
12000;112;139;30;land;false;plains;1
12001;54;221;194;land;false;plains;1
12002;210;152;191;land;false;plains;1
12003;236;189;106;land;false;forest;1
12004;18;61;91;land;false;plains;1
12005;88;141;144;land;false;plains;1
12006;43;165;64;land;false;plains;1
12007;151;223;65;land;false;forest;1
12008;61;199;213;land;false;forest;1
12009;253;127;118;land;false;forest;1
12010;173;200;176;land;false;plains;1
12011;43;64;25;land;false;plains;1
12012;148;11;241;land;false;plains;1
12013;183;165;102;land;false;forest;1
12014;165;177;250;land;false;forest;1
12015;233;103;169;land;false;plains;1
12016;139;207;220;land;false;forest;1
12017;57;196;42;land;false;forest;1
12018;224;249;212;land;false;forest;1
12019;92;53;238;land;false;plains;1
12020;221;156;127;land;false;plains;1
12021;214;84;93;land;false;forest;1
12022;228;114;247;land;false;plains;1
12023;33;99;198;land;false;forest;1
12024;243;73;28;land;false;forest;1
12025;36;203;86;land;false;forest;1
12026;116;153;90;land;false;forest;1
12027;227;71;27;land;false;forest;1
12028;251;247;84;land;false;plains;1
12029;227;138;14;land;false;plains;1
12030;114;178;160;land;false;plains;1
12031;185;123;35;land;false;plains;1
12032;250;45;168;land;false;plains;1
12033;172;210;201;land;false;plains;1
12034;9;131;37;land;false;plains;1
12035;169;49;85;land;false;plains;1
12036;216;170;251;land;false;plains;1
12037;42;157;26;land;false;plains;1
12038;105;203;119;land;false;plains;1
12039;89;135;219;land;false;plains;1
12040;140;56;63;land;false;plains;1
12041;37;64;231;land;false;plains;1
12042;109;171;70;land;false;plains;1
12043;224;106;100;land;false;plains;1
12044;1;83;20;land;false;plains;1
12045;233;191;164;land;false;forest;1
12046;46;132;100;land;false;plains;1
12047;216;131;51;land;false;forest;1
12048;189;178;241;land;false;forest;1
12049;185;151;236;land;false;forest;1
12050;97;203;93;land;false;forest;1
12051;60;225;234;land;false;forest;1
12052;202;55;159;land;false;forest;1
12053;247;35;160;land;false;forest;1
12054;227;143;218;land;false;forest;1
12055;81;34;214;land;false;low_urban;1
12056;218;160;173;land;false;forest;1
12057;145;72;92;land;false;forest;1
12058;222;118;25;land;false;low_urban;1
12059;140;59;50;land;false;plains;1
12060;37;226;241;land;false;plains;1
12061;25;207;97;land;false;forest;1
12062;232;25;155;land;false;plains;1
12063;82;60;193;land;false;plains;1
12064;13;12;28;land;false;forest;1
12065;137;199;232;land;false;forest;1
12066;230;106;84;land;false;plains;1
12067;199;39;24;land;false;plains;1
12068;151;232;177;land;false;plains;1
12069;109;225;108;land;false;plains;1
12070;1;199;187;land;false;plains;1
12071;21;144;199;land;false;plains;1
12072;4;31;230;land;false;plains;1
12073;231;130;108;land;false;plains;1
12074;138;147;165;land;false;plains;1
12075;7;14;218;land;false;plains;1
12076;12;188;175;land;false;plains;1
12077;23;95;134;land;false;plains;1
12078;96;34;145;land;false;plains;1
12079;76;68;176;land;false;plains;1
12080;234;163;83;land;false;plains;1
12081;244;70;210;land;false;forest;1
12082;238;235;153;land;false;forest;1
12083;51;224;98;land;false;marsh;1
12084;186;101;233;land;false;forest;1
12085;42;154;87;land;false;forest;1
12086;236;69;153;land;false;forest;1
12087;13;214;76;land;false;plains;1
12088;19;168;253;land;false;forest;1
12089;65;77;243;land;false;forest;1
12090;146;68;238;land;false;plains;1
12091;194;144;84;land;false;plains;1
12092;2;223;147;land;false;forest;1
12093;152;17;176;land;false;plains;1
12094;56;105;179;land;false;plains;1
12095;22;58;88;land;false;plains;1
12096;234;84;86;land;false;forest;1
12097;7;95;163;land;false;forest;1
12098;21;137;68;land;false;forest;1
12099;40;92;201;land;false;plains;1
12100;125;226;59;land;false;plains;1
12101;251;149;28;land;false;plains;1
12102;16;147;48;land;false;plains;1
12103;13;30;45;land;false;plains;1
12104;30;136;87;land;false;plains;1
12105;204;64;120;land;false;plains;1
12106;235;21;119;land;false;forest;1
12107;196;113;153;land;false;plains;1
12108;36;96;211;land;false;plains;1
12109;6;56;225;land;false;forest;1
12110;240;153;27;land;false;forest;1
12111;29;43;200;land;false;plains;1
12112;68;228;214;land;false;plains;1
12113;254;216;119;land;false;plains;6
12114;201;244;30;land;false;plains;1
12115;186;73;63;land;false;forest;1
12116;58;94;25;land;false;forest;1
12117;36;145;172;land;false;plains;1
12118;191;169;186;land;false;forest;1
12119;153;217;224;land;false;plains;1
12120;69;167;46;land;false;forest;1
12121;127;58;84;land;false;plains;1
12122;74;38;83;land;false;plains;1
12123;235;253;20;land;false;plains;1
12124;129;95;50;land;false;plains;1
12125;41;251;144;land;false;forest;1
12126;24;52;33;land;false;forest;1
12127;19;200;210;land;false;plains;1
12128;147;176;162;land;false;forest;1
12129;185;228;19;land;false;plains;1
12130;201;158;37;land;false;plains;1
12131;198;75;9;land;false;forest;1
12132;109;214;27;land;false;plains;1
12133;90;158;204;land;false;forest;1
12134;16;63;102;land;false;forest;1
12135;93;193;248;land;false;plains;1
12136;138;124;75;land;false;plains;1
12137;147;14;7;land;false;plains;1
12138;108;32;43;land;false;forest;1
12139;98;250;50;land;false;plains;1
12140;52;149;38;land;false;forest;1
12141;150;157;53;land;false;forest;1
12142;23;109;168;land;false;plains;1
12143;190;0;65;land;false;hills;4
12144;156;169;141;land;false;hills;4
12145;252;118;199;land;false;hills;4
12146;180;36;40;land;false;hills;4
12147;190;149;18;land;false;hills;4
12148;77;16;60;land;false;hills;4
12149;146;46;170;land;false;hills;4
12150;39;136;189;land;false;plains;4
12151;121;131;117;land;false;plains;4
12152;70;227;18;land;false;plains;4
12153;111;28;137;land;false;plains;4
12154;71;69;28;land;false;low_urban;4
12155;55;90;20;land;false;plains;4
12156;95;10;136;land;false;mountain;4
12157;27;186;24;land;false;hills;4
12158;90;67;87;land;false;mountain;4
12159;50;227;214;land;false;plains;4
12160;117;182;251;land;false;hills;4
12161;225;122;191;land;false;hills;4
12162;31;24;106;land;false;hills;4
12163;2;135;237;land;false;mountain;4
12164;201;89;111;land;false;mountain;4
12165;52;130;67;land;false;hills;4
12166;174;237;252;land;false;hills;4
12167;246;108;126;land;false;hills;4
12168;0;159;43;land;false;hills;4
12169;122;51;121;land;false;hills;4
12170;241;199;241;land;false;hills;4
12171;200;130;99;land;false;low_urban;4
12172;162;84;232;land;false;forest;4
12173;98;156;143;land;false;forest;4
12174;172;235;73;land;false;marsh;4
12175;230;114;253;land;false;hills;4
12176;143;248;138;land;false;forest;4
12177;222;50;156;land;false;forest;4
12178;197;84;209;land;false;low_urban;4
12179;246;169;58;land;false;forest;4
12180;107;203;120;land;false;forest;4
12181;19;186;7;land;false;forest;4
12182;90;95;48;land;false;plains;4
12183;111;233;69;land;false;forest;4
12184;101;46;146;land;false;plains;4
12185;123;250;181;land;false;hills;4
12186;158;239;206;land;false;hills;4
12187;2;191;97;land;false;hills;4
12188;24;158;105;land;false;hills;4
12189;43;121;103;land;false;low_urban;4
12190;229;249;27;land;false;hills;4
12191;216;80;46;land;false;plains;4
12192;177;109;118;land;false;low_urban;4
12193;48;112;221;land;false;low_urban;4
12194;248;46;69;land;false;low_urban;4
12195;132;249;79;land;false;hills;4
12196;208;108;201;land;false;hills;4
12197;43;253;50;land;false;plains;4
12198;54;245;20;land;false;hills;4
12199;128;202;125;land;false;plains;4
12200;209;64;39;land;false;low_urban;4
12201;101;198;181;land;false;plains;4
12202;91;232;27;land;false;mountain;4
12203;36;163;184;land;false;low_urban;4
12204;45;122;27;land;false;mountain;4
12205;183;121;128;land;false;mountain;4
12206;50;193;166;land;false;hills;4
12207;144;48;25;land;false;mountain;4
12208;25;216;251;land;false;plains;4
12209;196;193;89;land;false;hills;4
12210;242;179;131;land;false;hills;4
12211;194;92;238;land;false;plains;4
12212;68;228;196;land;false;hills;4
12213;215;142;158;land;false;hills;4
12214;180;224;200;land;false;hills;4
12215;163;253;16;land;false;hills;4
12216;24;211;252;land;false;hills;4
12217;200;50;66;land;false;hills;4
12218;77;205;83;land;false;hills;4
12219;117;60;73;land;false;hills;4
12220;139;79;91;land;false;hills;4
12221;53;81;186;land;false;hills;4
12222;148;43;120;land;false;low_urban;4
12223;144;4;234;land;false;hills;4
12224;139;135;137;land;false;hills;4
12225;122;2;14;land;false;hills;4
12226;103;182;233;land;false;plains;4
12227;18;92;100;land;false;hills;4
12228;70;190;40;land;false;mountain;4
12229;218;115;38;land;false;mountain;4
12230;64;8;51;land;false;mountain;4
12231;94;171;74;land;false;mountain;4
12232;41;20;98;land;false;mountain;4
12233;60;253;61;land;false;hills;4
12234;156;100;222;land;false;hills;4
12235;113;123;98;land;false;hills;4
12236;27;175;175;land;false;mountain;4
12237;178;237;157;land;false;low_urban;4
12238;247;126;160;land;false;low_urban;4
12239;124;165;53;land;false;mountain;4
12240;94;222;143;land;false;hills;4
12241;45;126;246;land;false;hills;4
12242;88;148;204;land;false;mountain;4
12243;98;181;95;land;false;mountain;4
12244;99;73;121;land;false;mountain;4
12245;145;250;38;land;false;mountain;4
12246;249;244;45;land;false;mountain;4
12247;20;179;28;land;false;mountain;4
12248;122;2;142;land;false;hills;4
12249;205;136;63;land;false;hills;4
12250;236;16;195;land;false;hills;4
12251;9;43;124;land;false;low_urban;4
12252;45;87;55;land;false;hills;4
12253;59;96;253;land;false;low_urban;4
12254;167;146;14;land;false;hills;4
12255;10;212;94;land;false;mountain;4
12256;136;94;102;land;false;mountain;4
12257;114;0;183;land;false;hills;4
12258;182;92;124;land;false;mountain;4
12259;203;106;179;land;false;mountain;4
12260;8;150;65;land;false;mountain;4
12261;10;59;92;land;false;mountain;4
12262;35;116;103;land;false;mountain;4
12263;177;221;166;land;false;mountain;4
12264;176;40;15;land;false;mountain;4
12265;83;45;188;land;false;hills;4
12266;114;5;244;land;false;mountain;4
12267;75;92;42;land;false;mountain;4
12268;139;84;172;land;false;hills;4
12269;77;203;143;land;false;hills;4
12270;184;94;85;land;false;low_urban;4
12271;25;122;45;land;false;mountain;4
12272;154;157;176;land;false;mountain;4
12273;54;110;184;land;false;mountain;4
12274;54;28;122;land;false;mountain;4
12275;140;232;77;land;false;mountain;4
12276;44;182;30;land;false;mountain;4
12277;206;112;35;land;false;mountain;4
12278;149;14;175;land;false;mountain;4
12279;223;17;74;land;false;mountain;4
12280;67;54;68;land;false;hills;4
12281;226;170;30;land;false;forest;4
12282;182;79;90;land;false;plains;4
12283;97;144;186;land;false;forest;4
12284;67;212;142;land;false;hills;4
12285;8;161;233;land;false;hills;4
12286;64;160;81;land;false;forest;4
12287;195;172;115;land;false;hills;4
12288;181;63;247;land;false;plains;4
12289;144;200;40;land;false;low_urban;4
12290;83;248;203;land;false;hills;4
12291;169;188;183;land;false;hills;4
12292;46;142;214;land;false;low_urban;4
12293;72;167;171;land;false;forest;4
12294;37;14;187;land;false;hills;4
12295;80;15;113;land;false;plains;4
12296;203;67;150;land;false;plains;4
12297;149;52;59;land;false;plains;4
12298;105;116;22;land;false;plains;4
12299;116;40;180;land;false;hills;4
12300;131;194;211;land;false;hills;4
12301;119;244;201;land;false;hills;4
12302;252;108;105;land;false;hills;4
12303;202;2;52;land;false;hills;4
12304;35;89;74;land;false;plains;4
12305;19;115;104;land;false;hills;4
12306;252;69;117;land;false;hills;4
12307;144;29;213;land;false;hills;4
12308;112;32;232;land;false;hills;4
12309;129;121;193;land;false;hills;4
12310;167;206;212;land;false;hills;4
12311;99;206;204;land;false;hills;4
12312;183;49;56;land;false;low_urban;4
12313;93;247;248;land;false;low_urban;4
12314;218;74;235;land;false;hills;4
12315;149;42;64;land;false;hills;4
12316;233;59;130;land;false;hills;4
12317;58;254;164;land;false;hills;4
12318;54;19;200;land;false;hills;4
12319;185;189;42;land;false;hills;4
12320;101;78;102;land;false;hills;4
12321;230;71;65;land;false;hills;4
12322;86;59;113;land;false;low_urban;4
12323;187;142;90;land;false;hills;4
12324;96;66;151;land;false;hills;4
12325;168;131;189;land;false;hills;4
12326;233;116;24;land;false;hills;4
12327;55;23;183;land;false;hills;4
12328;186;166;118;land;false;hills;4
12329;93;230;4;land;false;hills;4
12330;26;38;207;land;false;hills;4
12331;166;83;121;land;false;hills;4
12332;2;198;144;land;false;hills;4
12333;113;134;253;land;false;hills;4
12334;240;66;26;land;false;low_urban;4
12335;233;79;53;land;false;hills;4
12336;61;190;55;land;false;plains;4
12337;222;226;246;land;false;low_urban;4
12338;56;187;133;land;false;low_urban;4
12339;49;65;63;land;false;plains;4
12340;233;34;7;land;false;plains;4
12341;210;212;166;land;false;low_urban;4
12342;75;100;45;land;false;low_urban;4
12343;21;177;218;land;false;plains;4
12344;90;225;79;land;false;plains;4
12345;146;254;117;land;false;low_urban;4
12346;158;96;99;land;false;low_urban;4
12347;138;124;159;land;false;low_urban;4
12348;0;161;171;land;false;low_urban;4
12349;12;27;27;land;false;urban;4
12350;192;179;99;land;false;industrial;4
12351;97;46;124;land;false;urban;4
12352;4;229;205;land;false;low_urban;4
12353;178;24;55;land;false;urban;4
12354;101;79;173;land;false;low_urban;4
12355;196;172;190;land;false;hills;4
12356;21;78;117;land;false;plains;4
12357;211;126;88;land;false;plains;4
12358;10;26;199;land;false;plains;4
12359;219;66;217;land;false;plains;4
12360;141;49;248;land;false;plains;4
12361;48;68;171;land;false;low_urban;4
12362;151;12;55;land;false;plains;4
12363;125;76;176;land;false;forest;4
12364;141;1;60;land;false;low_urban;4
12365;113;41;246;land;false;industrial;4
12366;137;235;119;land;false;plains;4
12367;110;175;129;land;false;low_urban;4
12368;111;211;86;land;false;plains;4
12369;39;147;244;land;false;low_urban;4
12370;248;203;20;land;false;forest;4
12371;121;221;29;land;false;plains;4
12372;215;105;240;land;false;plains;4
12373;97;186;45;land;false;plains;4
12374;108;171;151;land;false;plains;4
12375;190;1;204;land;false;forest;4
12376;233;188;226;land;false;plains;4
12377;149;81;239;land;false;plains;4
12378;90;52;45;land;false;hills;4
12379;223;221;125;land;false;hills;4
12380;215;248;200;land;false;low_urban;4
12381;9;188;34;land;false;hills;4
12382;131;231;15;land;false;hills;4
12383;10;84;161;land;false;hills;4
12384;239;145;188;land;false;hills;4
12385;230;96;100;land;false;hills;4
12386;52;156;52;land;false;hills;4
12387;218;140;94;land;false;hills;4
12388;100;209;211;land;false;hills;4
12389;237;162;77;land;false;hills;4
12390;156;231;62;land;false;hills;4
12391;182;249;55;land;false;hills;4
12392;192;37;49;land;false;hills;4
12393;56;91;221;land;false;hills;4
12394;129;162;195;land;false;hills;4
12395;113;83;223;land;false;hills;4
12396;171;187;97;land;false;hills;4
12397;231;163;44;land;false;plains;4
12398;85;71;134;land;false;hills;4
12399;226;247;85;land;false;hills;4
12400;25;7;168;land;false;hills;4
12401;39;39;186;land;false;plains;4
12402;131;231;174;land;false;hills;4
12403;160;80;169;land;false;hills;4
12404;56;114;219;land;false;plains;4
12405;53;173;219;land;false;plains;4
12406;143;145;39;land;false;plains;4
12407;207;21;127;land;false;plains;4
12408;182;13;42;land;false;plains;4
12409;231;135;224;land;false;plains;4
12410;48;241;30;land;false;plains;4
12411;114;237;251;land;false;low_urban;4
12412;199;163;93;land;false;low_urban;4
12413;173;197;132;land;false;hills;4
12414;148;72;147;land;false;low_urban;4
12415;27;125;158;land;false;industrial;4
12416;101;142;84;land;false;low_urban;4
12417;151;202;99;land;false;urban;4
12418;217;172;93;land;false;plains;4
12419;246;84;172;land;false;plains;4
12420;223;96;24;land;false;low_urban;4
12421;113;73;177;land;false;plains;4
12422;152;110;61;land;false;plains;4
12423;174;149;80;land;false;plains;4
12424;15;4;177;land;false;plains;4
12425;172;84;74;land;false;low_urban;4
12426;187;239;127;land;false;forest;4
12427;121;171;65;land;false;forest;4
12428;230;44;132;land;false;plains;4
12429;140;135;160;land;false;plains;4
12430;157;194;130;sea;false;ocean;0
12431;176;21;14;land;false;plains;4
12432;162;103;88;land;false;forest;4
12433;127;253;209;land;false;plains;4
12434;222;221;55;land;false;plains;4
12435;236;113;250;land;false;plains;4
12436;7;35;240;land;false;low_urban;4
12437;178;140;112;land;false;hills;4
12438;92;110;96;land;false;hills;4
12439;187;243;6;land;false;plains;4
12440;216;122;138;land;false;hills;4
12441;42;38;145;land;false;plains;4
12442;20;81;109;land;false;plains;4
12443;11;124;156;land;false;plains;4
12444;94;224;27;land;false;plains;4
12445;3;190;16;land;false;plains;4
12446;163;157;177;land;false;plains;4
12447;194;203;218;land;false;plains;4
12448;13;45;16;land;false;forest;4
12449;225;209;181;land;false;plains;4
12450;210;195;115;land;false;forest;4
12451;175;196;113;land;false;plains;4
12452;129;38;174;land;false;forest;4
12453;200;237;40;land;false;forest;4
12454;184;48;106;land;false;low_urban;4
12455;25;233;38;land;false;plains;4
12456;97;238;158;land;false;forest;4
12457;175;254;221;land;false;forest;4
12458;156;179;117;land;false;forest;4
12459;109;117;17;land;false;forest;4
12460;20;120;117;land;false;plains;4
12461;33;29;176;land;false;plains;4
12462;202;9;225;land;false;plains;4
12463;236;25;37;land;false;forest;4
12464;79;121;121;land;false;forest;4
12465;74;102;226;land;false;forest;4
12466;19;113;74;land;false;plains;4
12467;154;126;112;land;false;forest;4
12468;54;98;191;land;false;forest;4
12469;95;116;50;land;false;forest;4
12470;83;244;36;land;false;forest;4
12471;49;14;203;land;false;forest;4
12472;31;76;143;land;false;forest;4
12473;250;90;191;land;false;forest;4
12474;163;156;124;land;false;plains;4
12475;13;169;185;land;false;forest;4
12476;218;77;148;land;false;forest;4
12477;111;177;57;land;false;forest;4
12478;185;190;59;land;false;plains;4
12479;221;176;49;land;false;plains;4
12480;227;234;194;land;false;plains;4
12481;141;138;150;land;false;plains;4
12482;172;56;49;land;false;plains;4
12483;38;221;183;land;false;plains;4
12484;68;184;73;land;false;plains;4
12485;106;64;188;land;false;plains;4
12486;101;215;40;land;false;forest;4
12487;175;182;79;land;false;plains;4
12488;181;59;158;land;false;forest;4
12489;251;235;27;land;false;forest;4
12490;216;186;51;land;false;plains;4
12491;68;169;185;land;false;forest;4
12492;5;24;120;land;false;plains;4
12493;53;222;32;land;false;plains;4
12494;106;135;199;land;false;plains;4
12495;17;124;80;land;false;plains;4
12496;194;51;97;land;false;plains;4
12497;13;120;2;land;false;low_urban;4
12498;138;0;168;land;false;plains;4
12499;168;97;243;land;false;plains;4
12500;223;55;170;land;false;plains;4
12501;207;130;75;land;false;low_urban;4
12502;128;5;208;land;false;plains;4
12503;223;124;91;land;false;forest;4
12504;38;113;19;land;false;hills;4
12505;39;242;34;land;false;hills;4
12506;9;194;44;land;false;hills;4
12507;157;90;124;land;false;hills;4
12508;25;244;109;land;false;plains;4
12509;52;43;17;land;false;forest;4
12510;156;168;81;land;false;plains;4
12511;105;149;64;land;false;plains;4
12512;113;97;119;land;false;hills;4
12513;169;205;221;land;false;plains;4
12514;252;33;133;land;false;hills;4
12515;62;44;248;land;false;plains;4
12516;248;14;241;land;false;plains;4
12517;21;50;88;land;false;plains;4
12518;12;196;194;land;false;plains;4
12519;117;174;187;land;false;low_urban;4
12520;9;243;21;land;false;plains;4
12521;178;39;217;land;false;plains;4
12522;180;126;65;land;false;plains;4
12523;226;239;210;land;false;plains;4
12524;227;236;172;land;false;forest;4
12525;57;30;36;land;false;forest;4
12526;32;186;114;land;false;forest;4
12527;248;122;131;land;false;plains;4
12528;112;231;213;land;false;forest;4
12529;129;181;93;land;false;plains;4
12530;79;166;192;land;false;plains;4
12531;188;184;33;land;false;plains;4
12532;251;188;70;land;false;forest;4
12533;64;140;123;land;false;forest;4
12534;193;46;111;land;false;forest;4
12535;52;71;6;land;false;low_urban;4
12536;157;208;233;land;false;low_urban;4
12537;182;245;199;land;false;low_urban;4
12538;175;198;79;land;false;forest;4
12539;55;121;20;land;false;forest;4
12540;204;110;28;land;false;forest;4
12541;151;226;40;land;false;plains;4
12542;196;30;20;land;false;forest;4
12543;61;26;180;land;false;plains;4
12544;8;115;96;land;false;forest;4
12545;163;114;250;land;false;plains;4
12546;8;11;10;land;false;forest;4
12547;7;191;71;land;false;forest;4
12548;24;35;131;land;false;forest;4
12549;146;90;22;land;false;forest;4
12550;160;18;131;land;false;forest;4
12551;191;217;179;land;false;low_urban;4
12552;233;80;46;land;false;plains;4
12553;186;18;154;land;false;plains;4
12554;151;130;121;land;false;forest;4
12555;93;230;197;land;false;plains;4
12556;157;74;78;land;false;plains;4
12557;85;87;97;land;false;plains;4
12558;230;62;164;land;false;forest;4
12559;104;177;223;land;false;forest;4
12560;142;49;60;land;false;forest;4
12561;252;145;177;land;false;plains;4
12562;135;73;4;land;false;plains;4
12563;74;24;211;land;false;plains;4
12564;119;105;143;land;false;plains;4
12565;234;144;246;land;false;forest;4
12566;19;186;234;land;false;forest;4
12567;88;209;34;land;false;low_urban;4
12568;42;185;181;land;false;industrial;4
12569;85;253;141;land;false;low_urban;4
12570;236;172;5;land;false;forest;4
12571;58;9;145;land;false;plains;4
12572;34;234;174;land;false;plains;4
12573;128;86;137;land;false;forest;4
12574;151;224;238;land;true;plains;4
12575;245;204;254;land;false;plains;4
12576;69;222;106;land;false;forest;4
12577;72;111;24;land;false;forest;4
12578;35;203;10;land;false;forest;4
12579;146;39;10;land;false;forest;4
12580;241;225;196;land;false;forest;4
12581;136;224;220;land;false;forest;4
12582;43;205;24;land;false;plains;4
12583;84;222;133;land;false;plains;4
12584;219;193;139;land;true;plains;4
12585;119;161;215;land;true;plains;4
12586;127;55;206;land;false;forest;4
12587;229;93;22;land;true;urban;4
12588;217;85;146;land;false;forest;4
12589;6;109;148;land;false;forest;4
12590;131;217;54;land;false;forest;4
12591;128;196;85;land;false;forest;4
12592;123;108;3;land;false;forest;4
12593;229;167;153;land;false;plains;4
12594;114;133;114;land;false;low_urban;4
12595;182;197;106;land;false;forest;4
12596;6;242;56;land;false;forest;4
12597;236;118;129;land;false;forest;4
12598;18;128;1;land;false;forest;4
12599;122;83;39;land;true;low_urban;4
12600;179;143;138;land;true;plains;4
12601;52;125;230;land;true;plains;4
12602;148;166;78;land;false;forest;4
12603;138;15;208;land;false;plains;4
12604;240;187;173;land;false;plains;4
12605;137;8;128;land;false;plains;4
12606;254;238;86;land;false;plains;4
12607;88;164;106;land;false;forest;4
12608;214;207;117;land;true;plains;4
12609;59;172;19;land;false;plains;4
12610;225;112;39;land;false;forest;4
12611;97;2;190;land;false;plains;4
12612;15;88;13;land;false;plains;4
12613;5;240;173;land;true;plains;4
12614;21;100;92;land;false;plains;4
12615;213;180;34;land;true;plains;4
12616;210;109;32;land;false;plains;4
12617;155;23;37;land;false;plains;4
12618;247;201;36;land;false;plains;4
12619;122;181;144;land;false;plains;4
12620;37;198;165;land;false;plains;4
12621;156;85;124;land;false;low_urban;4
12622;89;160;149;land;false;forest;4
12623;52;48;84;land;false;plains;4
12624;99;73;158;land;false;plains;4
12625;139;29;196;land;false;forest;4
12626;216;219;160;land;false;marsh;4
12627;72;3;212;land;false;plains;4
12628;31;252;104;land;false;plains;4
12629;52;198;33;land;false;forest;4
12630;67;75;87;land;false;forest;4
12631;16;231;148;land;false;plains;4
12632;72;216;185;land;false;plains;4
12633;73;199;202;land;false;industrial;4
12634;91;196;159;land;false;forest;4
12635;97;53;201;land;false;forest;4
12636;84;0;190;land;false;forest;4
12637;186;15;46;land;false;forest;4
12638;100;82;136;land;false;desert;4
12639;69;178;83;land;false;forest;4
12640;78;214;181;land;false;plains;4
12641;50;13;17;land;false;forest;4
12642;217;248;96;land;false;plains;4
12643;126;83;16;land;false;plains;4
12644;33;29;18;land;false;low_urban;4
12645;67;213;168;land;false;forest;4
12646;253;140;90;land;false;plains;4
12647;7;83;226;land;false;forest;4
12648;10;128;185;land;false;forest;4
12649;103;56;141;land;false;forest;4
12650;38;46;170;land;false;low_urban;4
12651;39;47;171;land;false;forest;1
12652;213;142;143;land;false;plains;1
12653;64;234;239;land;false;plains;1
12654;31;248;244;land;false;plains;1
12655;255;70;16;land;true;plains;3
12656;237;232;26;land;false;forest;3
12657;145;87;166;land;false;plains;3
12658;218;128;244;land;false;plains;3
12659;238;235;75;land;false;plains;3
12660;242;242;171;land;false;plains;3
12661;215;51;248;land;false;plains;3
12662;127;51;126;land;false;plains;3
12663;29;186;84;land;false;plains;3
12664;213;118;45;land;false;plains;3
12665;2;116;170;land;false;low_urban;3
12666;128;67;127;land;false;low_urban;3
12667;36;180;60;land;false;plains;3
12668;159;182;142;land;false;plains;3
12669;19;152;204;land;false;plains;3
12670;91;209;61;land;false;plains;3
12671;224;231;80;land;false;plains;3
12672;144;119;59;land;false;plains;3
12673;191;212;70;land;false;plains;3
12674;218;89;33;land;false;plains;3
12675;6;179;218;land;false;plains;3
12676;203;56;54;land;false;plains;3
12677;30;41;246;land;false;plains;3
12678;112;248;202;land;false;plains;3
12679;99;16;93;land;true;forest;3
12680;43;252;12;land;true;plains;3
12681;65;3;161;land;false;plains;3
12682;56;191;227;land;false;plains;3
12683;54;60;34;land;true;forest;3
12684;62;100;238;land;false;plains;3
12685;131;147;34;land;false;low_urban;3
12686;138;202;43;land;false;plains;3
12687;195;15;37;land;false;plains;3
12688;130;30;89;land;false;plains;3
12689;140;147;221;land;false;plains;3
12690;108;249;58;land;false;plains;3
12691;33;112;223;land;false;forest;3
12692;145;16;165;land;false;plains;3
12693;147;220;159;land;false;plains;3
12694;232;240;46;land;false;plains;3
12695;156;78;113;land;false;plains;3
12696;153;94;250;land;false;plains;3
12697;151;152;239;land;false;plains;3
12698;110;201;210;land;false;plains;3
12699;19;29;207;land;false;forest;3
12700;142;201;175;land;false;forest;3
12701;23;147;139;land;false;forest;3
12702;71;186;135;land;false;forest;1
12703;236;161;25;land;false;urban;3
12704;250;192;16;land;false;plains;3
12705;202;40;55;land;false;hills;3
12706;78;192;128;land;false;plains;3
12707;243;107;193;land;false;plains;3
12708;220;179;175;land;false;plains;3
12709;32;178;194;land;false;plains;3
12710;33;31;33;land;false;forest;3
12711;37;142;4;land;false;plains;3
12712;127;111;95;land;false;plains;3
12713;237;248;169;land;false;plains;3
12714;7;109;45;land;false;plains;3
12715;140;8;226;land;false;plains;3
12716;176;56;157;land;false;hills;3
12717;24;195;213;land;false;hills;3
12718;195;3;105;land;false;plains;3
12719;1;52;223;land;false;marsh;3
12720;106;243;151;land;false;hills;3
12721;253;2;178;land;false;plains;3
12722;129;251;38;land;false;hills;3
12723;240;119;243;land;false;hills;3
12724;96;25;56;land;false;mountain;3
12725;6;190;175;land;false;hills;3
12726;135;116;114;land;false;plains;3
12727;91;228;68;land;false;plains;3
12728;99;190;227;land;false;mountain;3
12729;182;158;94;land;false;mountain;3
12730;204;207;223;land;false;hills;3
12731;254;0;42;land;false;mountain;3
12732;42;243;35;land;false;mountain;3
12733;20;65;132;land;false;mountain;3
12734;233;205;14;land;false;hills;3
12735;26;100;236;land;false;hills;3
12736;58;119;64;land;false;urban;3
12737;75;129;118;land;false;mountain;3
12738;245;51;112;land;false;hills;3
12739;207;15;183;land;false;mountain;3
12740;132;78;242;land;false;hills;3
12741;178;34;165;land;false;hills;3
12742;173;245;125;land;false;hills;3
12743;169;79;19;land;false;mountain;3
12744;96;196;186;land;false;mountain;3
12745;22;196;173;land;false;mountain;3
12746;160;66;107;land;false;mountain;3
12747;103;35;113;land;false;mountain;3
12748;227;170;45;land;false;mountain;3
12749;40;27;181;land;false;low_urban;3
12750;35;144;178;land;false;mountain;3
12751;143;75;68;land;false;low_urban;3
12752;29;254;220;land;false;low_urban;3
12753;134;45;161;land;false;plains;3
12754;181;246;94;land;false;low_urban;3
12755;144;122;244;land;false;low_urban;3
12756;168;206;191;land;true;low_urban;3
12757;103;243;32;land;false;low_urban;3
12758;215;54;202;land;true;urban;3
12759;153;202;128;land;false;low_urban;3
12760;176;33;141;land;false;urban;3
12761;135;239;196;land;true;forest;3
12762;34;209;145;land;true;plains;3
12763;11;1;253;land;true;forest;3
12764;226;173;140;land;false;urban;3
12765;103;210;35;land;false;low_urban;3
12766;146;160;155;land;false;industrial;3
12767;226;139;57;land;true;low_urban;3
12768;49;132;199;land;true;low_urban;3
12769;247;243;183;land;false;low_urban;3
12770;93;135;33;land;true;low_urban;3
12771;84;85;81;land;false;low_urban;3
12772;142;221;118;land;false;low_urban;3
12773;85;150;218;land;false;low_urban;3
12774;66;67;70;land;true;urban;3
12775;195;190;38;land;false;plains;4
12776;113;233;59;land;false;low_urban;3
12777;229;4;70;land;false;urban;3
12778;37;13;151;land;false;urban;3
12779;223;106;194;land;false;low_urban;3
12780;71;88;15;land;true;marsh;3
12781;7;251;119;land;false;low_urban;3
12782;115;45;242;land;false;urban;3
12783;37;205;0;land;false;low_urban;3
12784;194;196;110;land;false;low_urban;3
12785;29;132;85;land;false;plains;3
12786;29;32;169;land;false;plains;3
12787;115;110;160;land;false;forest;3
12788;83;245;20;land;false;low_urban;3
12789;64;168;55;land;false;low_urban;3
12790;164;68;171;land;true;urban;3
12791;118;6;64;land;false;low_urban;3
12792;10;40;171;land;false;plains;4
12793;7;247;102;land;false;plains;4
12794;239;135;114;land;false;low_urban;3
12795;213;113;142;land;false;low_urban;3
12796;226;170;226;land;true;plains;3
12797;18;196;61;land;false;forest;3
12798;237;126;24;land;true;low_urban;3
12799;35;0;105;land;false;urban;3
12800;154;211;114;land;true;urban;3
12801;89;234;27;land;false;low_urban;3
12802;143;56;129;land;false;urban;3
12803;192;144;230;land;false;plains;3
12804;215;171;243;land;false;forest;3
12805;246;88;128;land;false;plains;3
12806;187;73;151;land;true;plains;3
12807;216;220;104;land;false;plains;3
12808;211;180;31;land;false;plains;3
12809;9;109;137;land;false;plains;3
12810;122;219;76;land;false;plains;3
12811;237;5;174;land;false;plains;3
12812;97;242;154;land;false;forest;3
12813;90;43;252;land;false;plains;3
12814;168;212;159;land;false;plains;3
12815;191;189;49;land;false;plains;3
12816;48;171;140;land;false;hills;3
12817;112;123;71;land;false;hills;3
12818;178;1;112;land;false;low_urban;3
12819;243;136;41;land;false;hills;3
12820;115;17;86;land;false;mountain;3
12821;147;2;248;land;false;mountain;3
12822;219;205;209;land;false;plains;3
12823;179;243;7;land;false;plains;3
12824;2;113;30;land;false;plains;3
12825;204;71;5;land;false;forest;3
12826;223;193;69;land;false;hills;3
12827;95;68;219;land;false;hills;3
12828;232;145;3;land;false;plains;3
12829;190;114;8;land;false;plains;3
12830;179;151;140;land;false;plains;3
12831;176;7;179;land;false;hills;3
12832;15;49;230;land;false;plains;3
12833;116;186;233;land;false;plains;3
12834;55;151;29;land;false;hills;3
12835;242;185;31;land;false;hills;3
12836;63;59;36;land;false;mountain;3
12837;133;138;44;land;false;hills;3
12838;152;37;71;land;false;mountain;3
12839;126;106;222;land;false;hills;3
12840;58;13;118;land;false;mountain;3
12841;44;202;190;land;false;hills;3
12842;154;224;21;land;false;mountain;3
12843;44;54;17;land;false;hills;3
12844;4;136;108;land;false;hills;3
12845;95;250;221;land;false;hills;3
12846;125;121;75;land;false;low_urban;3
12847;39;201;132;land;false;urban;3
12848;6;107;189;land;false;mountain;3
12849;46;161;247;land;false;mountain;3
12850;93;15;131;land;false;hills;3
12851;26;250;66;land;false;hills;3
12852;246;133;85;land;false;plains;3
12853;205;50;42;land;false;low_urban;3
12854;194;221;23;land;false;low_urban;3
12855;17;43;6;land;false;plains;3
12856;138;165;205;land;false;plains;3
12857;89;199;0;land;false;hills;3
12858;220;135;1;land;false;low_urban;3
12859;69;62;215;land;false;plains;3
12860;181;44;161;land;false;plains;3
12861;219;250;55;land;false;plains;3
12862;87;205;70;land;false;plains;3
12863;205;87;202;land;false;plains;3
12864;236;38;173;land;false;low_urban;3
12865;79;74;170;land;false;low_urban;3
12866;253;141;129;land;false;low_urban;3
12867;186;217;240;land;false;plains;3
12868;157;17;87;land;false;plains;3
12869;226;12;194;land;false;hills;3
12870;38;237;71;land;false;hills;3
12871;185;21;223;land;false;plains;3
12872;233;141;73;land;false;hills;3
12873;99;73;14;land;false;plains;3
12874;26;175;200;land;false;hills;3
12875;81;47;17;land;false;plains;3
12876;253;239;139;land;false;hills;3
12877;43;237;179;land;false;low_urban;3
12878;128;44;244;land;false;mountain;3
12879;176;179;239;land;false;hills;3
12880;98;50;247;land;false;low_urban;3
12881;208;226;241;land;false;low_urban;3
12882;40;27;76;land;false;low_urban;3
12883;224;157;76;land;false;forest;3
12884;147;132;236;land;false;forest;3
12885;28;8;19;land;false;low_urban;3
12886;94;52;218;land;false;plains;3
12887;229;8;205;land;false;plains;3
12888;184;208;117;land;false;plains;3
12889;104;152;149;land;false;hills;3
12890;183;26;185;land;false;plains;3
12891;64;93;134;land;false;plains;3
12892;4;204;60;land;false;plains;3
12893;230;245;79;land;false;plains;3
12894;205;120;134;land;false;plains;3
12895;124;226;115;land;false;plains;3
12896;195;189;180;land;false;plains;3
12897;55;228;249;land;false;low_urban;3
12898;123;194;161;land;false;plains;3
12899;188;158;45;land;false;plains;3
12900;155;199;59;land;false;plains;3
12901;57;95;35;land;false;plains;3
12902;249;16;242;land;false;plains;3
12903;125;72;59;land;false;plains;3
12904;199;63;161;land;false;plains;3
12905;31;112;70;land;false;plains;3
12906;16;159;133;land;false;plains;3
12907;162;229;247;land;false;plains;3
12908;23;165;66;land;false;plains;3
12909;71;88;246;land;false;plains;3
12910;152;117;165;land;false;plains;3
12911;177;9;222;land;false;forest;3
12912;251;45;172;land;false;plains;3
12913;36;89;121;land;false;plains;3
12914;204;195;96;land;false;plains;3
12915;87;41;232;land;false;plains;3
12916;65;161;29;land;false;plains;3
12917;1;161;149;land;false;plains;3
12918;103;215;164;land;false;plains;3
12919;1;179;41;land;false;forest;3
12920;148;124;184;land;false;plains;3
12921;240;19;253;land;false;plains;3
12922;240;99;39;land;false;plains;3
12923;243;28;47;land;false;plains;3
12924;133;116;233;land;true;forest;3
12925;169;24;17;land;true;plains;3
12926;168;170;39;land;false;plains;3
12927;63;62;127;land;true;plains;3
12928;251;118;193;land;false;forest;3
12929;240;74;64;land;false;plains;3
12930;240;242;209;land;false;plains;3
12931;215;209;112;land;false;plains;3
12932;106;160;86;land;false;forest;3
12933;224;117;216;land;false;plains;3
12934;7;222;5;land;false;plains;3
12935;43;187;149;land;false;plains;3
12936;0;236;57;land;false;plains;3
12937;70;134;11;land;false;plains;3
12938;210;82;26;land;false;plains;3
12939;19;53;212;land;false;plains;3
12940;232;131;239;land;false;plains;3
12941;64;190;79;land;false;plains;3
12942;137;166;65;land;false;plains;3
12943;231;213;79;land;false;plains;3
12944;155;229;205;land;false;plains;3
12945;171;248;147;land;false;plains;3
12946;65;200;152;land;false;plains;3
12947;51;149;95;land;false;low_urban;3
12948;44;41;246;land;false;plains;3
12949;148;115;144;land;false;plains;3
12950;186;122;103;land;false;plains;3
12951;229;25;51;land;false;forest;3
12952;20;147;172;land;false;forest;3
12953;224;238;49;land;false;plains;3
12954;159;5;40;land;false;plains;3
12955;77;13;49;land;false;plains;3
12956;34;164;200;land;false;plains;3
12957;32;17;178;land;false;forest;3
12958;177;84;187;land;false;plains;3
12959;232;199;63;land;false;plains;3
12960;147;146;245;land;false;plains;3
12961;62;139;186;land;false;forest;3
12962;134;161;244;land;false;forest;3
12963;42;92;4;land;false;forest;3
12964;74;191;19;land;false;marsh;3
12965;122;89;103;land;false;marsh;3
12966;13;176;154;land;false;forest;3
12967;111;227;33;land;false;forest;3
12968;210;252;64;land;false;plains;3
12969;2;246;218;land;false;plains;3
12970;201;187;88;land;false;marsh;1
12971;17;101;70;land;false;plains;3
12972;150;25;246;land;false;plains;3
12973;155;112;134;land;false;forest;1
12974;200;202;97;land;false;forest;1
12975;62;10;179;land;false;plains;1
12976;190;50;33;land;false;plains;1
12977;178;80;99;land;false;forest;1
12978;201;51;205;land;false;plains;1
12979;84;90;80;land;false;plains;1
12980;41;42;79;land;false;plains;3
12981;224;53;217;land;false;forest;3
12982;215;249;16;land;false;forest;3
12983;39;250;73;land;false;low_urban;3
12984;119;225;78;land;false;plains;3
12985;183;207;167;land;false;plains;3
12986;88;174;60;land;false;plains;3
12987;23;94;110;land;false;plains;3
12988;207;197;124;land;true;forest;3
12989;229;97;148;land;true;plains;3
12990;35;3;39;land;false;forest;3
12991;223;71;133;land;true;forest;3
12992;11;121;253;land;false;forest;3
12993;225;14;209;land;false;forest;3
12994;44;182;188;land;false;plains;3
12995;17;33;84;land;false;forest;3
12996;117;58;249;land;false;plains;3
12997;27;215;126;land;false;plains;3
12998;30;3;73;land;true;plains;3
12999;218;166;213;land;false;plains;3
13000;168;222;95;land;false;forest;3
13001;84;152;103;land;false;plains;3
13002;88;12;38;land;false;forest;3
13003;169;224;87;land;false;low_urban;3
13004;152;210;178;land;false;plains;3
13005;11;0;236;land;false;plains;3
13006;79;172;113;land;false;plains;3
13007;233;139;165;land;true;forest;3
13008;234;1;6;land;false;plains;3
13009;144;204;19;land;false;plains;3
13010;32;219;71;land;false;plains;3
13011;51;81;244;land;true;plains;3
13012;238;94;74;land;true;plains;3
13013;27;226;93;land;true;plains;3
13014;7;211;127;land;false;forest;3
13015;188;126;29;land;false;plains;3
13016;150;48;197;land;false;plains;3
13017;251;10;202;land;false;plains;3
13018;101;51;142;land;false;plains;3
13019;96;131;43;land;false;plains;3
13020;187;114;131;land;false;forest;3
13021;247;74;198;land;false;forest;3
13022;87;123;68;land;false;plains;3
13023;210;135;144;land;false;plains;3
13024;99;27;180;land;false;plains;3
13025;205;56;226;land;false;plains;3
13026;194;107;67;land;false;forest;3
13027;225;137;113;land;false;forest;3
13028;17;168;164;land;true;plains;3
13029;50;84;117;land;true;forest;3
13030;102;248;221;land;true;plains;3
13031;70;101;68;land;true;plains;3
13032;23;251;248;land;false;forest;3
13033;224;225;124;land;false;forest;3
13034;43;43;3;land;false;forest;3
13035;221;137;67;land;false;urban;3
13036;216;203;104;land;false;forest;3
13037;53;187;75;land;false;forest;3
13038;110;121;1;land;false;plains;3
13039;231;71;70;land;false;forest;3
13040;226;213;220;land;false;forest;3
13041;173;142;194;land;true;plains;3
13042;54;183;212;land;true;forest;3
13043;58;42;50;land;true;low_urban;3
13044;243;181;240;land;true;industrial;3
13045;200;95;157;land;false;plains;3
13046;190;168;83;land;true;plains;3
13047;74;138;254;land;false;plains;3
13048;212;234;100;land;true;plains;3
13049;2;49;51;land;true;plains;3
13050;153;228;131;land;false;plains;3
13051;107;210;143;land;false;plains;3
13052;13;198;218;land;false;plains;3
13053;160;66;226;land;true;plains;3
13054;134;172;135;land;true;plains;3
13055;107;41;97;land;false;forest;3
13056;0;144;114;land;false;forest;3
13057;228;58;110;land;true;plains;3
13058;121;167;47;land;true;forest;3
13059;106;33;81;land;true;plains;3
13060;208;89;119;land;true;plains;3
13061;148;80;178;land;false;plains;3
13062;170;70;244;land;false;urban;3
13063;187;100;61;land;false;plains;3
13064;161;191;223;land;false;plains;3
13065;228;70;157;land;false;forest;3
13066;135;35;230;land;false;plains;3
13067;86;215;244;land;false;forest;3
13068;175;190;178;land;false;plains;3
13069;253;234;94;land;false;plains;3
13070;248;225;71;land;false;plains;3
13071;241;132;98;land;false;plains;3
13072;147;166;102;land;false;plains;3
13073;84;135;122;land;false;plains;3
13074;24;38;194;land;false;plains;3
13075;201;156;235;land;false;plains;3
13076;210;24;144;land;false;plains;3
13077;205;78;200;land;false;forest;3
13078;47;180;39;land;false;marsh;3
13079;202;245;213;land;false;plains;3
13080;224;109;85;land;false;plains;3
13081;87;209;60;land;false;low_urban;3
13082;191;139;43;land;false;plains;3
13083;222;70;38;land;false;plains;3
13084;92;10;90;land;false;plains;3
13085;154;22;2;land;false;forest;3
13086;38;199;118;land;false;forest;3
13087;26;69;82;land;false;plains;3
13088;7;154;70;land;false;forest;3
13089;60;31;186;land;false;forest;3
13090;66;54;235;land;false;forest;3
13091;115;65;93;land;false;forest;3
13092;43;82;81;land;false;plains;3
13093;196;186;49;land;false;plains;3
13094;129;231;156;land;true;plains;3
13095;196;169;237;land;false;plains;3
13096;205;11;19;land;false;forest;3
13097;213;133;97;land;false;plains;3
13098;247;60;69;land;false;plains;3
13099;110;167;23;land;false;plains;3
13100;102;223;104;land;false;plains;3
13101;63;7;48;land;false;plains;3
13102;143;141;179;land;false;plains;3
13103;215;50;150;land;false;plains;3
13104;80;213;151;land;false;plains;3
13105;92;0;213;land;false;plains;3
13106;135;38;185;land;false;plains;3
13107;141;160;160;land;false;plains;3
13108;171;154;224;land;false;plains;3
13109;130;224;74;land;false;plains;3
13110;185;221;82;land;false;hills;3
13111;247;215;54;land;false;hills;3
13112;228;93;240;land;false;hills;3
13113;254;127;198;land;false;plains;3
13114;87;51;221;land;false;low_urban;3
13115;5;36;86;land;false;plains;3
13116;71;202;138;land;false;hills;3
13117;33;172;114;land;false;plains;3
13118;36;65;155;land;false;plains;3
13119;14;173;101;land;false;plains;3
13120;79;84;27;land;false;plains;3
13121;192;232;103;land;false;plains;3
13122;37;195;184;land;false;plains;3
13123;238;223;17;land;false;hills;3
13124;199;84;66;land;false;forest;3
13125;110;75;7;land;false;plains;3
13126;99;205;134;land;false;plains;3
13127;130;145;188;land;false;plains;3
13128;187;91;224;land;false;plains;3
13129;117;89;143;land;false;plains;3
13130;183;105;88;land;false;plains;3
13131;250;225;107;land;false;plains;3
13132;146;85;86;land;false;plains;3
13133;212;25;40;land;false;forest;3
13134;48;4;185;land;false;plains;3
13135;168;50;233;land;false;plains;3
13136;175;198;65;land;false;plains;3
13137;247;202;192;land;false;plains;3
13138;37;243;89;land;false;plains;3
13139;58;201;227;land;false;plains;3
13140;122;53;124;land;false;plains;3
13141;233;217;165;land;false;plains;3
13142;208;204;173;land;false;hills;3
13143;184;135;242;land;false;plains;3
13144;54;67;33;land;false;plains;3
13145;24;232;31;land;false;plains;3
13146;100;248;58;land;false;plains;3
13147;100;57;136;land;false;plains;3
13148;173;222;150;land;false;plains;3
13149;249;101;23;land;false;hills;3
13150;252;64;9;land;false;plains;3
13151;160;161;210;land;false;plains;3
13152;152;177;20;land;false;hills;3
13153;195;217;249;land;false;hills;3
13154;177;147;174;land;false;plains;3
13155;58;227;19;land;false;hills;3
13156;85;165;36;land;false;plains;3
13157;172;139;144;land;false;plains;3
13158;9;96;81;land;false;plains;3
13159;166;11;206;land;false;plains;3
13160;111;58;150;land;false;low_urban;3
13161;238;145;227;land;false;hills;3
13162;209;142;252;land;false;plains;3
13163;136;61;130;land;false;hills;3
13164;38;158;203;land;false;mountain;3
13165;134;23;9;land;false;hills;3
13166;126;145;206;land;false;hills;3
13167;239;238;152;land;false;mountain;3
13168;121;127;94;land;false;hills;3
13169;137;3;106;land;false;hills;3
13170;94;144;252;land;false;hills;3
13171;38;104;187;land;false;mountain;3
13172;106;207;139;land;false;hills;3
13173;172;17;125;land;false;mountain;3
13174;107;112;36;land;false;hills;3
13175;188;135;253;land;false;mountain;3
13176;151;100;116;land;false;mountain;3
13177;2;97;39;land;false;plains;3
13178;155;180;20;land;false;hills;3
13179;41;75;109;land;false;hills;3
13180;86;25;68;land;false;hills;3
13181;0;158;210;land;false;hills;3
13182;35;129;22;land;false;hills;3
13183;37;201;66;land;false;low_urban;3
13184;137;209;189;land;false;plains;3
13185;12;4;152;land;false;hills;3
13186;32;242;213;land;false;plains;3
13187;235;18;116;land;false;mountain;3
13188;218;95;197;land;false;hills;3
13189;245;135;209;land;false;hills;3
13190;63;70;220;land;false;mountain;3
13191;75;90;64;land;false;hills;3
13192;136;242;220;land;false;low_urban;3
13193;32;29;149;land;false;mountain;3
13194;170;202;223;land;false;hills;3
13195;175;59;55;land;false;hills;3
13196;72;106;77;land;false;mountain;3
13197;57;25;208;land;false;hills;3
13198;242;105;41;land;false;mountain;3
13199;109;16;154;land;false;mountain;3
13200;183;153;140;land;false;mountain;3
13201;9;69;61;land;false;mountain;3
13202;235;244;237;land;false;urban;3
13203;29;199;76;land;false;hills;3
13204;142;144;57;land;false;hills;3
13205;164;230;27;land;false;plains;3
13206;1;42;230;land;false;mountain;3
13207;168;213;249;land;false;mountain;3
13208;248;184;208;land;false;mountain;3
13209;104;165;223;land;false;mountain;3
13210;194;195;27;land;false;plains;3
13211;81;153;134;land;false;plains;3
13212;134;173;8;land;false;low_urban;3
13213;164;31;68;land;false;hills;3
13214;153;139;12;land;false;hills;3
13215;65;210;196;land;false;plains;3
13216;35;209;115;land;false;forest;3
13217;81;233;142;land;false;plains;3
13218;197;253;110;land;false;hills;3
13219;91;213;149;land;false;plains;3
13220;28;181;174;land;false;plains;3
13221;234;217;185;land;false;hills;3
13222;87;235;244;land;false;plains;3
13223;245;230;178;land;false;forest;3
13224;213;61;209;land;false;plains;3
13225;202;228;183;land;false;plains;3
13226;221;217;3;land;false;plains;3
13227;210;158;80;land;false;plains;3
13228;170;12;74;land;false;plains;3
13229;51;24;68;land;false;plains;3
13230;36;166;227;land;false;low_urban;3
13231;137;95;137;land;false;plains;3
13232;35;62;38;land;false;plains;3
13233;46;210;1;land;false;plains;3
13234;120;168;26;land;false;plains;3
13235;224;114;75;land;false;low_urban;3
13236;36;89;5;land;false;hills;3
13237;225;97;97;land;false;hills;3
13238;181;147;156;land;false;plains;3
13239;61;124;172;land;false;plains;3
13240;245;65;47;land;false;plains;3
13241;79;49;213;land;false;plains;3
13242;138;66;64;land;false;plains;3
13243;150;252;34;land;false;plains;3
13244;136;198;177;land;false;plains;3
13245;42;169;35;land;false;plains;3
13246;110;106;184;land;false;forest;3
13247;42;78;48;land;false;forest;3
13248;78;222;40;land;false;plains;3
13249;96;185;67;land;false;forest;3
13250;2;131;105;land;false;plains;3
13251;170;141;149;land;false;plains;3
13252;77;168;130;land;false;plains;3
13253;236;247;11;land;false;plains;3
13254;86;82;110;land;false;plains;3
13255;99;88;146;land;false;forest;3
13256;105;217;140;land;false;plains;3
13257;26;220;224;land;false;low_urban;3
13258;171;77;67;land;false;forest;3
13259;0;251;119;land;false;forest;3
13260;118;133;26;land;false;forest;3
13261;178;83;130;land;false;forest;3
13262;226;165;98;land;false;forest;3
13263;86;17;160;land;false;forest;3
13264;66;108;195;land;false;plains;3
13265;90;112;106;land;false;forest;3
13266;129;91;221;land;false;plains;3
13267;215;122;235;land;false;plains;3
13268;138;188;58;land;false;plains;3
13269;72;241;155;land;false;forest;3
13270;200;31;58;land;false;plains;3
13271;10;115;5;land;false;forest;3
13272;236;75;198;land;false;forest;3
13273;188;114;245;land;false;forest;3
13274;144;62;85;land;false;forest;3
13275;95;254;58;land;false;forest;3
13276;136;138;27;land;false;forest;3
13277;88;60;25;land;false;forest;3
13278;17;224;128;land;false;forest;3
13279;62;149;89;land;false;low_urban;3
13280;80;98;95;land;false;forest;3
13281;17;187;193;land;false;forest;3
13282;158;60;197;land;false;desert;3
13283;41;68;246;land;false;forest;3
13284;12;208;12;land;false;forest;3
13285;181;13;67;land;false;desert;3
13286;44;4;205;land;false;forest;3
13287;130;242;218;land;false;forest;3
13288;126;252;106;land;false;forest;3
13289;1;57;173;land;false;forest;3
13290;225;199;21;land;false;forest;3
13291;168;43;164;land;false;forest;3
13292;6;230;0;land;false;hills;3
13293;190;163;173;land;false;low_urban;3
13294;121;155;134;land;false;desert;3
13295;127;227;154;land;false;desert;3
13296;174;7;228;land;false;industrial;3
13297;139;49;19;land;false;plains;3
13298;104;245;41;land;false;hills;3
13299;119;201;98;land;false;plains;3
13300;59;192;148;land;false;plains;3
13301;91;116;0;land;false;plains;3
13302;86;171;54;land;false;plains;3
13303;224;245;141;land;false;plains;3
13304;92;48;137;land;false;low_urban;3
13305;7;9;63;land;false;plains;3
13306;24;186;33;land;false;hills;3
13307;80;70;68;land;false;plains;3
13308;142;186;170;land;false;plains;3
13309;197;219;174;land;false;forest;3
13310;235;169;250;land;false;forest;3
13311;250;36;67;land;false;forest;3
13312;101;19;227;land;false;forest;3
13313;62;96;231;land;false;plains;3
13314;108;57;208;land;false;plains;3
13315;18;47;65;land;false;forest;3
13316;121;171;143;land;false;plains;3
13317;200;253;17;land;false;plains;3
13318;172;186;54;land;false;forest;3
13319;46;103;84;land;false;forest;3
13320;143;226;241;land;false;forest;3
13321;243;11;126;land;false;forest;3
13322;69;43;37;land;false;forest;3
13323;244;24;105;land;false;forest;3
13324;176;40;30;land;false;forest;3
13325;125;251;161;land;false;forest;3
13326;97;98;216;land;false;forest;3
13327;176;158;221;land;false;forest;3
13328;145;19;195;land;false;plains;3
13329;211;85;239;land;false;plains;3
13330;25;245;199;land;false;forest;3
13331;55;175;214;land;false;forest;3
13332;152;25;142;land;false;forest;3
13333;160;199;211;land;false;forest;3
13334;215;49;20;land;false;forest;3
13335;79;70;251;land;false;forest;3
13336;150;217;130;land;false;forest;3
13337;241;10;142;land;false;forest;3
13338;231;155;76;land;true;forest;3
13339;231;103;117;land;true;forest;3
13340;236;76;59;land;true;industrial;3
13341;234;230;180;land;false;forest;3
13342;35;39;168;land;true;urban;1
13343;26;55;78;land;false;plains;1
13344;72;211;112;land;false;urban;1
13345;44;92;13;land;false;plains;1
13346;20;204;45;land;false;plains;1
13347;121;134;76;land;true;urban;1
13348;44;131;246;land;false;urban;1
13349;129;237;23;land;true;low_urban;1
13350;99;45;97;land;false;urban;1
13351;88;169;209;land;true;low_urban;1
13352;148;165;111;land;false;industrial;1
13353;193;204;245;land;false;plains;1
13354;145;253;160;land;false;low_urban;1
13355;115;80;226;land;false;urban;1
13356;89;160;167;land;false;forest;1
13357;54;240;62;land;false;industrial;1
13358;110;162;142;land;false;forest;1
13359;242;119;207;land;false;low_urban;1
13360;100;201;8;land;true;urban;1
13361;171;114;169;land;false;urban;1
13362;133;53;241;land;false;urban;1
13363;48;154;57;land;true;urban;1
13364;186;24;5;land;false;urban;1
13365;4;164;42;land;false;low_urban;1
13366;217;26;150;land;false;urban;1
13367;62;108;228;land;true;urban;1
13368;239;216;223;land;false;low_urban;1
13369;138;246;122;land;false;forest;1
13370;104;64;205;land;false;industrial;1
13371;113;96;122;land;true;urban;1
13372;141;4;196;land;true;low_urban;1
13373;111;202;37;land;false;urban;1
13374;224;79;145;land;false;low_urban;1
13375;110;104;236;land;false;plains;1
13376;170;33;165;land;false;plains;1
13377;86;28;129;land;false;low_urban;1
13378;125;184;201;land;false;low_urban;1
13379;174;122;45;land;false;urban;1
13380;117;24;250;land;false;urban;1
13381;71;141;219;land;false;low_urban;1
13382;152;43;194;land;false;low_urban;1
13383;94;18;157;land;false;low_urban;1
13384;2;19;110;land;false;forest;1
13385;86;47;201;land;false;low_urban;1
13386;245;185;196;land;false;low_urban;1
13387;63;4;140;land;false;low_urban;1
13388;225;61;17;land;false;urban;1
13389;152;8;143;land;false;low_urban;1
13390;68;72;188;land;false;industrial;1
13391;64;96;41;land;true;low_urban;1
13392;16;8;50;land;false;low_urban;1
13393;174;41;116;land;true;low_urban;1
13394;58;18;22;land;false;forest;1
13395;142;106;59;land;false;low_urban;1
13396;98;237;216;land;false;forest;1
13397;196;89;176;land;false;urban;1
13398;56;230;159;land;false;low_urban;1
13399;159;220;243;land;false;low_urban;1
13400;38;6;104;land;false;plains;1
13401;163;251;151;land;false;industrial;1
13402;183;46;65;land;false;plains;1
13403;170;206;131;land;true;low_urban;1
13404;135;61;114;land;true;low_urban;1
13405;166;109;97;land;false;urban;1
13406;13;54;213;land;false;low_urban;1
13407;231;56;3;land;false;low_urban;1
13408;137;2;105;land;false;plains;1
13409;7;99;52;land;true;forest;1
13410;254;221;147;land;true;low_urban;1
13411;140;216;205;land;true;forest;1
13412;252;99;216;land;true;forest;1
13413;98;242;198;land;true;low_urban;1
13414;247;116;78;land;false;forest;1
13415;54;108;175;land;false;forest;1
13416;13;5;230;land;false;plains;1
13417;129;123;28;land;false;forest;1
13418;205;131;81;land;false;low_urban;1
13419;151;102;231;land;false;low_urban;1
13420;206;218;139;land;false;forest;1
13421;108;229;30;land;true;marsh;1
13422;55;113;1;land;true;marsh;1
13423;7;105;254;land;false;marsh;1
13424;156;148;151;land;false;low_urban;1
13425;203;241;78;land;false;plains;1
13426;150;92;144;land;false;forest;1
13427;9;173;181;land;false;plains;1
13428;207;105;40;land;false;plains;1
13429;98;174;154;land;false;plains;1
13430;198;20;85;land;false;plains;1
13431;116;234;12;land;false;plains;1
13432;202;168;7;land;false;forest;1
13433;215;96;131;land;false;forest;1
13434;251;17;81;land;false;plains;1
13435;213;198;131;land;false;forest;1
13436;181;28;127;land;false;plains;1
13437;65;193;224;land;true;forest;1
13438;93;47;218;land;true;forest;1
13439;203;198;189;land;false;forest;1
13440;166;203;45;land;false;low_urban;1
13441;86;134;202;land;false;low_urban;1
13442;77;99;227;land;false;forest;1
13443;166;190;85;land;false;forest;1
13444;75;60;147;land;false;forest;1
13445;252;19;234;land;false;plains;1
13446;148;176;156;land;false;plains;1
13447;66;187;134;land;false;low_urban;1
13448;223;73;231;land;false;plains;1
13449;130;24;125;land;false;low_urban;1
13450;113;66;108;land;false;plains;1
13451;65;115;51;land;false;forest;1
13452;91;12;215;land;false;plains;1
13453;170;180;66;land;false;low_urban;1
13454;232;146;166;land;false;plains;1
13455;221;13;34;land;false;low_urban;1
13456;59;56;21;land;false;plains;1
13457;186;138;36;land;true;low_urban;1
13458;184;93;130;land;true;low_urban;1
13459;16;227;100;land;false;forest;1
13460;81;91;146;land;false;forest;1
13461;183;112;207;land;false;forest;1
13462;82;81;253;land;true;forest;1
13463;33;16;129;land;false;forest;1
13464;117;29;121;land;false;forest;1
13465;165;84;123;land;false;forest;1
13466;23;187;151;land;false;forest;1
13467;252;214;147;land;false;plains;1
13468;72;7;106;land;false;forest;1
13469;96;204;245;land;false;forest;1
13470;241;238;15;land;false;plains;1
13471;154;110;75;land;false;low_urban;1
13472;60;248;246;land;false;low_urban;1
13473;249;89;133;land;false;low_urban;1
13474;152;51;248;land;false;forest;1
13475;219;23;191;land;false;plains;1
13476;193;67;76;land;false;plains;1
13477;108;120;179;land;false;plains;1
13478;117;251;34;land;false;forest;1
13479;191;233;119;land;false;plains;1
13480;40;103;6;land;false;plains;1
13481;111;59;26;land;false;plains;1
13482;185;100;61;land;false;forest;1
13483;198;238;16;land;false;plains;1
13484;187;196;168;land;false;plains;1
13485;59;198;18;land;false;plains;1
13486;225;44;124;land;false;forest;1
13487;180;69;197;land;false;low_urban;1
13488;44;165;32;land;false;plains;1
13489;200;197;43;land;false;forest;1
13490;200;200;27;land;false;plains;1
13491;250;169;84;land;false;plains;1
13492;149;232;217;land;false;plains;1
13493;15;218;225;land;false;plains;1
13494;150;95;207;land;false;plains;1
13495;52;80;59;land;false;plains;1
13496;92;197;75;land;false;plains;1
13497;53;207;114;land;false;plains;1
13498;76;244;86;land;false;plains;1
13499;98;254;119;land;false;plains;1
13500;93;108;10;land;false;plains;1
13501;43;34;137;land;false;low_urban;1
13502;50;144;7;land;false;plains;1
13503;213;126;40;land;false;forest;1
13504;20;182;196;land;false;forest;1
13505;55;70;66;land;false;low_urban;1
13506;216;180;20;land;false;forest;1
13507;255;7;77;land;false;low_urban;1
13508;83;44;87;land;false;forest;1
13509;43;198;40;land;false;plains;1
13510;111;59;194;land;false;plains;1
13511;64;241;127;land;false;plains;1
13512;125;61;86;land;false;urban;1
13513;122;65;154;land;false;forest;1
13514;72;9;4;land;false;plains;1
13515;48;33;140;land;false;plains;1
13516;99;20;221;land;false;forest;1
13517;243;79;63;land;false;plains;1
13518;233;0;140;land;false;plains;1
13519;230;31;198;land;false;plains;1
13520;176;187;237;land;false;plains;1
13521;194;85;224;land;false;plains;1
13522;133;106;178;land;false;plains;1
13523;191;6;233;land;false;plains;1
13524;43;119;210;land;false;forest;1
13525;235;170;168;land;false;low_urban;1
13526;136;62;208;land;false;urban;1
13527;203;223;103;land;false;forest;1
13528;103;127;178;land;false;forest;1
13529;201;105;251;land;false;forest;1
13530;93;91;51;land;false;forest;1
13531;97;106;253;land;false;plains;1
13532;189;241;25;land;false;plains;1
13533;246;195;114;land;false;plains;1
13534;43;241;32;land;false;plains;1
13535;252;33;52;land;false;plains;1
13536;150;148;30;land;false;plains;1
13537;123;104;231;land;false;plains;1
13538;140;226;149;land;false;plains;1
13539;139;58;137;land;false;plains;1
13540;120;96;87;land;false;low_urban;1
13541;170;158;2;land;false;plains;1
13542;44;200;197;land;false;plains;1
13543;221;57;163;land;false;plains;1
13544;221;215;69;land;false;plains;1
13545;219;244;161;land;false;plains;1
13546;13;66;232;land;false;urban;3
13547;178;129;136;land;false;plains;3
13548;8;167;81;land;false;plains;3
13549;213;29;109;land;false;plains;1
13550;1;146;167;land;false;plains;1
13551;131;242;202;land;false;plains;3
13552;228;41;78;land;false;plains;3
13553;224;25;245;land;false;plains;1
13554;159;20;136;land;false;plains;1
13555;101;202;93;land;false;plains;1
13556;244;201;37;land;false;plains;3
13557;200;159;69;land;false;plains;1
13558;161;197;138;land;false;plains;1
13559;61;186;146;land;false;plains;1
13560;111;111;195;land;false;plains;3
13561;12;232;183;land;false;plains;3
13562;202;123;248;land;false;plains;3
13563;38;205;131;land;false;plains;3
13564;149;130;46;land;false;forest;3
13565;87;113;132;land;false;plains;3
13566;149;28;185;land;false;plains;3
13567;170;47;135;land;false;plains;3
13568;163;227;36;land;false;plains;3
13569;232;147;73;land;true;urban;1
13570;41;14;248;land;true;plains;1
13571;143;66;80;land;true;forest;1
13572;87;166;124;land;false;plains;1
13573;78;193;13;land;false;plains;1
13574;242;28;144;land;false;plains;1
13575;29;61;30;land;false;plains;1
13576;223;232;132;land;false;plains;1
13577;218;210;12;land;false;plains;1
13578;212;160;14;land;false;plains;1
13579;39;180;35;land;false;plains;1
13580;165;108;116;land;false;plains;1
13581;49;83;226;land;false;plains;1
13582;178;139;166;land;false;low_urban;1
13583;20;114;170;land;false;forest;1
13584;123;136;102;land;false;plains;1
13585;177;133;180;land;false;plains;1
13586;77;242;250;land;true;plains;1
13587;114;188;161;land;true;plains;1
13588;223;227;229;land;false;low_urban;1
13589;19;90;230;land;false;plains;1
13590;230;239;31;land;false;plains;1
13591;32;46;30;land;false;low_urban;1
13592;155;5;19;land;false;low_urban;1
13593;206;152;24;land;false;plains;1
13594;0;210;100;land;false;plains;1
13595;237;6;131;land;false;forest;1
13596;73;209;7;land;false;low_urban;1
13597;68;128;57;land;false;forest;1
13598;115;72;159;land;false;low_urban;1
13599;51;147;90;land;false;plains;1
13600;41;186;189;land;true;forest;1
13601;16;30;171;land;false;forest;1
13602;150;136;136;land;true;forest;1
13603;245;56;137;land;true;low_urban;1
13604;200;65;193;land;true;forest;1
13605;81;15;29;land;false;plains;1
13606;94;108;113;land;true;forest;1
13607;115;151;136;land;false;plains;1
13608;186;200;232;land;true;forest;1
13609;129;174;87;land;true;low_urban;1
13610;14;31;75;land;false;forest;1
13611;28;11;207;land;false;plains;1
13612;81;63;22;land;true;plains;1
13613;15;15;20;land;false;plains;1
13614;158;163;176;land;false;plains;1
13615;53;112;175;land;false;plains;1
13616;163;93;116;land;false;plains;1
13617;190;86;42;land;false;plains;1
13618;241;75;13;land;false;plains;1
13619;159;24;119;land;false;plains;1
13620;14;178;241;land;false;plains;1
13621;35;244;100;land;false;plains;1
13622;79;205;61;land;false;plains;1
13623;120;146;72;land;false;plains;1
13624;75;168;215;land;false;plains;1
13625;183;36;146;land;false;plains;1
13626;136;25;205;land;false;plains;1
13627;218;30;144;land;false;plains;1
13628;191;233;88;land;false;plains;1
13629;38;5;134;land;false;plains;1
13630;23;12;176;land;false;plains;1
13631;105;28;127;land;false;plains;1
13632;81;188;148;land;false;forest;1
13633;246;123;174;land;false;plains;1
13634;11;163;41;land;false;plains;1
13635;57;81;168;land;false;plains;1
13636;88;108;204;land;false;plains;1
13637;155;116;87;land;false;forest;1
13638;96;225;209;land;false;plains;1
13639;201;227;43;land;false;forest;1
13640;190;245;146;land;false;forest;1
13641;134;172;150;land;false;plains;1
13642;146;29;193;land;false;plains;1
13643;228;67;48;land;false;low_urban;1
13644;90;166;179;land;false;plains;1
13645;128;148;2;land;false;plains;1
13646;214;220;162;land;false;forest;1
13647;62;93;158;land;false;plains;1
13648;95;206;92;land;false;plains;1
13649;207;206;55;land;false;plains;1
13650;105;57;138;land;false;plains;1
13651;234;206;140;land;false;plains;1
13652;188;14;26;land;false;plains;1
13653;240;208;43;land;false;plains;1
13654;72;131;125;land;false;low_urban;1
13655;220;136;213;land;false;plains;1
13656;255;246;102;land;false;plains;1
13657;66;94;215;land;false;plains;1
13658;247;51;119;land;false;plains;1
13659;48;133;5;land;true;forest;1
13660;198;45;255;land;false;plains;1
13661;89;170;127;land;false;marsh;1
13662;70;128;228;land;false;plains;1
13663;225;109;2;land;false;plains;1
13664;167;132;45;land;false;plains;1
13665;55;143;69;land;true;forest;1
13666;121;3;37;land;false;plains;1
13667;41;231;255;land;false;plains;1
13668;157;156;3;land;false;plains;1
13669;1;24;127;land;false;plains;1
13670;162;255;41;land;false;plains;1
13671;2;74;127;land;false;plains;1
13672;100;132;156;land;false;plains;1
13673;213;201;31;land;false;plains;1
13674;198;51;251;land;false;plains;1
13675;200;241;255;land;false;plains;1
13676;184;35;255;land;true;plains;1
13677;3;137;70;land;true;forest;1
13678;150;43;176;land;true;forest;1
13679;202;145;120;land;false;plains;1
13680;251;3;15;land;true;forest;1
13681;7;133;251;land;false;forest;1
13682;116;127;4;land;false;plains;1
13683;30;231;255;land;true;forest;1
13684;43;127;25;land;false;plains;1
13685;178;43;255;land;false;plains;1
13686;201;133;140;land;false;plains;1
13687;85;30;255;land;false;plains;1
13688;120;120;126;land;false;plains;1
13689;120;129;126;land;false;low_urban;1
13690;32;98;45;land;false;forest;1
13691;255;54;220;land;false;plains;1
13692;25;102;33;land;false;hills;2
13693;5;142;255;land;false;plains;1
13694;255;216;3;land;false;plains;1
13695;10;64;64;land;true;low_urban;1
13696;58;124;64;land;false;forest;1
13697;35;159;170;land;false;plains;1
13698;72;15;255;land;false;plains;1
13699;30;75;2;land;true;plains;1
13700;54;95;100;land;false;plains;1
13701;5;255;144;land;false;plains;1
13702;255;23;5;land;false;plains;1
13703;43;99;33;land;false;forest;1
13704;178;54;255;land;false;plains;1
13705;35;76;2;land;false;plains;1
13706;43;76;170;land;false;plains;1
13707;221;185;101;land;false;plains;2
13708;159;79;131;land;false;plains;1
13709;100;87;95;land;false;plains;1
13710;67;35;255;land;false;plains;1
13711;10;136;235;land;false;plains;1
13712;76;75;39;land;true;low_urban;1
13713;55;201;190;land;false;plains;1
13714;178;132;198;land;false;plains;1
13715;1;235;221;land;false;plains;1
13716;209;58;31;land;false;plains;1
13717;85;198;62;land;false;plains;1
13718;198;78;163;land;false;plains;1
13719;255;216;58;land;false;plains;1
13720;51;182;66;land;false;plains;1
13721;43;136;159;land;false;plains;1
13722;178;51;170;land;true;urban;1
13723;151;136;170;land;false;plains;1
13724;101;31;24;land;false;plains;1
13725;62;85;209;land;false;plains;1
13726;74;186;33;land;false;plains;1
13727;16;39;64;land;true;forest;1
13728;219;202;194;land;false;plains;1
13729;213;89;132;land;false;plains;1
13730;211;40;39;land;false;plains;1
13731;116;186;74;land;false;plains;1
13732;74;155;217;land;false;plains;1
13733;47;182;255;land;false;plains;1
13734;151;116;101;land;false;plains;1
13735;74;205;89;land;false;low_urban;1
13736;198;159;167;land;false;forest;1
13737;136;140;120;land;false;forest;1
13738;20;31;136;land;false;plains;1
13739;43;155;198;land;false;plains;1
13740;213;24;62;land;false;plains;1
13741;62;62;213;land;false;plains;1
13742;47;198;66;land;false;plains;1
13743;107;86;165;land;false;plains;1
13744;255;147;78;land;false;forest;1
13745;124;213;143;land;false;forest;1
13746;38;74;35;land;false;plains;1
13747;82;86;167;land;false;plains;1
13748;116;159;204;land;false;forest;1
13749;97;128;128;land;false;plains;1
13750;43;101;56;land;false;plains;2
13751;155;209;198;land;true;forest;1
13752;219;202;164;land;false;urban;1
13753;116;39;64;land;false;plains;1
13754;206;138;161;land;false;plains;3
13755;93;105;82;land;false;low_urban;3
13756;132;204;65;land;false;forest;3
13757;140;198;163;land;false;urban;3
13758;35;47;66;land;false;urban;3
13759;159;51;39;land;false;low_urban;3
13760;58;148;190;land;false;low_urban;1
13761;52;122;60;land;false;low_urban;1
13762;50;66;73;land;false;low_urban;1
13763;140;58;35;land;false;low_urban;1
13764;186;132;136;land;false;low_urban;1
13765;132;97;186;land;false;low_urban;1
13766;190;147;39;land;false;low_urban;1
13767;39;174;43;land;false;plains;1
13768;31;109;209;land;false;low_urban;1
13769;47;70;217;land;false;urban;1
13770;136;190;204;land;false;urban;1
13771;74;178;198;land;false;urban;1
13772;90;89;206;land;false;low_urban;1
13773;46;107;150;land;false;industrial;1
13774;124;36;147;land;false;low_urban;1
13775;132;211;78;land;false;low_urban;1
13776;34;65;86;land;true;low_urban;1
13777;63;23;40;land;true;plains;1
13778;39;101;58;land;true;low_urban;1
13779;140;35;85;land;true;industrial;1
13780;28;116;86;land;true;industrial;1
13781;201;236;162;lake;false;lakes;1
13782;51;120;178;land;false;low_urban;1
13783;81;18;18;land;false;low_urban;1
13784;173;159;90;land;false;forest;1
13785;201;97;175;land;false;plains;1
13786;65;142;108;land;false;plains;1
13787;145;104;77;land;false;plains;1
13788;255;183;135;land;false;plains;1
13789;84;127;127;land;false;forest;1
13790;168;255;255;land;false;forest;1
13791;90;78;122;land;false;forest;1
13792;32;41;122;land;false;plains;1
13793;136;85;160;land;false;urban;1
13794;98;100;119;land;false;plains;1
13795;91;107;198;land;false;plains;1
13796;51;135;61;land;false;low_urban;3
13797;21;56;24;land;false;plains;3
13798;151;141;181;land;false;plains;3
13799;70;52;119;land;false;plains;3
13800;54;135;135;land;false;plains;3
13801;206;185;78;land;false;forest;3
13802;194;89;62;land;false;plains;3
13803;158;110;151;land;false;plains;3
13804;99;22;89;land;false;plains;3
13805;43;186;89;land;false;plains;3
13806;209;91;54;land;false;low_urban;3
13807;96;92;91;land;false;plains;3
13808;39;140;174;land;false;plains;3
13809;116;138;145;land;false;plains;1
13810;198;225;89;land;false;low_urban;3
13811;125;130;104;land;false;plains;3
13812;101;50;119;land;false;plains;3
13813;154;46;193;land;false;plains;3
13814;174;63;26;land;false;plains;3
13815;101;147;138;land;false;plains;3
13816;58;39;201;land;false;plains;3
13817;66;165;109;land;false;plains;3
13818;57;81;68;land;false;plains;3
13819;21;111;213;land;false;plains;3
13820;39;27;51;land;false;plains;3
13821;76;25;127;land;false;plains;3
13822;183;160;42;land;false;plains;1
13823;143;78;194;land;false;low_urban;1
13824;128;60;15;land;false;plains;1
13825;75;135;135;land;false;marsh;1
13826;51;97;205;land;false;forest;1
13827;101;19;56;land;false;forest;1
13828;99;84;91;land;false;plains;1
13829;97;175;190;land;false;low_urban;1
13830;201;47;53;land;false;plains;1
13831;198;120;153;land;false;plains;1
13832;132;34;82;land;false;plains;1
13833;87;127;70;land;false;plains;1
13834;163;193;151;land;false;plains;1
13835;43;193;44;land;false;plains;1
13836;78;50;119;land;false;plains;1
13837;165;158;175;land;false;plains;1
13838;35;194;175;land;false;plains;1
13839;170;155;78;land;false;plains;1
13840;168;163;213;land;false;plains;1
13841;170;97;181;land;false;low_urban;1
13842;96;149;178;land;false;plains;1
13843;58;158;70;land;false;plains;1
13844;204;181;69;land;false;plains;1
13845;14;78;56;land;false;plains;1
13846;116;136;186;land;false;plains;1
13847;167;82;178;land;false;forest;2
13848;62;82;174;land;false;plains;1
13849;105;118;173;land;false;plains;1
13850;35;143;122;land;false;plains;1
13851;52;211;179;land;false;forest;1
13852;255;238;155;land;false;plains;1
13853;255;150;241;land;false;forest;1
13854;113;183;121;land;false;plains;1
13855;66;183;170;land;false;plains;1
13856;198;135;138;land;false;plains;3
13857;132;47;132;land;false;plains;3
13858;130;97;130;land;false;low_urban;3
13859;160;56;160;land;false;plains;3
13860;72;128;168;land;false;plains;1
13861;111;144;168;land;false;plains;3
13862;101;219;198;land;false;plains;3
13863;37;113;168;land;false;plains;3
13864;140;182;51;land;false;low_urban;1
13865;58;198;168;land;false;plains;3
13866;198;198;198;land;false;plains;1
13867;196;62;62;land;false;plains;1
13868;196;131;131;land;false;plains;1
13869;196;155;51;land;false;plains;1
13870;193;180;147;land;false;plains;1
13871;66;149;36;land;false;plains;1
13872;133;147;128;land;false;forest;3
13873;59;204;186;land;false;forest;3
13874;54;82;193;land;false;plains;3
13875;101;170;193;land;false;plains;3
13876;91;55;105;land;false;low_urban;3
13877;119;242;163;land;false;plains;3
13878;70;140;194;land;false;plains;3
13879;146;204;58;land;false;plains;3
13880;93;74;174;land;false;plains;1
13881;182;33;68;land;false;plains;1
13882;181;135;147;land;false;plains;1
13883;161;171;183;land;false;forest;1
13884;34;124;167;land;false;plains;1
13885;62;145;165;land;false;plains;1
13886;83;115;122;land;false;plains;1
13887;19;55;63;land;false;low_urban;1
13888;109;175;116;land;false;plains;1
13889;205;91;28;land;false;plains;1
13890;9;114;53;land;false;low_urban;1
13891;181;138;110;land;false;plains;1
13892;86;136;159;land;false;plains;1
13893;106;81;147;land;false;plains;1
13894;198;20;53;land;false;plains;1
13895;213;198;101;land;false;plains;1
13896;194;58;109;land;false;low_urban;1
13897;62;108;225;land;true;forest;1
13898;198;51;224;land;false;plains;1
13899;186;169;112;land;true;forest;1
13900;182;155;46;land;false;plains;1
13901;116;128;113;land;false;plains;1
13902;46;198;24;land;false;plains;1
13903;158;196;153;land;true;low_urban;1
13904;109;113;225;land;true;forest;1
13905;99;163;150;land;true;forest;1
13906;173;194;151;land;false;plains;1
13907;78;193;60;land;true;plains;1
13908;255;158;200;land;true;low_urban;1
13909;190;85;105;land;false;plains;1
13910;116;143;152;land;false;plains;1
13911;79;86;124;land;false;forest;1
13912;81;251;8;land;false;low_urban;1
13913;122;197;75;land;false;forest;1
13914;71;77;10;land;false;plains;1
13915;99;247;245;land;false;plains;1
13916;164;16;36;land;false;plains;1
13917;223;252;81;land;false;plains;1
13918;203;131;43;land;false;forest;1
13919;225;10;230;land;false;plains;1
13920;165;121;137;land;false;plains;1
13921;104;14;122;land;false;plains;1
13922;67;164;160;land;false;plains;1
13923;34;174;50;land;false;plains;1
13924;106;133;91;land;false;forest;1
13925;159;144;229;land;false;plains;1
13926;136;1;220;land;false;plains;1
13927;174;88;247;land;false;plains;1
13928;40;57;145;land;false;plains;1
13929;190;213;161;land;false;plains;1
13930;188;24;183;land;false;plains;1
13931;42;184;7;land;false;plains;1
13932;186;22;126;land;false;plains;1
13933;201;8;49;land;false;forest;1
13934;78;205;174;land;false;forest;1
13935;37;248;98;land;false;forest;1
13936;57;119;189;land;true;forest;1
13937;240;95;204;land;false;forest;1
13938;107;48;31;land;false;forest;1
13939;65;89;169;land;true;forest;1
13940;200;230;143;land;false;plains;1
13941;140;23;151;land;false;low_urban;4
13942;2;5;206;land;false;hills;4
13943;153;180;101;land;false;urban;1
13944;45;164;176;land;false;plains;1
13945;210;52;62;land;false;forest;1
13946;73;127;214;land;false;forest;1
13947;221;212;39;land;false;forest;1
13948;171;175;176;land;false;forest;1
13949;66;98;182;land;false;low_urban;1
13950;26;32;43;land;false;forest;1
13951;76;40;86;land;false;forest;1
13952;152;233;115;land;false;forest;1
13953;194;42;69;land;false;forest;1
13954;168;61;190;land;false;plains;1
13955;235;227;56;land;false;plains;1
13956;183;173;190;land;false;plains;1
13957;194;115;108;land;false;plains;1
13958;149;33;85;land;false;plains;1
13959;72;171;100;land;false;forest;1
13960;90;231;111;land;false;plains;1
13961;93;117;248;land;false;plains;1
13962;114;116;136;land;false;plains;1
13963;230;221;237;land;false;plains;1
13964;173;101;249;land;false;plains;1
13965;100;229;78;land;false;plains;1
13966;253;121;186;land;false;forest;1
13967;147;99;100;land;false;low_urban;1
13968;207;253;127;land;false;plains;1
13969;121;232;65;land;false;plains;1
13970;253;114;219;land;false;plains;1
13971;98;202;116;land;false;plains;1
13972;173;165;86;land;false;forest;1
13973;135;6;232;land;false;plains;1
13974;109;99;4;land;false;plains;1
13975;213;70;102;land;false;plains;1
13976;91;12;108;land;false;plains;1
13977;154;114;45;land;false;plains;1
13978;11;178;15;land;false;plains;1
13979;197;163;158;land;false;plains;1
13980;140;132;150;land;false;plains;1
13981;3;51;225;land;false;plains;1
13982;153;195;208;land;false;forest;1
13983;51;221;198;land;false;plains;1
13984;223;179;153;land;false;plains;1
13985;56;209;231;land;false;plains;1
13986;51;184;122;land;false;plains;1
13987;45;190;35;land;false;plains;1
13988;248;154;72;land;false;plains;1
13989;233;166;185;land;false;plains;1
13990;217;232;199;land;false;plains;1
13991;211;145;2;land;false;plains;1
13992;25;223;165;land;false;low_urban;1
13993;73;219;160;land;false;plains;1
13994;82;118;71;land;false;plains;1
13995;55;5;49;land;false;plains;1
13996;155;79;166;land;false;plains;1
13997;218;7;105;land;false;plains;1
13998;102;156;58;land;false;plains;1
13999;110;33;185;land;false;plains;1
14000;191;244;99;land;false;plains;1
14001;176;162;70;land;false;plains;1
14002;65;132;32;land;false;plains;1
14003;232;6;140;land;false;plains;1
14004;154;175;224;land;false;plains;1
14005;236;182;19;land;false;plains;1
14006;231;75;208;land;false;plains;1
14007;252;186;135;land;false;plains;1
14008;102;192;168;land;false;forest;1
14009;52;3;166;land;false;plains;1
14010;250;95;110;land;false;forest;1
14011;48;57;229;land;false;plains;1
14012;216;53;71;land;false;low_urban;1
14013;87;187;222;land;false;low_urban;1
14014;113;253;246;land;false;low_urban;1
14015;189;9;159;land;false;low_urban;1
14016;131;142;171;land;false;plains;1
14017;72;45;158;land;true;plains;1
14018;179;204;242;land;false;plains;1
14019;123;140;61;land;false;plains;1
14020;192;137;203;land;false;forest;1
14021;49;104;194;land;false;plains;1
14022;147;5;133;land;false;forest;1
14023;135;52;163;land;true;plains;1
14024;70;113;6;land;false;forest;1
14025;105;101;224;land;true;plains;1
14026;104;35;169;land;false;plains;1
14027;203;48;94;land;false;plains;1
14028;109;119;6;land;false;plains;1
14029;96;68;141;land;false;plains;1
14030;78;102;46;land;false;forest;1
14031;19;31;204;land;false;plains;1
14032;21;128;198;land;false;plains;1
14033;205;97;118;land;false;forest;1
14034;60;183;245;land;false;forest;1
14035;121;246;18;land;false;plains;1
14036;206;81;38;land;false;plains;1
14037;42;5;31;land;false;plains;1
14038;246;218;9;land;false;plains;1
14039;76;241;113;land;false;plains;1
14040;46;28;28;land;false;forest;1
14041;64;130;231;land;false;plains;1
14042;223;47;77;land;false;plains;1
14043;31;48;121;land;false;forest;1
14044;47;137;33;land;false;forest;1
14045;120;179;131;land;false;forest;1
14046;80;227;141;land;false;forest;1
14047;227;233;55;land;true;forest;1
14048;114;12;43;land;false;forest;1
14049;147;69;28;land;false;forest;1
14050;160;31;149;land;false;forest;1
14051;64;108;67;land;true;plains;1
14052;156;95;116;land;true;low_urban;1
14053;70;204;255;land;false;plains;1
14054;77;158;86;land;false;forest;1
14055;151;62;128;land;false;forest;1
14056;34;65;182;land;false;forest;1
14057;135;145;181;land;false;forest;1
14058;21;36;91;land;false;forest;1
14059;194;127;182;land;false;forest;1
14060;113;244;89;land;false;forest;1
14061;109;194;255;land;false;forest;1
14062;168;140;143;land;false;forest;1
14063;165;46;120;land;false;forest;1
14064;175;175;175;land;false;forest;1
14065;174;142;240;land;false;low_urban;1
14066;178;209;78;land;false;forest;1
14067;153;184;196;land;false;forest;1
14068;182;55;81;land;false;forest;1
14069;238;247;109;land;false;forest;1
14070;140;207;255;land;false;plains;1
14071;136;93;243;land;false;low_urban;2
14072;6;29;209;land;false;urban;2
14073;21;230;195;land;false;forest;2
14074;111;168;91;land;false;urban;2
14075;246;103;248;land;false;low_urban;2
14076;215;246;242;land;false;urban;2
14077;22;137;139;land;false;forest;2
14078;194;151;73;land;false;forest;2
14079;142;54;139;land;false;forest;2
14080;79;72;128;land;false;forest;2
14081;88;11;12;land;false;forest;2
14082;88;115;76;land;false;forest;2
14083;37;169;54;land;false;forest;2
14084;250;177;159;land;false;plains;1
14085;253;74;34;land;false;forest;2
14086;129;79;104;land;false;forest;2
14087;195;235;144;land;false;low_urban;2
14088;137;24;194;land;false;forest;2
14089;219;165;210;land;true;forest;2
14090;168;106;132;land;false;forest;2
14091;197;189;237;land;false;forest;2
14092;10;247;91;land;false;forest;2
14093;65;91;179;land;false;forest;2
14094;140;247;79;land;false;forest;2
14095;117;52;235;land;false;forest;2
14096;122;33;214;land;false;forest;2
14097;244;17;111;land;false;forest;2
14098;175;214;248;land;false;plains;2
14099;0;103;213;land;false;forest;2
14100;25;186;62;land;false;forest;2
14101;62;64;136;land;false;plains;2
14102;239;151;108;land;false;plains;2
14103;6;112;190;land;false;plains;2
14104;37;48;221;land;false;plains;2
14105;126;69;203;land;false;forest;2
14106;16;196;98;land;false;forest;2
14107;119;137;125;land;false;forest;2
14108;44;95;59;land;false;forest;2
14109;2;129;176;land;false;forest;2
14110;6;157;180;land;false;forest;2
14111;184;200;221;land;true;forest;2
14112;188;35;55;land;false;forest;2
14113;93;109;85;land;false;forest;2
14114;216;23;221;land;false;forest;1
14115;209;76;116;land;false;forest;2
14116;242;204;114;land;false;forest;1
14117;130;129;174;land;false;forest;1
14118;5;111;56;land;false;forest;2
14119;240;108;90;land;false;forest;2
14120;130;73;161;land;false;plains;1
14121;197;6;95;land;false;plains;1
14122;26;159;156;land;false;plains;1
14123;86;207;151;land;false;low_urban;1
14124;112;29;135;land;false;forest;1
14125;182;88;74;land;false;plains;1
14126;198;88;146;land;false;plains;1
14127;246;92;196;land;false;plains;1
14128;116;164;67;land;false;forest;1
14129;219;68;88;land;false;plains;1
14130;182;220;150;land;false;plains;1
14131;177;0;173;land;false;plains;1
14132;130;115;250;land;false;forest;1
14133;31;54;141;land;false;forest;1
14134;58;31;150;land;false;forest;1
14135;206;130;126;land;false;forest;1
14136;235;196;237;land;false;forest;1
14137;9;17;186;land;false;forest;1
14138;48;170;8;land;false;plains;1
14139;223;194;220;land;false;low_urban;1
14140;103;98;200;land;false;plains;1
14141;120;86;220;land;false;plains;1
14142;166;32;195;land;false;plains;1
14143;181;104;232;land;false;plains;1
14144;176;84;43;land;false;plains;1
14145;187;58;136;land;false;forest;1
14146;15;119;188;land;false;plains;1
14147;196;202;149;land;false;plains;1
14148;46;51;24;land;false;plains;1
14149;118;30;112;land;false;forest;1
14150;52;134;33;land;false;plains;1
14151;141;19;197;land;false;forest;1
14152;20;199;186;land;false;forest;1
14153;33;166;192;land;false;forest;1
14154;160;114;97;land;false;forest;1
14155;224;207;215;land;false;plains;1
14156;140;188;196;land;false;forest;1
14157;88;215;33;land;false;plains;1
14158;65;34;168;land;false;plains;1
14159;34;171;58;land;false;plains;1
14160;83;191;141;land;false;plains;1
14161;207;194;229;land;false;plains;1
14162;20;244;158;land;false;plains;1
14163;182;155;66;land;false;forest;1
14164;12;67;26;land;false;plains;1
14165;145;134;206;land;false;forest;1
14166;13;73;137;land;false;plains;1
14167;93;102;236;land;false;plains;1
14168;24;228;234;land;false;forest;1
14169;15;114;182;land;false;forest;1
14170;80;71;100;land;false;forest;1
14171;244;174;134;land;false;plains;1
14172;6;25;237;land;false;forest;1
14173;198;186;39;land;false;forest;1
14174;214;114;33;land;false;forest;1
14175;66;238;36;land;false;forest;1
14176;68;247;207;land;false;plains;1
14177;38;68;30;land;false;plains;1
14178;208;152;141;land;false;plains;1
14179;167;69;249;land;false;plains;1
14180;245;230;253;land;false;plains;1
14181;108;174;155;land;false;plains;1
14182;67;82;173;land;false;low_urban;2
14183;45;248;77;land;false;plains;1
14184;188;183;227;land;false;plains;1
14185;144;28;123;land;false;plains;1
14186;244;30;44;land;false;plains;1
14187;126;213;33;land;false;forest;1
14188;141;46;126;land;false;plains;1
14189;175;214;239;land;false;plains;1
14190;243;164;204;land;false;low_urban;1
14191;237;245;115;land;false;plains;1
14192;123;154;165;land;false;plains;1
14193;238;229;104;land;false;plains;1
14194;72;52;160;land;false;low_urban;1
14195;173;146;114;land;true;low_urban;1
14196;32;12;62;land;false;plains;1
14197;58;1;192;land;false;forest;1
14198;196;6;192;land;false;plains;1
14199;233;159;245;land;false;plains;1
14200;79;141;247;land;true;forest;2
14201;137;115;233;land;false;low_urban;1
14202;238;185;91;land;false;plains;1
14203;109;149;1;land;false;plains;2
14204;214;33;174;land;false;plains;2
14205;250;70;41;land;false;plains;2
14206;207;156;225;land;false;forest;2
14207;172;231;91;land;false;low_urban;1
14208;163;169;143;land;false;plains;2
14209;153;87;80;land;false;forest;1
14210;95;93;231;land;false;forest;1
14211;120;153;168;land;false;forest;2
14212;195;196;170;land;false;forest;1
14213;251;207;36;land;false;plains;1
14214;50;91;27;land;false;forest;1
14215;40;179;147;land;false;plains;1
14216;218;172;180;land;false;forest;1
14217;121;188;35;land;false;plains;1
14218;234;39;55;land;false;forest;1
14219;184;142;33;land;false;forest;2
14220;142;127;105;land;false;forest;1
14221;143;143;240;land;false;forest;2
14222;216;136;38;land;false;forest;1
14223;90;141;85;land;false;forest;2
14224;83;101;39;land;false;forest;1
14225;240;190;79;land;false;forest;1
14226;60;105;41;land;false;forest;1
14227;96;44;209;land;false;forest;1
14228;203;229;247;land;false;forest;1
14229;58;254;21;land;false;forest;1
14230;110;78;253;land;false;forest;1
14231;128;255;132;land;false;plains;1
14232;163;182;120;land;false;plains;1
14233;132;89;178;land;true;plains;1
14234;128;43;76;land;true;plains;1
14235;127;174;182;land;true;plains;1
14236;43;124;136;land;false;plains;1
14237;194;128;120;land;false;plains;1
14238;132;89;186;land;false;plains;1
14239;85;186;232;land;false;low_urban;1
14240;55;159;194;land;false;plains;1
14241;112;255;190;land;false;low_urban;1
14242;170;178;170;land;false;plains;1
14243;74;78;209;land;false;plains;1
14244;161;162;105;land;false;plains;1
14245;143;198;201;land;false;plains;1
14246;143;97;78;land;false;plains;1
14247;174;147;66;land;false;plains;1
14248;85;201;66;land;false;plains;1
14249;44;240;19;land;false;plains;1
14250;167;32;27;land;false;plains;1
14251;161;108;36;land;false;plains;1
14252;2;39;232;land;false;plains;1
14253;6;190;170;land;false;plains;1
14254;139;16;25;land;false;plains;1
14255;162;246;207;land;false;plains;1
14256;43;195;159;land;false;plains;1
14257;66;240;63;land;false;plains;1
14258;103;38;7;land;false;plains;1
14259;46;131;243;land;true;plains;1
14260;24;116;27;land;false;forest;4
14261;143;223;18;land;false;plains;4
14262;152;34;253;land;false;low_urban;4
14263;90;140;6;land;false;plains;4
14264;79;118;213;land;false;plains;4
14265;234;3;46;land;false;plains;4
14266;131;229;159;land;false;plains;4
14267;128;132;87;land;false;plains;4
14268;156;103;57;land;false;plains;4
14269;219;254;18;land;false;plains;4
14270;168;186;171;land;false;plains;4
14271;19;226;16;land;false;plains;4
14272;125;10;171;land;false;plains;4
14273;80;62;24;land;false;plains;4
14274;253;163;2;land;true;plains;4
14275;163;147;26;land;true;forest;4
14276;236;241;110;land;true;plains;4
14277;104;44;84;land;false;forest;4
14278;212;196;126;land;false;plains;4
14279;169;133;189;land;false;plains;4
14280;96;145;185;land;false;plains;4
14281;117;178;90;land;false;low_urban;4
14282;80;112;138;land;false;plains;4
14283;44;132;167;land;false;plains;4
14284;219;225;13;land;false;plains;4
14285;197;97;74;land;false;plains;4
14286;186;73;61;land;false;plains;4
14287;171;95;232;land;false;low_urban;4
14288;97;230;204;land;false;urban;4
14289;7;43;173;land;false;low_urban;4
14290;146;32;180;land;false;forest;4
14291;177;206;228;land;false;low_urban;4
14292;118;237;215;land;false;plains;4
14293;241;241;139;land;false;plains;4
14294;252;185;195;land;false;plains;4
14295;228;179;24;land;false;forest;4
14296;64;148;60;land;false;forest;4
14297;4;206;78;land;false;forest;4
14298;242;124;37;land;false;plains;4
14299;41;246;166;land;false;plains;4
14300;159;216;174;land;false;plains;4
14301;44;194;17;land;false;low_urban;4
14302;114;149;213;land;false;marsh;4
14303;115;155;96;land;false;forest;4
14304;19;68;45;land;false;plains;4
14305;224;69;182;land;true;plains;4
14306;194;159;17;land;false;forest;4
14307;59;97;192;land;false;plains;4
14308;114;69;223;land;true;plains;4
14309;19;238;28;land;false;forest;4
14310;142;213;194;land;false;plains;4
14311;140;32;128;land;false;plains;4
14312;8;183;203;land;false;plains;4
14313;23;19;224;land;true;plains;4
14314;234;188;248;land;true;plains;4
14315;92;75;95;land;false;low_urban;4
14316;17;114;10;land;false;plains;4
14317;175;74;149;land;false;plains;4
14318;219;28;108;land;false;forest;4
14319;1;101;3;land;false;forest;4
14320;99;157;247;land;false;plains;4
14321;127;139;245;land;false;plains;4
14322;135;36;38;land;false;plains;4
14323;232;167;182;land;false;plains;4
14324;224;42;146;land;false;low_urban;4
14325;202;185;36;land;false;plains;4
14326;42;45;126;land;false;forest;4
14327;19;218;131;land;false;forest;4
14328;161;129;105;land;false;forest;4
14329;167;252;247;land;false;plains;4
14330;55;56;101;land;false;forest;4
14331;206;90;28;land;false;forest;4
14332;65;73;221;land;false;plains;4
14333;97;80;8;land;false;forest;4
14334;73;56;164;land;false;forest;4
14335;158;186;156;land;false;plains;4
14336;171;66;226;land;false;plains;4
14337;181;66;78;land;false;low_urban;4
14338;206;235;175;land;false;plains;4
14339;227;194;148;land;false;forest;4
14340;107;218;16;land;false;plains;4
14341;48;180;178;land;false;plains;4
14342;118;147;147;land;false;plains;4
14343;33;58;150;land;false;plains;4
14344;98;241;133;land;false;plains;4
14345;105;63;74;land;false;plains;4
14346;199;249;147;land;false;plains;4
14347;194;119;19;land;false;urban;4
14348;105;30;228;land;false;low_urban;4
14349;48;242;115;land;false;plains;4
14350;137;238;218;land;false;plains;4
14351;49;82;121;land;false;plains;4
14352;247;173;133;land;false;forest;4
14353;147;182;83;land;false;plains;4
14354;55;69;28;land;false;forest;4
14355;85;223;197;land;false;forest;4
14356;1;242;65;land;false;plains;4
14357;111;32;36;land;false;forest;4
14358;15;101;62;land;false;plains;4
14359;99;175;178;land;false;plains;4
14360;97;175;31;land;false;plains;4
14361;175;173;19;land;false;forest;4
14362;164;65;120;land;false;forest;4
14363;250;104;78;land;false;plains;4
14364;89;248;160;land;false;plains;4
14365;116;143;213;land;true;plains;1
14366;178;78;120;land;true;plains;1
14367;110;158;115;land;false;plains;1
14368;120;113;209;land;false;plains;1
14369;97;213;132;land;true;plains;1
14370;155;120;186;land;false;forest;1
14371;186;153;158;land;false;forest;1
14372;163;67;87;land;true;forest;1
14373;124;120;152;land;false;forest;1
14374;163;182;55;land;false;forest;1
14375;132;194;201;land;false;forest;1
14376;147;178;127;land;false;forest;1
14377;43;66;217;land;false;forest;1
14378;182;205;120;land;false;plains;1
14379;82;101;170;land;false;low_urban;1
14380;124;186;93;land;false;plains;1
14381;24;97;174;land;false;plains;1
14382;155;113;101;land;false;plains;1
14383;70;170;155;land;false;plains;1
14384;190;113;70;land;false;plains;1
14385;163;74;170;land;false;plains;1
14386;109;186;82;land;false;plains;1
14387;78;89;198;land;false;plains;1
14388;120;155;70;land;false;forest;1
14389;159;93;174;land;false;plains;1
14390;85;147;128;land;false;plains;1
14391;159;51;194;land;false;forest;1
14392;55;66;55;land;false;plains;1
14393;136;66;198;land;false;forest;1
14394;159;167;245;land;false;forest;1
14395;124;213;255;land;false;forest;1
14396;143;78;124;land;false;forest;1
14397;113;182;124;land;false;plains;1
14398;61;143;79;land;true;plains;1
14399;105;186;201;land;false;plains;1
14400;209;75;84;land;true;forest;1
14401;163;190;128;land;false;plains;1
14402;105;143;128;land;false;forest;1
14403;78;124;213;land;false;forest;1
14404;190;186;70;land;false;low_urban;1
14405;93;89;174;land;true;low_urban;1
14406;194;166;196;land;true;low_urban;1
14407;170;205;116;land;true;low_urban;1
14408;178;62;132;land;true;low_urban;1
14409;103;137;107;land;true;low_urban;1
14410;113;186;89;land;true;low_urban;1
14411;97;167;201;land;true;urban;1
14412;132;163;116;land;true;low_urban;1
14413;93;178;167;land;true;urban;1
14414;241;104;228;land;false;urban;1
14415;120;167;105;land;false;low_urban;1
14416;151;178;124;land;false;urban;1
14417;47;78;194;land;false;low_urban;1
14418;105;194;93;land;true;urban;1
14419;178;178;89;land;false;plains;1
14420;198;70;209;land;true;plains;1
14421;93;163;66;land;false;plains;1
14422;174;105;198;land;true;forest;1
14423;78;186;93;land;false;forest;1
14424;58;183;190;land;false;plains;1
14425;174;51;124;land;false;forest;1
14426;82;178;178;land;false;forest;1
14427;159;182;82;land;false;plains;1
14428;147;120;101;land;true;plains;1
14429;93;51;178;land;false;plains;1
14430;74;85;78;land;false;plains;1
14431;124;159;190;land;false;low_urban;1
14432;101;194;132;land;false;industrial;1
14433;66;167;56;land;false;forest;1
14434;109;105;159;land;false;forest;1
14435;74;170;56;land;false;industrial;1
14436;182;155;116;land;false;forest;1
14437;128;93;178;land;true;plains;1
14438;163;163;39;land;true;industrial;1
14439;170;70;140;land;true;urban;1
14440;93;167;186;land;true;urban;1
14441;190;190;82;land;false;low_urban;1
14442;167;136;186;land;true;urban;1
14443;137;64;74;land;false;urban;1
14444;105;198;194;land;false;forest;1
14445;91;143;85;land;true;urban;1
14446;163;173;76;land;false;urban;1
14447;70;174;178;land;false;urban;1
14448;82;182;93;land;true;low_urban;1
14449;128;128;167;land;true;industrial;1
14450;85;190;120;land;true;low_urban;1
14451;178;209;145;land;false;low_urban;1
14452;101;116;205;land;false;desert;1
14453;47;186;124;land;false;plains;1
14454;140;120;167;land;false;plains;1
14455;163;255;143;land;false;plains;1
14456;39;128;167;land;false;plains;1
14457;159;124;132;land;true;plains;1
14458;89;43;140;land;true;plains;1
14459;155;47;43;land;true;plains;1
14460;116;132;124;land;true;low_urban;1
14461;85;97;186;land;true;forest;1
14462;140;170;128;land;false;plains;1
14463;60;104;132;land;true;plains;1
14464;140;182;93;land;true;plains;1
14465;85;113;128;land;false;forest;1
14466;159;143;164;land;false;plains;1
14467;105;155;96;land;true;plains;1
14468;82;182;82;land;false;forest;3
14469;132;153;143;land;false;plains;1
14470;120;170;123;land;true;forest;3
14471;194;58;120;land;true;plains;1
14472;93;178;160;land;true;plains;1
14473;178;132;201;land;false;plains;1
14474;78;74;143;land;false;low_urban;1
14475;120;190;240;land;false;plains;1
14476;205;128;89;land;true;forest;1
14477;178;194;89;land;false;plains;1
14478;113;105;159;land;false;plains;1
14479;59;167;113;land;false;forest;1
14480;136;225;213;land;false;forest;1
14481;82;190;85;land;true;forest;1
14482;109;201;186;land;false;forest;1
14483;93;198;58;land;true;plains;1
14484;128;124;178;land;false;forest;1
14485;74;182;124;land;false;plains;1
14486;82;198;82;land;true;plains;1
14487;120;170;213;land;true;low_urban;1
14488;55;124;190;land;false;plains;1
14489;128;190;174;land;false;forest;1
14490;58;128;136;land;false;plains;1
14491;105;186;186;land;false;plains;1
14492;159;105;194;land;true;low_urban;1
14493;89;170;147;land;false;plains;1
14494;47;128;186;land;true;low_urban;1
14495;113;186;213;land;true;forest;1
14496;167;209;66;land;true;plains;1
14497;116;167;151;land;true;plains;1
14498;46;101;127;land;true;plains;1
14499;93;19;179;land;false;plains;1
14500;47;217;70;land;false;plains;1
14501;120;113;174;land;true;plains;1
14502;66;178;116;land;false;plains;1
14503;120;178;225;land;false;plains;1
14504;93;159;178;land;false;plains;1
14505;78;113;198;land;false;plains;1
14506;85;209;196;land;true;plains;1
14507;158;198;117;land;true;forest;1
14508;55;174;117;land;false;plains;1
14509;55;198;194;land;false;plains;1
14510;136;74;132;land;false;plains;1
14511;228;182;51;land;false;plains;1
14512;120;155;186;land;true;plains;1
14513;58;74;201;land;true;plains;1
14514;170;186;198;land;false;plains;1
14515;97;128;82;land;false;plains;1
14516;51;70;163;land;false;plains;1
14517;109;163;198;land;false;plains;1
14518;24;101;147;land;false;plains;1
14519;113;205;50;land;false;low_urban;1
14520;169;204;198;land;false;forest;1
14521;97;186;82;land;false;plains;1
14522;170;209;128;land;false;plains;1
14523;51;116;128;land;false;forest;1
14524;93;178;198;land;false;plains;1
14525;147;187;221;land;false;low_urban;1
14526;58;140;194;land;false;plains;1
14527;137;172;193;land;false;plains;1
14528;167;35;35;land;false;plains;1
14529;70;167;255;land;false;urban;1
14530;116;190;74;land;false;forest;1
14531;82;163;182;land;false;forest;1
14532;155;62;174;land;true;plains;1
14533;89;155;116;land;false;plains;1
14534;170;186;116;land;false;forest;1
14535;28;35;66;land;false;plains;1
14536;39;16;155;land;false;plains;1
14537;225;186;62;land;false;forest;1
14538;182;85;209;land;false;forest;1
14539;51;140;209;land;false;forest;1
14540;89;186;55;land;false;forest;1
14541;159;186;97;land;false;forest;1
14542;58;163;78;land;false;plains;1
14543;43;198;190;land;false;forest;1
14544;170;66;132;land;false;plains;1
14545;116;167;194;land;false;plains;1
14546;190;113;116;land;false;plains;1
14547;62;178;82;land;false;plains;1
14548;82;186;178;land;true;plains;1
14549;186;55;132;land;false;low_urban;1
14550;28;97;182;land;false;plains;1
14551;66;186;74;land;true;plains;1
14552;51;198;178;land;false;plains;1
14553;221;194;82;land;false;plains;1
14554;178;136;194;land;false;desert;1
14555;8;58;194;land;false;forest;1
14556;120;178;105;land;true;plains;1
14557;45;178;182;land;false;plains;1
14558;186;143;47;land;false;plains;1
14559;209;205;113;land;false;forest;1
14560;89;167;113;land;true;plains;1
14561;51;66;93;land;false;forest;1
14562;62;194;70;land;false;plains;1
14563;116;28;62;land;false;forest;1
14564;70;174;181;land;false;plains;1
14565;128;143;140;land;false;forest;1
14566;74;205;178;land;false;forest;1
14567;174;174;85;land;false;plains;1
14568;82;213;82;land;false;plains;1
14569;182;78;163;land;false;plains;1
14570;124;178;93;land;false;plains;1
14571;93;213;174;land;false;plains;1
14572;51;51;82;land;false;plains;1
14573;101;120;174;land;false;plains;1
14574;50;43;190;land;false;forest;1
14575;124;178;51;land;false;low_urban;1
14576;109;178;167;land;false;plains;1
14577;124;213;85;land;false;plains;1
14578;82;132;159;land;false;plains;1
14579;70;140;62;land;false;plains;1
14580;28;66;58;land;false;plains;1
14581;71;165;194;land;false;forest;1
14582;43;70;170;land;false;plains;1
14583;85;198;58;land;false;low_urban;1
14584;182;213;174;land;false;plains;1
14585;155;217;74;land;false;forest;1
14586;35;47;163;land;false;plains;1
14587;82;147;124;land;false;plains;1
14588;93;85;186;land;false;forest;1
14589;151;167;113;land;false;plains;1
14590;85;105;178;land;false;plains;1
14591;120;178;209;land;false;plains;1
14592;174;124;78;land;false;forest;1
14593;205;186;47;land;false;plains;1
14594;170;105;85;land;false;forest;1
14595;124;198;201;land;false;plains;1
14596;70;213;66;land;false;plains;1
14597;89;151;170;land;false;plains;1
14598;113;39;12;land;false;plains;1
14599;159;163;170;land;false;forest;1
14600;97;109;186;land;false;plains;1
14601;55;70;128;land;false;plains;1
14602;190;70;74;land;false;plains;1
14603;147;151;55;land;false;plains;1
14604;47;182;201;land;false;forest;1
14605;182;19;47;land;false;plains;1
14606;136;82;132;land;false;plains;1
14607;66;128;190;land;false;plains;1
14608;55;213;70;land;false;plains;1
14609;136;205;190;land;false;plains;1
14610;190;116;120;land;false;plains;1
14611;85;201;74;land;false;low_urban;1
14612;55;93;205;land;false;plains;1
14613;24;47;128;land;false;plains;1
14614;89;155;163;land;false;forest;1
14615;136;39;97;land;false;forest;1
14616;66;143;85;land;false;forest;1
14617;82;62;143;land;false;forest;1
14618;43;39;159;land;false;low_urban;1
14619;186;66;174;land;false;plains;1
14620;74;62;78;land;false;plains;1
14621;39;62;167;land;false;plains;1
14622;143;159;70;land;false;plains;1
14623;97;62;174;land;false;plains;1
14624;55;155;174;land;false;plains;1
14625;97;174;66;land;false;plains;1
14626;147;190;163;land;false;plains;1
14627;113;89;85;land;false;plains;1
14628;159;8;28;land;false;plains;1
14629;101;66;128;land;false;plains;1
14630;58;178;62;land;false;plains;1
14631;151;178;178;land;false;low_urban;1
14632;201;78;78;land;false;plains;1
14633;178;182;78;land;false;forest;1
14634;47;97;194;land;false;plains;1
14635;136;62;147;land;false;plains;1
14636;58;105;163;land;false;plains;1
14637;82;205;85;land;false;plains;1
14638;198;232;66;land;false;plains;1
14639;140;20;55;land;false;plains;1
14640;147;70;167;land;false;plains;1
14641;194;143;82;land;false;plains;1
14642;66;205;113;land;false;plains;1
14643;47;85;170;land;false;forest;1
14644;219;142;201;land;false;plains;1
14645;190;51;66;land;false;plains;1
14646;89;62;209;land;false;urban;1
14647;35;167;190;land;false;plains;1
14648;94;176;105;land;false;plains;1
14649;74;66;255;land;false;plains;1
14650;124;163;58;land;false;plains;1
14651;113;51;167;land;false;plains;1
14652;74;155;178;land;false;plains;1
14653;186;62;89;land;false;low_urban;1
14654;174;194;70;land;false;plains;1
14655;70;62;159;land;false;plains;1
14656;132;190;105;land;false;plains;1
14657;186;116;155;land;false;plains;1
14658;128;163;228;land;false;plains;1
14659;143;205;62;land;false;plains;1
14660;58;194;174;land;false;plains;1
14661;89;120;136;land;false;plains;1
14662;132;35;51;land;false;plains;1
14663;93;209;149;land;false;plains;1
14664;213;155;66;land;false;plains;1
14665;155;198;124;land;false;plains;1
14666;82;55;124;land;false;forest;1
14667;101;209;136;land;false;plains;1
14668;163;136;51;land;false;plains;1
14669;74;198;174;land;false;plains;1
14670;116;93;174;land;false;plains;1
14671;31;178;228;land;false;forest;1
14672;12;70;47;land;false;plains;1
14673;109;194;217;land;false;plains;1
14674;66;82;170;land;false;plains;1
14675;170;159;105;land;false;plains;1
14676;89;167;151;land;false;plains;1
14677;163;120;89;land;false;plains;1
14678;62;109;186;land;false;plains;1
14679;151;217;89;land;false;low_urban;1
14680;186;74;62;land;false;plains;1
14681;136;186;190;land;false;plains;1
14682;74;124;178;land;false;plains;1
14683;174;194;58;land;false;forest;1
14684;39;62;93;land;false;plains;1
14685;155;178;159;land;false;forest;1
14686;198;82;136;land;false;plains;1
14687;109;194;93;land;false;plains;1
14688;159;128;190;land;false;plains;1
14689;89;221;128;land;false;plains;1
14690;74;93;89;land;false;plains;1
14691;136;167;89;land;false;plains;1
14692;151;201;213;land;false;plains;1
14693;62;116;217;land;false;plains;1
14694;128;163;120;land;false;plains;1
14695;74;93;159;land;false;plains;1
14696;47;109;209;land;false;plains;1
14697;190;47;70;land;false;forest;1
14698;213;163;70;land;false;forest;1
14699;159;105;66;land;false;plains;1
14700;124;82;174;land;false;plains;1
14701;201;201;101;land;false;plains;1
14702;89;170;89;land;false;forest;1
14703;163;190;147;land;false;forest;1
14704;66;74;178;land;false;plains;1
14705;109;190;132;land;false;forest;1
14706;78;116;167;land;false;forest;1
14707;217;93;151;land;false;forest;1
14708;120;132;182;land;false;forest;1
14709;147;47;28;land;false;forest;1
14710;163;24;58;land;false;forest;1
14711;85;66;105;land;false;forest;1
14712;109;155;182;land;false;forest;1
14713;167;174;62;land;false;forest;1
14714;163;51;182;land;false;forest;1
14715;205;43;82;land;false;forest;1
14716;225;186;136;land;true;forest;1
14717;186;217;62;land;false;plains;1
14718;47;170;55;land;false;forest;1
14719;62;198;147;land;false;forest;1
14720;62;89;190;land;false;forest;1
14721;113;39;31;land;false;forest;1
14722;62;155;221;land;false;forest;1
14723;39;55;120;land;false;plains;1
14724;178;174;101;land;false;forest;1
14725;217;66;31;land;false;forest;1
14726;109;167;194;land;false;forest;1
14727;147;4;39;land;false;low_urban;1
14728;70;178;51;land;false;forest;1
14729;221;78;128;land;false;plains;1
14730;186;190;51;land;false;forest;1
14731;194;70;58;land;false;plains;1
14732;186;55;62;land;false;plains;1
14733;147;82;174;land;false;plains;1
14734;209;178;105;land;false;low_urban;1
14735;62;143;51;land;false;low_urban;1
14736;39;78;182;land;false;forest;1
14737;182;43;70;land;false;forest;1
14738;124;159;178;land;false;plains;1
14739;39;51;217;land;false;plains;1
14740;155;85;159;land;false;plains;1
14741;209;182;70;land;false;forest;1
14742;213;58;43;land;false;plains;1
14743;140;120;155;land;false;forest;1
14744;78;182;78;land;false;forest;1
14745;116;201;198;land;false;forest;1
14746;147;82;116;land;false;plains;1
14747;140;163;62;land;false;forest;1
14748;55;97;205;land;false;forest;1
14749;201;163;89;land;false;plains;1
14750;70;116;186;land;false;low_urban;1
14751;39;167;116;land;false;plains;1
14752;205;182;136;land;false;plains;1
14753;170;66;55;land;false;plains;1
14754;132;20;163;land;false;plains;1
14755;62;163;113;land;false;plains;1
14756;190;97;55;land;false;plains;1
14757;28;43;178;land;false;forest;1
14758;116;186;116;land;false;plains;1
14759;113;109;198;land;false;plains;1
14760;70;186;105;land;false;plains;1
14761;186;47;105;land;false;plains;1
14762;147;155;198;land;false;low_urban;3
14763;78;97;198;land;false;forest;3
14764;201;35;31;land;false;forest;1
14765;174;167;82;land;false;plains;3
14766;89;82;167;land;false;forest;1
14767;194;35;58;land;false;plains;1
14768;190;190;116;land;false;plains;1
14769;70;159;85;land;false;low_urban;1
14770;151;178;55;land;true;plains;1
14771;170;170;113;land;true;plains;1
14772;78;62;140;land;true;low_urban;1
14773;190;163;66;land;true;urban;1
14774;55;78;93;land;true;urban;1
14775;201;55;66;land;false;urban;1
14776;70;136;39;land;false;urban;1
14777;43;82;163;land;true;low_urban;1
14778;70;155;205;land;true;urban;1
14779;167;147;120;land;false;low_urban;1
14780;101;190;62;land;false;low_urban;1
14781;167;70;62;land;false;forest;1
14782;93;116;163;land;false;urban;1
14783;113;93;178;land;false;urban;1
14784;70;62;132;land;false;low_urban;3
14785;55;167;194;land;false;plains;3
14786;167;109;124;land;false;plains;3
14787;116;190;167;land;false;plains;3
14788;205;82;101;land;false;plains;3
14789;167;43;58;land;false;plains;3
14790;101;159;58;land;false;plains;3
14791;55;186;155;land;false;plains;3
14792;182;109;124;land;false;plains;3
14793;89;174;113;land;false;forest;3
14794;43;78;136;land;false;plains;3
14795;28;159;205;land;false;plains;3
14796;182;70;89;land;false;plains;3
14797;140;163;159;land;false;plains;3
14798;78;93;128;land;false;plains;3
14799;85;198;82;land;false;plains;3
14800;174;66;116;land;false;plains;3
14801;106;181;147;land;false;plains;3
14802;116;163;55;land;false;plains;3
14803;78;101;147;land;false;low_urban;3
14804;170;213;128;land;false;plains;3
14805;85;140;194;land;false;plains;3
14806;155;55;143;land;false;plains;3
14807;82;39;174;land;false;plains;3
14808;182;105;43;land;false;plains;3
14809;198;190;120;land;false;low_urban;3
14810;120;62;93;land;false;plains;3
14811;109;198;78;land;false;plains;3
14812;78;140;136;land;false;forest;3
14813;140;66;78;land;false;plains;3
14814;221;182;35;land;false;plains;3
14815;58;136;62;land;false;plains;3
14816;151;186;35;land;false;plains;3
14817;82;93;163;land;false;plains;3
14818;70;170;89;land;false;forest;3
14819;47;209;201;land;false;plains;3
14820;255;201;81;land;false;forest;3
14821;198;82;51;land;false;forest;3
14822;128;170;93;land;false;forest;3
14823;28;201;58;land;false;forest;3
14824;20;62;143;land;false;plains;3
14825;167;93;97;land;false;low_urban;3
14826;120;174;186;land;false;plains;3
14827;163;97;51;land;false;forest;3
14828;167;186;51;land;false;plains;3
14829;82;109;51;land;false;plains;3
14830;194;132;140;land;false;plains;3
14831;147;167;62;land;false;forest;3
14832;190;70;39;land;false;plains;3
14833;39;35;74;land;false;plains;3
14834;124;167;58;land;false;plains;3
14835;62;74;167;land;false;plains;3
14836;232;178;93;land;false;plains;3
14837;143;163;186;land;false;plains;3
14838;58;93;140;land;false;low_urban;3
14839;194;167;66;land;false;forest;3
14840;128;78;136;land;false;plains;3
14841;74;190;89;land;false;forest;3
14842;201;136;128;land;false;plains;3
14843;186;74;85;land;false;low_urban;3
14844;140;167;159;land;false;forest;3
14845;78;82;186;land;false;plains;3
14846;124;174;82;land;false;plains;3
14847;97;66;182;land;false;plains;3
14848;182;136;62;land;false;marsh;3
14849;124;201;105;land;false;plains;3
14850;70;78;178;land;false;plains;3
14851;190;24;58;land;false;plains;3
14852;217;190;97;land;false;plains;3
14853;151;120;167;land;false;plains;3
14854;105;70;74;land;false;plains;3
14855;58;194;62;land;false;plains;3
14856;190;116;89;land;false;plains;3
14857;209;58;124;land;false;forest;3
14858;170;190;82;land;true;forest;3
14859;82;70;155;land;false;plains;3
14860;167;178;85;land;false;plains;3
14861;58;198;24;land;false;forest;3
14862;143;147;74;land;false;forest;3
14863;74;85;151;land;false;forest;3
14864;35;186;201;land;false;plains;3
14865;35;163;78;land;false;plains;3
14866;35;93;167;land;false;forest;3
14867;74;136;89;land;false;low_urban;1
14868;55;105;190;land;false;forest;1
14869;66;209;225;land;false;forest;1
14870;217;205;55;land;false;forest;1
14871;217;66;28;land;true;plains;1
14872;82;167;147;land;true;plains;1
14873;51;82;209;land;true;plains;1
14874;116;182;35;land;false;forest;1
14875;178;43;74;land;true;forest;1
14876;217;82;43;land;true;plains;1
14877;151;170;85;land;true;low_urban;1
14878;85;74;190;land;true;forest;1
14879;217;167;51;land;false;forest;1
14880;151;101;136;land;false;forest;1
14881;89;190;58;land;false;plains;1
14882;190;74;167;land;false;plains;1
14883;113;167;85;land;false;plains;1
14884;190;101;55;land;false;plains;1
14885;205;209;105;land;false;plains;1
14886;170;55;163;land;false;forest;1
14887;51;89;120;land;false;plains;1
14888;124;174;186;land;false;plains;1
14889;201;89;78;land;false;plains;1
14890;209;186;78;land;false;plains;1
14891;55;70;167;land;false;forest;3
14892;116;151;205;land;false;plains;3
14893;163;178;74;land;false;plains;3
14894;201;170;140;land;false;plains;3
14895;78;170;101;land;false;plains;3
14896;163;51;43;land;false;forest;3
14897;221;143;39;land;false;forest;3
14898;178;82;186;land;false;forest;3
14899;109;151;217;land;false;forest;3
14900;159;74;85;land;false;plains;3
14901;116;132;51;land;false;plains;3
14902;198;194;85;land;false;forest;3
14903;182;89;143;land;false;plains;3
14904;78;43;58;land;false;plains;3
14905;167;159;178;land;false;forest;3
14906;186;97;70;land;false;plains;3
14907;128;170;128;land;false;forest;3
14908;78;97;205;land;false;forest;3
14909;105;51;120;land;false;plains;3
14910;174;51;66;land;false;plains;3
14911;194;116;147;land;false;plains;3
14912;143;155;66;land;false;low_urban;3
14913;89;74;167;land;false;plains;3
14914;89;209;78;land;false;low_urban;3
14915;89;209;174;land;false;plains;3
14916;51;113;221;land;false;plains;3
14917;140;55;140;land;false;plains;3
14918;201;228;82;land;false;plains;3
14919;167;85;39;land;false;plains;3
14920;155;35;190;land;false;plains;3
14921;85;31;43;land;false;plains;3
14922;66;167;93;land;true;forest;1
14923;66;109;178;land;true;forest;1
14924;178;217;74;land;false;forest;1
14925;132;66;186;land;false;plains;1
14926;213;159;170;land;false;forest;1
14927;74;174;58;land;true;forest;1
14928;116;51;70;land;true;plains;1
14929;190;209;209;land;false;forest;1
14930;62;128;178;land;false;plains;1
14931;55;178;62;land;true;plains;1
14932;159;66;167;land;false;plains;1
14933;170;194;82;land;true;plains;1
14934;58;89;159;land;true;low_urban;1
14935;82;167;85;land;true;plains;1
14936;113;31;136;land;true;plains;1
14937;178;167;85;land;false;plains;1
14938;213;128;213;land;false;forest;1
14939;178;66;66;land;false;plains;1
14940;89;198;217;land;false;plains;1
14941;140;205;16;land;false;plains;1
14942;47;58;225;land;false;plains;1
14943;178;85;167;land;false;plains;1
14944;186;228;39;land;false;plains;1
14945;101;143;93;land;false;forest;1
14946;213;201;136;land;true;forest;1
14947;85;51;33;land;true;forest;1
14948;47;89;170;land;true;plains;1
14949;167;82;159;land;false;plains;1
14950;132;182;97;land;true;low_urban;1
14951;105;140;194;land;true;plains;1
14952;178;39;70;land;false;forest;1
14953;228;82;182;land;true;forest;1
14954;159;82;147;land;true;plains;1
14955;225;201;74;land;false;forest;1
14956;194;93;116;land;false;forest;1
14957;159;213;4;land;false;forest;1
14958;147;151;205;land;true;plains;1
14959;198;66;74;land;false;forest;1
14960;151;89;178;land;false;forest;1
14961;66;70;66;land;false;forest;1
14962;20;43;190;land;false;forest;1
14963;198;186;101;land;false;forest;1
14964;174;116;182;land;false;forest;1
14965;113;190;89;land;true;forest;1
14966;105;82;35;land;false;forest;1
14967;170;151;89;land;false;low_urban;1
14968;209;198;51;land;true;plains;1
14969;174;85;174;land;true;plains;1
14970;151;35;43;land;false;plains;1
14971;178;201;85;land;false;plains;1
14972;143;109;51;land;false;low_urban;1
14973;39;190;66;land;false;plains;1
14974;85;93;182;land;false;forest;1
14975;194;167;101;land;false;forest;1
14976;201;105;163;land;false;forest;1
14977;51;39;89;land;false;forest;1
14978;89;155;194;land;false;forest;1
14979;35;93;151;land;false;plains;1
14980;190;163;74;land;false;plains;1
14981;47;209;43;land;false;plains;1
14982;209;12;62;land;false;plains;1
14983;167;190;51;land;false;forest;1
14984;93;109;186;land;false;forest;1
14985;62;151;70;land;false;plains;1
14986;159;47;132;land;false;plains;1
14987;213;109;198;land;false;plains;1
14988;89;198;66;land;false;plains;1
14989;51;101;143;land;false;urban;1
14990;93;163;217;land;false;plains;1
14991;178;62;190;land;false;plains;1
14992;163;201;124;land;false;plains;1
14993;74;155;51;land;false;plains;1
14994;170;43;124;land;false;plains;1
14995;113;101;205;land;false;plains;1
14996;205;221;89;land;false;plains;1
14997;205;35;116;land;false;plains;1
14998;170;174;198;land;false;plains;1
14999;39;97;82;land;false;plains;1
15000;93;82;186;land;false;plains;1
15001;147;182;55;land;false;plains;1
15002;198;55;101;land;false;plains;1
15003;66;201;39;land;false;plains;1
15004;66;105;93;land;false;plains;1
15005;132;31;74;land;false;plains;1
15006;85;167;182;land;false;low_urban;2
15007;198;58;58;land;false;plains;2
15008;167;205;132;land;false;forest;2
15009;163;128;113;land;false;plains;1
15010;109;174;70;land;false;plains;2
15011;163;136;174;land;false;forest;2
15012;82;51;74;land;true;plains;2
15013;178;24;43;land;false;forest;2
15014;182;186;24;land;false;forest;2
15015;66;101;190;land;true;plains;2
15016;43;163;51;land;true;plains;2
15017;113;55;140;land;false;forest;2
15018;66;198;85;land;false;forest;2
15019;35;228;198;land;false;forest;2
15020;174;120;109;land;false;forest;2
15021;213;209;78;land;false;forest;2
15022;62;93;143;land;false;forest;2
15023;163;174;198;land;false;forest;2
15024;205;39;47;land;false;forest;2
15025;147;221;93;land;false;forest;2
15026;217;85;170;land;false;forest;2
15027;113;213;201;land;false;forest;2
15028;43;232;51;land;true;low_urban;2
15029;151;93;89;land;false;forest;2
15030;85;201;201;land;false;forest;2
15031;213;39;28;land;true;forest;2
15032;205;194;16;land;false;plains;2
15033;51;93;178;land;true;forest;2
15034;194;217;39;land;false;forest;2
15035;58;182;62;land;false;forest;2
15036;31;221;194;land;false;forest;2
15037;120;182;82;land;true;forest;2
15038;163;55;58;land;false;plains;2
15039;213;89;58;land;false;forest;2
15040;105;43;182;land;true;forest;2
15041;194;159;151;land;false;plains;2
15042;205;74;28;land;true;plains;2
15043;213;194;82;land;true;forest;2
15044;132;194;205;land;false;plains;2
15045;55;194;47;land;true;forest;2
15046;147;74;28;land;false;forest;1
15047;162;128;113;land;false;forest;2
15048;35;89;28;land;true;forest;1
15049;201;174;28;land;false;forest;1
15050;182;39;74;land;false;forest;1
15051;55;159;159;land;true;low_urban;1
15052;147;62;70;land;true;plains;1
15053;66;201;35;land;false;plains;1
15054;136;78;174;land;true;low_urban;1
15055;198;225;19;land;false;forest;1
15056;62;147;194;land;false;forest;1
15057;201;93;97;land;false;plains;1
15058;74;35;35;land;true;forest;1
15059;51;24;194;land;false;forest;1
15060;47;182;66;land;false;forest;1
15061;186;236;51;land;false;forest;1
15062;253;55;170;land;false;forest;1
15063;186;93;66;land;true;forest;1
15064;78;217;213;land;false;forest;1
15065;8;186;62;land;false;forest;1
15066;190;105;143;land;false;forest;1
15067;198;201;81;land;true;plains;1
15068;225;24;47;land;true;plains;1
15069;62;232;43;land;true;plains;1
15070;62;232;201;land;false;forest;1
15071;209;55;232;land;false;forest;1
15072;178;201;74;land;false;plains;1
15073;190;39;31;land;false;plains;1
15074;116;217;225;land;false;plains;1
15075;58;47;124;land;false;plains;1
15076;35;163;39;land;false;plains;1
15077;12;209;186;land;false;plains;1
15078;182;51;194;land;false;forest;1
15079;62;78;213;land;false;forest;1
15080;217;174;43;land;false;plains;1
15081;159;78;167;land;false;forest;1
15082;136;186;36;land;true;plains;1
15083;140;58;89;land;false;plains;1
15084;194;151;51;land;true;forest;1
15085;155;62;140;land;false;plains;1
15086;209;198;120;land;true;forest;1
15087;55;213;74;land;true;forest;1
15088;198;225;109;land;true;forest;1
15089;186;213;31;land;false;forest;1
15090;213;151;120;land;true;forest;1
15091;186;39;62;land;false;forest;1
15092;217;221;43;land;false;forest;1
15093;24;163;182;land;false;forest;1
15094;170;116;22;land;true;forest;1
15095;124;178;78;land;false;forest;1
15096;78;82;198;land;true;forest;3
15097;58;55;109;land;false;plains;4
15098;35;82;209;land;true;forest;3
15099;82;201;82;land;false;forest;3
15100;198;47;82;land;false;plains;3
15101;58;155;109;land;true;low_urban;3
15102;43;74;155;land;false;plains;3
15103;190;170;66;land;false;plains;3
15104;174;97;74;land;false;plains;3
15105;209;43;201;land;false;plains;3
15106;93;43;70;land;false;plains;3
15107;155;151;51;land;false;plains;1
15108;74;194;201;land;false;plains;1
15109;85;78;151;land;false;forest;1
15110;194;194;198;land;true;forest;1
15111;217;82;82;land;true;forest;1
15112;217;182;43;land;true;forest;1
15113;47;82;124;land;false;forest;1
15114;190;82;51;land;false;forest;1
15115;170;62;201;land;true;forest;3
15116;82;140;186;land;true;low_urban;1
15117;209;209;74;land;false;plains;3
15118;124;143;209;land;true;forest;1
15119;62;78;167;land;true;plains;1
15120;43;170;217;land;false;plains;1
15121;93;209;66;land;false;plains;1
15122;159;128;143;land;false;plains;1
15123;163;163;82;land;false;plains;1
15124;136;205;55;land;false;plains;1
15125;225;205;198;land;false;plains;1
15126;147;66;155;land;false;plains;1
15127;78;190;62;land;false;plains;1
15128;47;58;178;land;false;plains;3
15129;174;113;66;land;false;plains;3
15130;201;62;174;land;false;plains;1
15131;136;198;174;land;false;plains;1
15132;78;51;51;land;false;plains;1
15133;43;78;201;land;false;forest;1
15134;217;105;47;land;false;plains;1
15135;213;198;43;land;false;forest;1
15136;120;222;189;land;true;low_urban;1
15137;182;93;239;land;false;forest;1
15138;201;204;125;land;true;forest;1
15139;133;51;80;land;false;forest;1
15140;36;165;72;land;false;forest;1
15141;197;27;143;land;true;forest;1
15142;154;246;74;land;true;forest;1
15143;149;29;95;land;true;forest;1
15144;45;144;156;land;true;forest;1
15145;193;129;54;land;true;forest;1
15146;48;175;178;land;true;forest;1
15147;171;47;78;land;true;forest;1
15148;55;77;10;land;false;plains;1
15149;146;94;154;land;true;plains;1
15150;157;117;139;land;false;forest;1
15151;66;212;101;land;true;forest;1
15152;116;176;99;land;false;forest;1
15153;125;85;243;land;false;plains;1
15154;53;150;181;land;false;plains;1
15155;19;184;168;land;false;plains;1
15156;136;84;236;land;false;plains;1
15157;158;196;170;land;false;low_urban;1
15158;193;203;131;land;false;plains;1
15159;209;243;67;land;false;plains;1
15160;150;251;38;land;false;plains;1
15161;237;114;127;land;false;plains;1
15162;84;31;124;land;true;plains;1
15163;13;210;113;land;false;plains;1
15164;249;130;204;land;false;plains;1
15165;91;102;51;land;true;forest;1
15166;4;157;196;land;false;forest;1
15167;137;110;239;land;false;plains;1
15168;205;114;55;land;false;plains;1
15169;172;147;119;land;false;plains;1
15170;104;149;203;land;false;plains;3
15171;183;206;67;land;false;plains;1
15172;41;134;146;land;false;plains;1
15173;40;11;136;land;false;plains;3
15174;100;204;108;land;false;low_urban;3
15175;191;175;3;land;false;forest;3
15176;133;44;9;land;false;plains;3
15177;14;92;170;land;false;forest;3
15178;92;107;92;land;false;forest;3
15179;119;10;167;land;false;forest;3
15180;182;21;122;land;false;plains;1
15181;43;94;28;land;false;plains;3
15182;181;123;55;land;false;plains;3
15183;209;178;89;land;false;low_urban;3
15184;247;94;172;land;false;forest;3
15185;64;26;240;land;false;plains;3
15186;167;48;159;land;false;forest;3
15187;245;98;54;land;false;forest;3
15188;67;146;143;land;false;forest;3
15189;57;60;73;land;false;plains;3
15190;139;160;193;land;false;plains;3
15191;21;73;161;land;false;forest;3
15192;72;155;153;land;false;forest;3
15193;97;171;126;land;false;plains;3
15194;137;65;29;land;false;forest;3
15195;128;14;135;land;false;plains;3
15196;148;34;65;land;false;plains;3
15197;180;168;100;land;false;plains;3
15198;91;202;77;land;false;plains;3
15199;192;131;151;land;false;marsh;1
15200;195;87;250;land;false;plains;1
15201;252;192;59;land;false;plains;1
15202;163;76;162;land;false;forest;3
15203;199;21;147;land;false;forest;1
15204;86;139;22;land;false;forest;1
15205;177;184;82;land;false;plains;1
15206;81;168;216;land;false;low_urban;1
15207;1;144;93;land;false;plains;3
15208;20;24;212;land;false;plains;3
15209;78;154;168;land;false;forest;3
15210;146;243;140;land;false;low_urban;3
15211;88;162;236;land;false;plains;3
15212;28;27;227;land;false;plains;3
15213;74;163;205;land;false;plains;3
15214;196;247;119;land;false;plains;3
15215;65;232;1;land;false;forest;3
15216;29;13;72;land;false;forest;3
15217;39;205;146;land;false;forest;3
15218;119;218;108;land;false;forest;3
15219;26;90;239;land;false;forest;3
15220;181;103;111;land;false;forest;3
15221;231;46;41;land;false;forest;3
15222;187;17;252;land;false;forest;3
15223;218;62;10;land;false;forest;3
15224;105;37;108;land;false;plains;3
15225;151;137;30;land;false;forest;3
15226;216;146;17;land;false;plains;3
15227;139;226;135;land;false;forest;3
15228;246;236;183;land;false;forest;3
15229;105;237;31;land;false;forest;3
15230;107;3;113;land;false;forest;3
15231;6;34;29;land;false;forest;3
15232;188;126;139;land;false;forest;3
15233;130;142;19;land;false;forest;3
15234;196;218;139;land;false;plains;3
15235;250;236;154;land;false;forest;3
15236;148;190;121;land;false;plains;3
15237;142;15;21;land;false;plains;3
15238;12;34;42;land;false;plains;3
15239;120;254;129;land;false;plains;1
15240;238;98;24;land;false;plains;3
15241;6;129;189;land;false;low_urban;1
15242;35;221;149;land;false;plains;1
15243;107;45;213;land;false;low_urban;1
15244;204;79;195;land;false;plains;1
15245;254;122;203;land;false;plains;1
15246;160;53;20;land;false;plains;1
15247;32;95;72;land;false;plains;1
15248;137;200;244;land;true;plains;1
15249;33;97;222;land;false;plains;1
15250;43;166;173;land;false;plains;1
15251;120;245;231;land;true;plains;1
15252;211;171;111;land;false;plains;1
15253;215;59;249;land;false;plains;1
15254;139;200;149;land;false;forest;1
15255;85;204;194;land;false;plains;1
15256;179;104;116;land;false;plains;1
15257;40;185;155;land;false;forest;1
15258;74;111;194;land;true;plains;1
15259;242;251;45;land;false;plains;1
15260;184;118;32;land;false;forest;1
15261;172;47;169;land;false;forest;1
15262;73;188;70;land;false;forest;1
15263;86;148;15;land;false;plains;1
15264;209;75;226;land;false;forest;1
15265;236;13;241;land;true;plains;1
15266;151;225;103;land;false;plains;1
15267;77;72;14;land;false;plains;1
15268;191;189;243;land;false;forest;1
15269;53;128;12;land;false;plains;1
15270;219;172;252;land;false;forest;1
15271;203;195;145;land;false;plains;1
15272;114;109;238;land;false;plains;1
15273;224;209;128;land;false;plains;1
15274;122;155;38;land;false;plains;1
15275;194;136;150;land;false;plains;1
15276;143;223;236;land;false;forest;1
15277;61;253;185;land;false;plains;1
15278;13;250;167;land;false;plains;1
15279;209;37;1;land;false;plains;1
15280;146;186;222;land;false;plains;1
15281;98;224;46;land;false;forest;1
15282;247;75;117;land;false;plains;1
15283;56;246;130;land;false;forest;1
15284;86;217;218;land;false;low_urban;1
15285;208;14;48;land;false;plains;1
15286;144;205;49;land;false;plains;1
15287;35;55;132;land;false;plains;1
15288;76;220;42;land;false;plains;1
15289;169;215;119;land;false;plains;1
15290;190;240;111;land;false;low_urban;1
15291;49;208;121;land;false;plains;1
15292;156;207;96;land;false;plains;1
15293;115;116;193;land;false;plains;1
15294;148;220;66;land;false;plains;1
15295;198;174;76;land;false;plains;1
15296;176;122;86;land;false;plains;1
15297;216;156;252;land;false;forest;1
15298;12;30;171;land;false;plains;1
15299;180;167;224;land;false;plains;1
15300;180;70;253;land;false;plains;1
15301;136;26;120;land;false;plains;1
15302;180;70;255;land;false;plains;1
15303;16;224;51;land;false;urban;1
15304;66;240;136;land;false;industrial;1
15305;7;105;109;land;false;plains;1
15306;3;184;237;land;true;plains;1
15307;167;1;40;land;true;plains;1
15308;240;251;184;land;true;plains;1
15309;192;182;203;land;false;forest;1
15310;9;60;155;land;false;plains;1
15311;89;177;51;land;true;plains;1
15312;66;139;194;land;false;plains;1
15313;205;6;247;land;false;plains;1
15314;118;144;244;land;false;plains;1
15315;212;87;217;land;false;plains;1
15316;198;126;86;land;false;plains;1
15317;43;32;64;land;false;plains;1
15318;32;230;85;land;false;plains;1
15319;197;161;132;land;false;forest;1
15320;182;85;56;land;true;plains;1
15321;103;149;191;land;true;plains;1
15322;79;21;157;land;true;plains;1
15323;134;248;87;land;false;plains;1
15324;116;95;179;land;true;plains;1
15325;231;100;188;land;true;plains;1
15326;236;210;122;land;true;plains;1
15327;130;61;56;land;false;plains;1
15328;2;130;66;land;true;urban;1
15329;143;194;105;land;true;urban;1
15330;11;202;198;land;false;urban;1
15331;8;32;20;land;true;urban;1
15332;15;28;242;land;false;forest;1
15333;49;220;29;land;true;industrial;1
15334;35;94;48;land;false;forest;1
15335;70;248;102;land;true;low_urban;1
15336;28;159;113;land;false;plains;1
15337;66;37;162;land;false;forest;1
15338;103;129;31;land;false;forest;1
15339;229;81;252;land;false;forest;1
15340;107;90;88;land;false;forest;1
15341;236;249;116;land;false;forest;1
15342;192;241;153;land;false;forest;1
15343;95;187;143;land;false;forest;1
15344;134;124;235;land;false;forest;1
15345;46;63;15;land;false;forest;1
15346;231;145;61;land;false;forest;1
15347;128;211;158;land;false;forest;1
15348;185;7;181;land;false;forest;1
15349;17;205;172;land;false;plains;1
15350;210;89;154;land;false;forest;1
15351;28;118;158;land;false;plains;1
15352;221;66;60;land;false;forest;1
15353;245;72;143;land;false;forest;1
15354;220;88;147;land;false;forest;1
15355;197;125;235;land;false;forest;1
15356;73;44;205;land;false;forest;1
15357;46;250;205;land;false;forest;1
15358;113;242;46;land;false;plains;1
15359;44;169;159;land;false;forest;1
15360;64;154;137;land;false;plains;1
15361;95;219;207;land;false;plains;1
15362;82;60;195;land;false;plains;1
15363;211;39;66;land;false;plains;1
15364;238;208;107;land;false;forest;1
15365;87;69;69;land;false;plains;1
15366;1;198;155;land;false;forest;1
15367;254;184;67;land;false;forest;1
15368;88;29;154;land;false;forest;1
15369;168;229;15;land;false;plains;1
15370;77;125;209;land;false;forest;1
15371;99;117;125;land;false;plains;1
15372;207;64;139;land;false;plains;1
15373;37;143;31;land;false;forest;1
15374;200;168;178;land;false;forest;1
15375;127;48;4;land;false;forest;1
15376;180;181;25;land;false;plains;1
15377;215;20;63;land;false;forest;1
15378;173;217;153;land;false;forest;1
15379;36;212;163;land;false;plains;1
15380;180;48;22;land;false;forest;1
15381;206;132;125;land;false;forest;1
15382;72;110;254;land;false;forest;1
15383;95;214;121;land;false;forest;1
15384;212;32;196;land;true;forest;1
15385;74;204;132;land;false;forest;1
15386;148;202;103;land;true;plains;1
15387;189;200;72;land;false;forest;1
15388;216;166;104;land;false;forest;1
15389;11;78;182;land;true;plains;1
15390;182;44;157;land;false;forest;1
15391;142;254;13;land;true;forest;1
15392;95;32;99;land;false;forest;1
15393;136;106;94;land;false;forest;1
15394;95;217;152;land;false;forest;1
15395;182;247;55;land;true;low_urban;1
15396;139;220;85;land;true;plains;1
15397;202;159;23;land;false;plains;1
15398;26;205;147;land;true;plains;1
15399;51;75;107;land;true;plains;1
15400;76;130;221;land;true;plains;1
15401;234;29;100;land;true;plains;1
15402;108;72;60;land;true;forest;1
15403;109;92;136;land;true;forest;1
15404;226;107;252;land;true;low_urban;1
15405;232;134;173;land;false;plains;1
15406;64;133;180;land;false;plains;1
15407;41;74;208;land;true;forest;1
15408;184;187;94;land;true;plains;1
15409;75;22;177;land;true;plains;1
15410;185;162;209;land;false;forest;1
15411;119;17;184;land;false;plains;1
15412;77;233;196;land;false;forest;1
15413;90;132;153;land;false;forest;1
15414;132;170;69;land;false;forest;1
15415;79;131;71;land;false;forest;1
15416;80;136;184;land;false;plains;1
15417;205;172;162;land;false;plains;1
15418;152;136;244;land;false;plains;1
15419;131;89;212;land;false;plains;1
15420;190;10;57;land;false;plains;1
15421;190;63;54;land;false;plains;1
15422;179;140;69;land;false;plains;1
15423;42;191;50;land;false;plains;1
15424;68;183;178;land;false;plains;1
15425;200;140;210;land;false;plains;1
15426;61;190;144;land;false;low_urban;1
15427;133;119;207;land;false;plains;1
15428;247;11;17;land;false;forest;1
15429;231;68;20;land;false;plains;1
15430;155;252;151;land;false;plains;1
15431;234;163;187;land;false;plains;1
15432;87;99;248;land;false;plains;1
15433;103;181;44;land;false;plains;1
15434;89;167;198;land;false;low_urban;1
15435;157;148;151;land;true;low_urban;1
15436;117;7;149;land;true;plains;1
15437;16;181;138;land;true;plains;1
15438;16;32;194;land;true;plains;1
15439;145;142;138;land;false;plains;1
15440;28;243;186;land;false;plains;1
15441;160;230;25;land;false;plains;1
15442;76;32;138;land;false;plains;1
15443;140;179;214;land;false;plains;1
15444;15;131;235;land;false;plains;1
15445;158;169;33;land;false;low_urban;1
15446;6;254;88;land;false;plains;1
15447;196;254;8;land;false;plains;1
15448;220;124;65;land;false;plains;1
15449;252;222;196;land;true;plains;1
15450;68;106;64;land;false;plains;1
15451;3;134;68;land;false;plains;1
15452;77;125;28;land;true;plains;1
15453;111;197;207;land;true;plains;1
15454;232;66;159;land;true;plains;1
15455;162;32;190;land;false;plains;1
15456;203;248;161;land;false;low_urban;1
15457;200;173;90;land;true;plains;1
15458;124;37;168;land;true;plains;1
15459;232;196;159;land;false;forest;1
15460;134;122;224;land;false;forest;1
15461;153;168;199;land;false;plains;1
15462;24;69;139;land;false;plains;1
15463;197;123;42;land;false;plains;1
15464;84;78;199;land;false;plains;1
15465;57;11;194;land;false;plains;1
15466;208;123;209;land;false;plains;1
15467;111;16;2;land;false;plains;1
15468;219;33;23;land;false;plains;1
15469;164;142;59;land;false;plains;1
15470;206;185;237;land;false;plains;1
15471;166;17;244;land;false;plains;1
15472;102;123;119;land;false;plains;1
15473;109;182;8;land;false;plains;1
15474;120;152;245;land;false;plains;1
15475;25;25;83;land;false;plains;1
15476;243;82;242;land;false;low_urban;1
15477;241;92;238;land;false;plains;1
15478;174;202;200;land;false;plains;1
15479;165;244;230;land;true;plains;1
15480;182;6;174;land;true;plains;1
15481;254;56;122;land;false;forest;1
15482;9;207;110;land;false;plains;1
15483;236;52;73;land;true;low_urban;1
15484;4;209;191;land;false;plains;1
15485;180;71;232;land;true;plains;1
15486;52;110;102;land;false;plains;1
15487;147;128;11;land;true;low_urban;1
15488;119;145;191;land;true;forest;1
15489;64;129;185;land;true;forest;1
15490;110;17;33;land;false;forest;1
15491;164;146;138;land;false;plains;1
15492;12;253;122;land;true;forest;1
15493;105;151;157;land;false;forest;1
15494;51;39;101;land;false;plains;1
15495;38;166;172;land;false;low_urban;1
15496;146;78;12;land;true;forest;1
15497;207;143;207;land;false;forest;1
15498;136;37;205;land;false;plains;1
15499;220;165;21;land;true;forest;1
15500;72;158;154;land;false;forest;1
15501;3;148;160;land;true;plains;1
15502;107;98;252;land;true;forest;1
15503;83;173;108;land;true;plains;1
15504;96;199;34;land;false;plains;1
15505;124;126;214;land;true;plains;1
15506;142;56;254;land;false;plains;1
15507;61;25;70;land;true;plains;1
15508;246;39;66;land;true;low_urban;1
15509;218;139;253;land;false;forest;1
15510;81;19;191;land;true;plains;1
15511;29;94;62;land;false;plains;1
15512;153;205;36;land;false;plains;1
15513;106;106;12;land;false;plains;1
15514;240;171;155;land;false;plains;1
15515;79;65;163;land;false;plains;1
15516;232;103;26;land;false;plains;1
15517;195;6;218;land;false;plains;1
15518;198;81;178;land;false;plains;1
15519;214;135;123;land;false;forest;1
15520;29;24;183;land;false;forest;1
15521;174;93;213;land;false;plains;1
15522;132;178;220;land;false;plains;1
15523;42;192;95;land;false;plains;1
15524;121;106;100;land;false;low_urban;1
15525;121;251;172;land;false;plains;1
15526;122;100;91;land;false;plains;1
15527;235;129;238;land;false;plains;1
15528;5;182;128;land;false;low_urban;1
15529;54;61;41;land;false;forest;1
15530;234;218;98;land;true;plains;1
15531;170;246;197;land;true;forest;1
15532;99;119;84;land;false;forest;1
15533;115;10;31;land;true;forest;1
15534;10;114;162;land;true;forest;1
15535;25;22;240;land;false;forest;1
15536;117;130;59;land;false;forest;1
15537;45;121;246;land;false;forest;1
15538;13;79;172;land;false;plains;1
15539;27;63;24;land;false;plains;1
15540;69;42;209;land;false;forest;1
15541;10;166;78;land;false;plains;1
15542;249;215;157;land;false;forest;1
15543;98;222;56;land;false;plains;1
15544;105;89;91;land;false;plains;1
15545;118;187;190;land;false;plains;1
15546;92;75;65;land;false;plains;1
15547;201;236;70;land;false;plains;1
15548;38;171;34;land;false;plains;1
15549;251;177;149;land;false;plains;1
15550;188;142;111;land;false;plains;1
15551;143;213;46;land;false;plains;1
15552;208;26;38;land;false;plains;1
15553;177;249;107;land;false;plains;1
15554;50;246;14;land;false;plains;1
15555;83;209;215;land;false;plains;1
15556;191;19;234;land;false;plains;1
15557;43;194;73;land;false;low_urban;1
15558;132;184;118;land;false;plains;1
15559;197;70;121;land;false;plains;1
15560;20;157;61;land;false;plains;1
15561;18;189;76;land;false;plains;1
15562;25;186;166;land;false;plains;1
15563;51;178;143;land;false;plains;1
15564;137;23;40;land;false;plains;1
15565;72;67;129;land;false;low_urban;1
15566;211;55;43;land;false;plains;1
15567;91;184;126;land;false;plains;1
15568;6;203;21;land;false;plains;1
15569;236;238;164;land;false;plains;1
15570;72;84;195;land;false;plains;1
15571;133;134;101;land;false;plains;1
15572;139;111;128;land;false;plains;1
15573;214;100;97;land;false;plains;1
15574;81;215;251;land;false;plains;1
15575;155;231;45;land;false;plains;1
15576;112;186;155;land;false;plains;1
15577;52;17;11;land;false;plains;1
15578;208;208;164;land;false;forest;1
15579;227;124;68;land;false;forest;1
15580;2;253;234;land;false;forest;1
15581;128;149;192;land;false;low_urban;1
15582;145;216;10;land;false;plains;1
15583;109;28;83;land;false;plains;1
15584;27;218;179;land;false;plains;1
15585;251;9;230;land;false;plains;1
15586;107;63;107;land;false;low_urban;1
15587;224;54;250;land;false;plains;1
15588;40;115;234;land;false;plains;1
15589;231;214;107;land;false;plains;1
15590;229;196;10;land;false;forest;1
15591;87;192;179;land;false;plains;1
15592;161;132;213;land;false;plains;1
15593;233;163;5;land;false;plains;1
15594;16;144;99;land;false;plains;1
15595;81;190;35;land;false;plains;1
15596;61;209;117;land;false;plains;1
15597;218;30;39;land;false;plains;1
15598;98;110;25;land;false;plains;1
15599;155;241;210;land;false;plains;1
15600;244;36;195;land;false;plains;1
15601;136;113;26;land;false;plains;1
15602;115;12;217;land;false;plains;1
15603;194;69;105;land;false;plains;1
15604;45;32;66;land;false;low_urban;1
15605;128;191;121;land;false;plains;1
15606;147;6;57;land;true;urban;1
15607;49;77;72;land;false;plains;1
15608;241;104;146;land;false;plains;1
15609;194;228;184;land;true;plains;1
15610;157;106;243;land;true;plains;1
15611;82;125;154;land;false;forest;1
15612;93;120;144;land;true;plains;1
15613;56;2;190;land;true;plains;1
15614;202;59;252;land;false;plains;1
15615;248;58;39;land;false;plains;1
15616;218;48;17;land;false;plains;1
15617;68;143;104;land;false;plains;1
15618;114;49;5;land;false;plains;1
15619;170;220;130;land;false;plains;1
15620;182;122;111;land;false;plains;1
15621;238;162;131;land;false;plains;1
15622;59;70;57;land;false;low_urban;1
15623;245;167;209;land;false;plains;1
15624;3;206;118;land;false;plains;1
15625;27;74;191;land;false;forest;1
15626;124;90;231;land;false;forest;1
15627;176;41;108;land;false;plains;1
15628;138;195;220;land;false;plains;1
15629;159;167;115;land;false;plains;1
15630;215;137;115;land;false;plains;1
15631;71;237;52;land;false;plains;1
15632;246;28;2;land;false;plains;1
15633;122;173;49;land;true;plains;1
15634;16;227;6;land;true;plains;1
15635;102;219;241;land;true;plains;1
15636;27;244;179;land;true;plains;1
15637;152;197;7;land;false;plains;1
15638;219;55;251;land;false;plains;1
15639;154;242;147;land;false;plains;1
15640;30;117;41;land;false;forest;1
15641;58;232;77;land;false;plains;1
15642;93;63;166;land;false;plains;1
15643;172;61;47;land;false;plains;1
15644;120;17;27;land;false;plains;1
15645;82;67;90;land;false;plains;1
15646;29;59;152;land;false;low_urban;1
15647;111;215;251;land;false;plains;1
15648;46;12;181;land;false;plains;1
15649;241;217;42;land;false;plains;1
15650;12;30;140;land;false;plains;1
15651;86;61;54;land;true;plains;1
15652;129;45;94;land;true;plains;1
15653;183;80;118;land;true;plains;1
15654;162;117;107;land;false;plains;1
15655;207;44;38;land;false;plains;1
15656;60;177;126;land;true;plains;1
15657;32;112;206;land;false;plains;1
15658;103;11;244;land;false;plains;1
15659;33;219;212;land;false;low_urban;1
15660;117;173;200;land;true;low_urban;1
15661;214;208;168;land;false;plains;1
15662;223;197;124;land;false;industrial;1
15663;43;213;189;land;false;plains;1
15664;31;103;10;land;false;plains;1
15665;201;219;42;land;false;plains;1
15666;37;198;64;land;false;plains;1
15667;17;139;203;land;false;plains;1
15668;218;4;140;land;false;low_urban;1
15669;61;61;133;land;false;plains;1
15670;34;60;56;land;false;plains;1
15671;10;207;44;land;false;plains;1
15672;21;72;1;land;false;plains;1
15673;33;4;138;land;false;plains;1
15674;30;18;18;land;false;plains;1
15675;252;10;124;land;false;plains;1
15676;229;65;216;land;false;low_urban;1
15677;41;48;76;land;false;forest;1
15678;110;201;220;land;false;plains;1
15679;148;3;191;land;true;plains;1
15680;115;15;67;land;true;plains;1
15681;180;50;9;land;false;forest;1
15682;167;203;68;land;false;plains;1
15683;93;152;175;land;false;plains;1
15684;194;239;180;land;false;forest;1
15685;191;125;34;land;true;low_urban;1
15686;41;181;5;land;false;forest;1
15687;236;34;168;land;true;urban;1
15688;2;48;253;land;false;urban;1
15689;149;45;58;land;false;low_urban;1
15690;200;42;238;land;true;low_urban;1
15691;33;176;169;land;true;plains;1
15692;41;226;209;land;true;forest;1
15693;107;100;184;land;false;plains;1
15694;222;89;121;land;true;plains;1
15695;91;137;173;land;true;plains;1
15696;158;225;42;land;false;plains;1
15697;190;50;244;land;false;forest;1
15698;44;92;208;land;false;plains;1
15699;197;232;165;land;false;plains;1
15700;2;9;89;land;false;plains;1
15701;52;10;188;land;false;plains;1
15702;237;66;4;land;false;plains;1
15703;144;9;4;land;false;plains;1
15704;27;177;86;land;false;plains;1
15705;186;6;106;land;false;plains;1
15706;119;155;193;land;false;plains;1
15707;141;182;61;land;false;plains;1
15708;188;128;221;land;false;plains;1
15709;56;167;127;land;false;plains;1
15710;32;118;135;land;false;plains;1
15711;248;55;234;land;false;plains;1
15712;30;64;133;land;false;plains;1
15713;219;181;169;land;false;plains;1
15714;198;17;228;land;false;plains;1
15715;12;194;91;land;false;plains;1
15716;1;227;53;land;false;plains;1
15717;13;2;206;land;false;plains;1
15718;201;24;221;land;false;plains;1
15719;214;11;190;land;false;plains;1
15720;89;69;15;land;false;plains;1
15721;91;233;127;land;false;plains;1
15722;102;43;55;land;false;plains;1
15723;99;139;31;land;false;plains;1
15724;251;254;121;land;false;plains;1
15725;168;123;29;land;false;plains;1
15726;79;175;233;land;false;plains;1
15727;42;124;248;land;false;plains;1
15728;142;13;16;land;false;plains;1
15729;242;153;145;land;false;plains;1
15730;19;28;250;land;false;low_urban;1
15731;150;46;56;land;false;plains;1
15732;2;52;8;land;false;plains;1
15733;186;161;14;land;false;plains;1
15734;166;199;74;land;false;low_urban;1
15735;86;53;75;land;false;forest;1
15736;197;200;50;land;false;plains;1
15737;205;143;181;land;false;plains;1
15738;85;83;164;land;false;plains;1
15739;47;200;200;land;false;plains;1
15740;239;99;206;land;false;plains;1
15741;29;15;224;land;false;forest;1
15742;217;121;176;land;false;forest;1
15743;4;237;84;land;false;plains;1
15744;142;14;114;land;false;plains;1
15745;163;182;174;land;false;plains;1
15746;50;234;9;land;false;plains;1
15747;51;82;165;land;false;forest;1
15748;192;182;157;land;false;plains;1
15749;231;115;162;land;false;forest;1
15750;69;2;232;land;false;forest;1
15751;209;130;152;land;false;forest;1
15752;43;3;65;land;false;plains;1
15753;178;10;96;land;false;plains;1
15754;229;203;210;land;false;plains;1
15755;224;130;134;land;false;plains;1
15756;229;164;115;land;false;plains;1
15757;3;166;213;land;false;plains;1
15758;121;28;162;land;false;plains;1
15759;161;233;221;land;false;plains;1
15760;254;29;129;land;false;plains;1
15761;74;227;199;land;false;plains;1
15762;152;157;66;land;false;plains;1
15763;136;41;254;land;false;low_urban;1
15764;53;55;61;land;false;plains;1
15765;63;63;101;land;false;plains;1
15766;19;39;145;land;false;plains;1
15767;249;45;112;land;false;forest;1
15768;243;110;59;land;false;plains;1
15769;105;164;234;land;false;forest;1
15770;15;214;227;land;false;forest;1
15771;223;6;130;land;false;plains;1
15772;156;222;223;land;true;forest;1
15773;227;254;61;land;false;plains;1
15774;121;163;146;land;false;low_urban;1
15775;236;223;31;land;false;forest;1
15776;20;136;105;land;false;plains;1
15777;224;190;236;land;false;plains;1
15778;29;250;176;land;false;plains;1
15779;251;133;240;land;false;plains;1
15780;86;80;68;land;false;plains;1
15781;129;65;247;land;false;plains;1
15782;222;141;67;land;false;forest;1
15783;63;210;118;land;false;forest;1
15784;25;68;83;land;false;forest;1
15785;231;52;167;land;false;plains;1
15786;177;128;7;land;false;plains;1
15787;209;191;222;land;false;plains;1
15788;31;56;226;land;false;plains;1
15789;111;70;66;land;false;forest;1
15790;37;127;147;land;false;plains;1
15791;6;111;61;land;false;plains;1
15792;105;141;74;land;false;plains;1
15793;150;248;145;land;false;forest;1
15794;8;32;194;sea;false;ocean;0
15795;33;235;135;land;false;forest;1
15796;38;40;59;land;false;forest;1
15797;161;175;10;land;false;forest;1
15798;52;39;218;land;false;plains;1
15799;183;212;16;land;false;plains;1
15800;48;8;236;land;false;low_urban;1
15801;12;232;29;land;false;plains;1
15802;228;94;146;land;false;plains;1
15803;109;228;189;land;false;plains;1
15804;123;41;38;land;false;plains;1
15805;216;176;236;land;false;plains;1
15806;203;175;5;land;false;plains;1
15807;91;138;104;land;false;plains;1
15808;115;14;49;land;false;plains;1
15809;144;3;211;land;false;forest;1
15810;245;70;146;land;false;plains;1
15811;127;80;242;land;false;plains;1
15812;183;196;38;land;false;forest;1
15813;54;23;11;land;true;forest;2
15814;74;10;253;land;false;forest;2
15815;74;195;193;land;false;plains;2
15816;241;64;138;land;false;forest;2
15817;79;105;253;land;false;plains;2
15818;183;228;143;land;false;plains;2
15819;21;181;54;land;false;plains;2
15820;189;100;41;land;false;forest;2
15821;182;169;194;land;false;plains;2
15822;193;204;100;land;false;plains;2
15823;134;127;29;land;false;plains;2
15824;86;250;198;land;false;plains;2
15825;152;47;51;land;true;low_urban;2
15826;13;122;12;land;false;plains;2
15827;152;200;77;land;false;plains;2
15828;80;12;85;land;true;plains;2
15829;228;14;146;land;false;plains;2
15830;43;45;102;land;true;plains;2
15831;241;56;215;land;true;plains;2
15832;62;133;151;land;true;plains;2
15833;12;157;77;land;false;plains;2
15834;221;196;108;land;true;plains;2
15835;19;46;30;land;false;plains;2
15836;47;49;238;land;false;plains;2
15837;62;115;95;land;false;plains;2
15838;228;62;86;land;false;plains;2
15839;87;209;203;land;false;plains;2
15840;204;5;252;land;false;plains;2
15841;244;252;1;land;false;plains;2
15842;207;10;247;land;false;plains;2
15843;27;84;52;land;false;plains;2
15844;189;67;98;land;false;plains;2
15845;28;190;117;land;false;plains;2
15846;242;2;162;land;false;plains;2
15847;156;112;157;land;false;plains;2
15848;249;230;105;land;false;plains;2
15849;164;104;192;land;false;plains;2
15850;67;28;3;land;false;forest;2
15851;53;10;253;land;true;forest;2
15852;102;154;75;land;false;plains;2
15853;224;67;5;land;false;plains;2
15854;109;170;177;land;false;plains;2
15855;233;141;167;land;false;plains;2
15856;176;225;155;land;false;plains;2
15857;236;8;3;land;false;plains;2
15858;100;134;227;land;false;plains;2
15859;73;204;198;land;false;plains;2
15860;166;108;222;land;false;plains;2
15861;140;126;64;land;false;forest;2
15862;231;44;96;land;false;forest;2
15863;24;152;72;land;false;forest;2
15864;221;92;119;land;false;forest;2
15865;159;12;55;land;false;plains;2
15866;109;55;198;land;false;plains;2
15867;242;24;159;land;false;plains;2
15868;170;254;52;land;false;plains;2
15869;26;128;21;land;false;plains;2
15870;56;127;173;land;false;plains;2
15871;189;207;131;land;false;plains;2
15872;231;202;40;land;false;plains;2
15873;163;215;101;land;false;forest;2
15874;82;239;80;land;false;plains;2
15875;227;116;224;land;false;forest;2
15876;9;73;202;land;false;forest;2
15877;151;78;159;land;false;forest;2
15878;87;195;206;land;false;forest;2
15879;129;179;56;land;false;forest;2
15880;183;130;116;land;false;plains;2
15881;145;196;127;land;false;forest;2
15882;110;158;60;land;false;forest;2
15883;111;106;35;land;false;forest;2
15884;158;211;88;land;false;forest;2
15885;172;217;36;land;false;forest;2
15886;92;133;76;land;false;forest;2
15887;138;30;151;land;false;plains;2
15888;107;41;236;land;false;forest;2
15889;164;185;243;land;false;forest;2
15890;194;124;44;land;false;forest;2
15891;54;240;81;land;false;forest;2
15892;161;139;95;land;false;forest;2
15893;249;175;69;land;false;forest;2
15894;234;137;71;land;false;forest;2
15895;233;30;61;land;false;forest;2
15896;18;124;2;land;false;forest;2
15897;41;74;18;land;true;plains;2
15898;194;243;171;land;true;plains;5
15899;236;177;82;land;false;forest;5
15900;115;88;182;land;false;plains;5
15901;52;37;105;land;true;plains;5
15902;181;72;193;land;true;plains;5
15903;121;156;86;land;false;forest;5
15904;8;19;62;land;true;plains;5
15905;240;240;134;land;false;plains;5
15906;54;121;35;land;false;plains;5
15907;250;159;218;land;false;plains;5
15908;54;157;3;land;false;plains;5
15909;101;17;101;land;false;plains;5
15910;72;33;183;land;true;plains;5
15911;179;188;139;land;true;plains;5
15912;144;36;23;land;true;forest;5
15913;125;138;85;land;false;forest;5
15914;30;135;41;land;false;forest;5
15915;225;123;239;land;false;plains;5
15916;21;68;231;land;false;plains;5
15917;250;210;189;land;false;forest;5
15918;242;101;132;land;false;plains;5
15919;5;74;177;land;false;forest;5
15920;75;193;39;land;false;plains;5
15921;248;147;26;land;false;plains;5
15922;194;112;238;land;false;plains;5
15923;141;136;18;land;false;plains;5
15924;170;76;215;land;false;plains;5
15925;231;38;130;land;false;plains;5
15926;34;21;206;land;false;plains;5
15927;17;199;132;land;true;forest;5
15928;157;22;141;land;true;forest;5
15929;166;109;199;land;true;plains;2
15930;148;50;119;land;false;plains;5
15931;242;230;168;land;false;plains;5
15932;177;221;97;land;false;low_urban;5
15933;190;79;206;land;false;plains;5
15934;187;240;64;land;false;plains;5
15935;7;224;207;land;false;plains;5
15936;207;192;166;land;false;plains;5
15937;248;233;86;land;false;plains;5
15938;222;2;132;land;false;plains;5
15939;27;37;17;land;false;plains;5
15940;132;200;115;land;false;plains;5
15941;188;252;82;land;false;plains;5
15942;250;167;52;land;false;plains;5
15943;234;198;138;land;false;plains;5
15944;91;157;120;land;false;plains;5
15945;87;81;161;land;false;plains;5
15946;201;186;60;land;false;forest;5
15947;84;120;162;land;true;urban;5
15948;242;236;3;land;true;plains;5
15949;48;230;207;land;true;plains;5
15950;189;81;160;land;true;plains;2
15951;160;50;210;land;true;plains;2
15952;59;56;199;land;true;plains;2
15953;252;241;115;land;true;plains;2
15954;77;223;72;land;false;plains;2
15955;88;140;210;land;false;plains;2
15956;136;8;128;land;false;plains;2
15957;76;246;80;land;false;plains;2
15958;145;166;151;land;true;plains;2
15959;31;103;8;land;false;plains;2
15960;18;137;204;land;false;plains;2
15961;214;40;83;land;false;plains;2
15962;126;193;11;land;false;plains;2
15963;14;225;34;land;true;plains;2
15964;74;151;203;land;true;plains;5
15965;42;244;62;land;false;plains;5
15966;13;169;149;land;false;plains;5
15967;138;22;101;land;true;plains;2
15968;19;48;227;land;true;forest;2
15969;21;40;32;land;true;forest;2
15970;159;194;126;land;true;plains;2
15971;192;82;92;land;true;plains;2
15972;160;67;11;land;true;plains;2
15973;39;164;84;land;true;plains;2
15974;164;89;147;land;true;plains;2
15975;207;28;247;land;false;plains;2
15976;232;55;80;land;false;plains;2
15977;222;235;121;land;true;plains;2
15978;254;189;168;land;false;plains;2
15979;93;181;166;land;false;plains;2
15980;142;4;82;land;true;forest;2
15981;145;137;105;land;false;plains;2
15982;133;123;240;land;false;plains;2
15983;87;191;54;land;true;plains;2
15984;47;200;141;land;false;marsh;2
15985;249;170;116;land;true;plains;2
15986;119;20;230;land;false;marsh;2
15987;28;170;245;land;false;plains;2
15988;52;42;201;land;false;plains;2
15989;44;19;131;land;false;plains;2
15990;69;38;154;land;false;plains;2
15991;82;166;68;land;false;plains;2
15992;27;69;78;land;false;plains;2
15993;107;145;90;land;false;low_urban;2
15994;132;104;252;land;false;plains;2
15995;232;109;163;land;false;low_urban;2
15996;121;219;180;land;false;forest;2
15997;81;29;141;land;false;forest;2
15998;60;254;25;land;false;plains;2
15999;159;119;60;land;false;forest;2
16000;192;18;25;land;false;forest;2
16001;241;109;5;land;false;forest;2
16002;39;175;123;land;false;plains;2
16003;234;213;190;land;false;low_urban;2
16004;26;5;141;land;false;plains;2
16005;90;136;81;land;false;forest;2
16006;10;14;141;land;false;plains;2
16007;246;157;57;land;false;plains;2
16008;62;254;31;land;false;plains;2
16009;223;127;15;land;false;plains;2
16010;177;249;9;land;false;low_urban;2
16011;133;137;111;land;false;plains;2
16012;32;43;130;land;false;plains;2
16013;63;153;209;land;false;plains;2
16014;253;176;196;land;false;plains;2
16015;81;43;117;land;false;low_urban;2
16016;41;123;43;land;true;plains;2
16017;133;245;60;land;false;plains;2
16018;163;27;4;land;false;plains;2
16019;220;241;185;land;false;plains;2
16020;101;177;79;land;true;plains;2
16021;155;50;157;land;false;plains;2
16022;65;216;65;land;false;plains;2
16023;201;139;50;land;true;plains;2
16024;140;87;129;land;false;plains;2
16025;169;143;246;land;true;plains;2
16026;228;127;166;land;false;plains;2
16027;211;112;129;land;false;forest;2
16028;251;216;128;land;false;plains;2
16029;23;96;44;land;false;plains;2
16030;138;15;111;land;false;forest;2
16031;119;80;25;land;false;forest;2
16032;53;124;40;land;false;plains;2
16033;189;167;148;land;false;plains;2
16034;193;199;63;land;true;forest;2
16035;35;166;58;land;false;low_urban;2
16036;162;24;189;land;false;urban;2
16037;11;97;4;land;true;low_urban;2
16038;98;2;162;land;true;plains;2
16039;201;129;179;land;false;forest;2
16040;70;111;163;land;true;industrial;2
16041;122;37;250;land;false;urban;2
16042;201;245;210;land;true;urban;2
16043;153;157;109;land;false;urban;2
16044;153;71;152;land;false;urban;2
16045;12;82;238;land;false;urban;2
16046;107;111;193;land;false;urban;2
16047;150;235;51;land;false;urban;2
16048;16;4;225;land;false;urban;2
16049;56;86;82;land;true;urban;2
16050;136;49;74;land;false;urban;2
16051;201;77;58;land;false;low_urban;2
16052;222;206;206;land;false;low_urban;2
16053;53;65;56;land;true;urban;2
16054;168;143;161;land;false;urban;2
16055;94;20;86;land;false;urban;2
16056;132;124;26;land;false;urban;2
16057;126;70;253;land;false;urban;2
16058;12;113;144;land;false;forest;2
16059;216;85;239;land;true;urban;2
16060;41;202;206;land;true;urban;2
16061;143;56;146;land;true;industrial;2
16062;6;204;148;land;false;low_urban;2
16063;18;12;109;land;false;plains;2
16064;212;20;109;land;false;low_urban;2
16065;36;158;103;land;false;low_urban;2
16066;164;99;50;land;true;low_urban;2
16067;188;67;213;land;false;plains;2
16068;54;161;200;land;false;low_urban;2
16069;89;104;235;land;false;low_urban;2
16070;174;152;255;land;false;low_urban;2
16071;238;248;23;land;false;plains;2
16072;211;247;70;land;false;low_urban;2
16073;22;249;127;land;false;low_urban;2
16074;200;249;57;land;false;urban;2
16075;114;57;199;land;false;forest;2
16076;192;97;71;land;false;forest;2
16077;124;227;105;land;false;forest;2
16078;10;185;187;land;false;urban;2
16079;3;9;52;land;false;plains;2
16080;243;128;25;land;false;plains;2
16081;38;33;178;land;false;plains;2
16082;39;133;151;land;false;plains;2
16083;157;98;127;land;false;plains;2
16084;190;109;191;land;false;plains;2
16085;117;10;32;land;false;urban;2
16086;56;64;101;land;false;plains;2
16087;48;35;135;land;false;forest;2
16088;18;111;225;land;false;forest;2
16089;209;197;227;land;false;forest;2
16090;21;91;139;land;false;plains;2
16091;46;254;108;land;false;forest;2
16092;220;251;243;land;false;plains;2
16093;4;228;135;land;false;plains;2
16094;40;187;112;land;false;urban;2
16095;156;219;26;land;false;plains;2
16096;12;95;213;land;false;plains;2
16097;45;177;216;land;false;plains;2
16098;6;61;64;land;false;forest;2
16099;138;44;39;land;false;plains;2
16100;80;196;11;land;false;plains;2
16101;121;82;231;land;false;plains;2
16102;157;113;223;land;false;plains;2
16103;150;248;179;land;false;forest;2
16104;19;4;238;land;false;forest;2
16105;52;1;84;land;false;plains;2
16106;180;189;211;land;false;forest;2
16107;85;169;34;land;false;forest;2
16108;37;229;79;land;false;forest;2
16109;2;28;146;land;false;forest;2
16110;169;54;131;land;false;plains;2
16111;65;31;159;land;false;plains;2
16112;192;55;232;land;false;plains;2
16113;185;242;42;land;false;plains;2
16114;149;214;97;land;false;plains;2
16115;202;100;47;land;false;forest;2
16116;158;70;212;land;false;plains;2
16117;94;46;36;land;false;plains;2
16118;64;31;191;land;false;plains;2
16119;58;55;229;land;false;plains;2
16120;201;85;253;land;false;plains;2
16121;54;7;232;land;false;plains;2
16122;1;195;90;land;false;forest;2
16123;129;113;178;land;false;low_urban;2
16124;6;19;130;land;false;forest;2
16125;47;206;121;land;false;forest;2
16126;142;246;123;land;false;forest;2
16127;37;196;47;land;false;plains;2
16128;44;194;221;land;false;forest;2
16129;205;64;113;land;false;forest;2
16130;173;248;64;land;false;hills;2
16131;183;240;33;land;false;forest;2
16132;50;38;225;land;false;forest;2
16133;12;139;116;land;false;forest;2
16134;204;7;216;land;false;hills;2
16135;78;186;62;land;false;forest;2
16136;48;237;128;land;false;plains;2
16137;223;4;28;land;false;plains;2
16138;132;49;219;land;false;plains;2
16139;2;64;41;land;false;hills;2
16140;48;237;35;land;false;hills;2
16141;163;228;120;land;false;plains;2
16142;194;223;138;land;false;plains;2
16143;117;215;160;land;false;plains;2
16144;208;231;5;land;false;plains;2
16145;206;183;204;land;false;plains;2
16146;23;72;193;land;false;plains;2
16147;135;152;148;land;false;plains;2
16148;226;70;84;land;false;plains;2
16149;135;139;42;land;false;forest;2
16150;121;227;90;land;false;marsh;2
16151;119;165;143;land;true;urban;2
16152;66;3;13;land;true;forest;2
16153;16;252;185;land;false;plains;2
16154;58;7;164;land;false;plains;2
16155;254;163;50;land;false;forest;2
16156;58;225;13;land;false;plains;2
16157;245;88;88;land;false;plains;2
16158;41;49;159;land;false;plains;2
16159;178;80;199;land;false;forest;2
16160;75;46;250;land;false;plains;2
16161;130;45;148;land;false;forest;2
16162;48;161;23;land;false;forest;2
16163;223;19;104;land;false;forest;2
16164;201;110;192;land;false;plains;2
16165;149;4;157;land;false;forest;2
16166;118;35;166;land;false;forest;2
16167;25;187;164;land;false;forest;2
16168;1;246;104;land;false;forest;2
16169;91;127;86;land;false;plains;2
16170;249;156;183;land;false;plains;2
16171;75;118;51;land;false;forest;2
16172;20;167;85;land;false;urban;2
16173;26;54;238;land;false;urban;2
16174;185;104;15;land;false;plains;2
16175;84;131;241;land;false;plains;2
16176;149;167;88;land;false;plains;2
16177;72;121;212;land;false;plains;2
16178;155;53;21;land;false;plains;2
16179;174;220;124;land;false;forest;2
16180;21;245;145;land;false;plains;2
16181;31;92;157;land;false;forest;2
16182;161;150;131;land;false;forest;2
16183;179;129;217;land;false;forest;2
16184;167;248;130;land;false;forest;2
16185;57;165;54;land;false;forest;2
16186;132;200;118;land;false;forest;2
16187;137;1;224;land;false;forest;2
16188;6;174;117;land;false;forest;2
16189;25;175;194;land;false;plains;2
16190;82;190;32;land;false;forest;2
16191;42;58;14;land;false;plains;2
16192;223;101;10;land;false;plains;2
16193;27;25;82;land;false;plains;2
16194;76;73;56;land;false;plains;2
16195;163;192;187;land;false;plains;2
16196;165;123;14;land;false;plains;2
16197;136;5;230;land;false;forest;2
16198;81;108;107;land;false;forest;2
16199;170;74;80;land;false;forest;2
16200;208;199;252;land;false;forest;2
16201;243;148;85;land;false;plains;2
16202;174;120;36;land;false;forest;2
16203;102;175;170;land;false;forest;2
16204;38;154;86;land;false;forest;2
16205;52;91;43;land;false;forest;2
16206;141;103;250;land;false;forest;2
16207;72;214;66;land;false;forest;2
16208;54;49;38;land;false;plains;2
16209;184;145;179;land;false;plains;2
16210;128;206;246;land;false;plains;2
16211;52;95;196;land;false;forest;2
16212;42;58;141;land;false;forest;2
16213;208;162;36;land;false;low_urban;3
16214;70;147;156;land;false;plains;3
16215;225;201;134;land;false;plains;3
16216;204;172;200;land;false;plains;3
16217;52;160;113;land;false;plains;3
16218;172;147;93;land;false;plains;3
16219;226;233;66;land;false;low_urban;3
16220;108;54;194;land;false;forest;3
16221;172;124;40;land;false;forest;3
16222;191;145;61;land;false;urban;3
16223;95;100;153;land;false;forest;3
16224;34;57;110;land;false;forest;3
16225;229;173;16;land;false;forest;3
16226;84;128;240;land;false;desert;3
16227;46;160;253;land;false;forest;3
16228;100;50;155;land;false;marsh;3
16229;35;6;29;land;false;plains;3
16230;248;209;203;land;false;plains;3
16231;18;155;84;land;false;plains;3
16232;59;186;81;land;false;low_urban;3
16233;60;28;244;land;false;plains;3
16234;0;219;148;land;false;plains;3
16235;105;30;223;land;false;forest;3
16236;222;223;187;land;true;low_urban;3
16237;73;159;198;land;false;forest;3
16238;91;87;165;land;false;forest;3
16239;18;181;58;land;false;forest;3
16240;78;43;106;land;false;forest;3
16241;11;200;119;land;false;forest;3
16242;144;129;31;land;false;forest;3
16243;33;28;4;land;false;forest;3
16244;48;12;150;land;false;forest;3
16245;240;235;104;land;false;forest;3
16246;110;78;124;land;false;forest;3
16247;74;64;73;land;false;forest;3
16248;106;160;2;land;false;plains;3
16249;182;246;131;land;false;forest;3
16250;147;120;204;land;false;plains;3
16251;178;8;241;land;false;forest;3
16252;185;218;189;land;false;forest;3
16253;163;43;160;land;false;forest;3
16254;238;80;251;land;false;forest;3
16255;143;106;249;land;false;forest;3
16256;109;100;9;land;false;plains;3
16257;185;129;185;land;false;forest;3
16258;82;129;98;land;false;forest;3
16259;227;128;14;land;false;forest;3
16260;132;118;163;land;false;forest;3
16261;138;102;21;land;false;forest;3
16262;66;31;171;land;true;plains;3
16263;120;254;177;land;false;forest;3
16264;197;240;188;land;false;urban;3
16265;111;75;249;land;false;urban;3
16266;254;137;116;land;false;urban;3
16267;78;151;208;land;false;forest;3
16268;72;135;229;land;false;forest;3
16269;199;170;241;land;false;forest;3
16270;102;163;154;land;false;plains;3
16271;251;253;150;land;false;plains;3
16272;252;55;230;land;false;forest;3
16273;224;29;193;land;false;urban;3
16274;245;112;157;land;false;plains;3
16275;1;48;180;land;true;urban;3
16276;88;83;130;land;true;forest;3
16277;194;155;197;land;true;plains;3
16278;214;221;209;land;false;forest;3
16279;57;193;123;land;false;plains;3
16280;20;135;114;land;false;plains;3
16281;22;1;234;land;false;plains;3
16282;98;84;112;land;false;plains;3
16283;233;67;154;land;false;plains;3
16284;106;200;239;land;false;plains;3
16285;151;179;175;land;false;forest;3
16286;91;199;246;land;false;forest;3
16287;64;179;240;land;false;plains;3
16288;101;236;78;land;false;plains;3
16289;193;249;128;land;true;industrial;2
16290;88;189;102;land;false;forest;3
16291;139;30;123;land;false;urban;3
16292;159;0;246;land;false;forest;3
16293;33;58;121;land;true;urban;3
16294;125;207;59;land;true;plains;3
16295;245;111;28;land;false;forest;3
16296;241;52;126;land;false;forest;3
16297;179;19;89;land;false;plains;3
16298;160;65;211;land;false;forest;3
16299;61;238;60;land;false;forest;3
16300;13;183;214;land;false;forest;3
16301;141;103;188;land;false;forest;3
16302;4;214;143;land;true;forest;3
16303;103;70;179;land;true;forest;3
16304;35;215;129;land;false;plains;3
16305;205;193;100;land;false;urban;3
16306;211;142;17;land;false;forest;3
16307;99;87;208;land;false;forest;3
16308;128;133;194;land;false;plains;3
16309;67;164;151;land;false;forest;3
16310;213;60;184;land;false;plains;3
16311;60;148;234;land;false;plains;3
16312;32;138;156;land;false;forest;3
16313;122;159;65;land;true;forest;3
16314;130;28;39;land;true;plains;3
16315;148;59;194;land;true;forest;3
16316;59;39;220;land;false;forest;3
16317;53;81;129;land;false;plains;3
16318;18;188;222;land;false;plains;3
16319;88;155;102;land;true;forest;3
16320;31;31;238;land;true;plains;3
16321;17;124;126;land;false;plains;3
16322;161;130;49;land;false;plains;3
16323;66;66;66;land;false;forest;2
16324;137;77;42;land;false;forest;3
16325;42;30;131;land;true;forest;3
16326;47;49;19;land;false;forest;3
16327;26;231;228;land;true;forest;3
16328;66;48;215;land;true;plains;3
16329;152;58;97;land;true;forest;3
16330;9;45;35;land;false;forest;3
16331;69;255;88;land;false;plains;3
16332;130;77;126;land;false;forest;3
16333;78;199;154;land;false;forest;3
16334;50;26;100;land;false;forest;3
16335;52;52;170;land;false;forest;3
16336;6;200;66;land;false;forest;3
16337;133;80;120;land;false;forest;3
16338;90;121;137;land;false;forest;3
16339;69;177;26;land;false;forest;3
16340;167;131;72;land;false;forest;3
16341;74;22;178;land;false;forest;3
16342;192;214;164;land;false;forest;3
16343;44;51;218;land;false;low_urban;3
16344;226;110;63;land;false;plains;3
16345;168;172;182;land;false;plains;3
16346;230;84;175;land;false;plains;3
16347;160;206;23;land;false;forest;3
16348;176;240;248;land;false;forest;3
16349;164;214;154;land;false;urban;3
16350;85;95;206;land;false;plains;3
16351;105;229;50;land;false;plains;3
16352;172;202;187;land;false;plains;3
16353;37;223;210;land;false;forest;3
16354;100;203;99;land;false;forest;3
16355;201;108;164;land;false;forest;3
16356;157;9;194;land;true;low_urban;2
16357;128;187;119;land;true;plains;2
16358;96;128;43;land;false;forest;2
16359;182;117;142;land;true;plains;2
16360;218;141;59;land;false;low_urban;2
16361;140;213;204;land;false;forest;2
16362;172;127;118;land;false;industrial;2
16363;149;240;157;land;false;forest;2
16364;185;184;20;land;false;forest;2
16365;189;100;170;land;false;forest;2
16366;168;252;154;land;false;forest;2
16367;183;227;144;land;false;forest;2
16368;62;201;61;land;false;forest;2
16369;130;218;72;land;false;low_urban;2
16370;136;153;141;land;false;plains;2
16371;171;127;118;land;true;plains;2
16372;39;28;186;land;true;urban;2
16373;133;3;120;land;false;low_urban;2
16374;64;165;139;land;false;urban;2
16375;173;21;63;land;false;urban;2
16376;124;122;152;land;false;plains;2
16377;42;32;203;land;false;plains;2
16378;140;42;200;land;true;forest;2
16379;23;67;210;land;false;forest;2
16380;138;92;238;land;false;plains;2
16381;86;251;112;land;false;forest;2
16382;64;34;202;land;false;forest;2
16383;7;53;125;land;false;plains;2
16384;9;202;98;land;false;plains;2
16385;103;208;121;land;false;forest;2
16386;23;31;61;land;false;plains;2
16387;249;50;75;land;false;plains;2
16388;139;90;53;land;false;plains;2
16389;2;87;241;land;false;plains;2
16390;222;252;192;land;false;plains;2
16391;250;126;124;land;true;plains;2
16392;171;100;77;land;true;low_urban;2
16393;40;97;76;land;true;forest;2
16394;89;200;22;land;true;low_urban;2
16395;92;243;190;land;true;low_urban;2
16396;73;89;128;land;true;forest;2
16397;77;167;98;land;true;urban;2
16398;235;141;174;land;true;low_urban;2
16399;72;32;192;land;true;low_urban;2
16400;165;63;247;land;true;plains;2
16401;46;4;130;land;false;marsh;2
16402;168;136;213;land;true;plains;2
16403;126;30;71;land;true;plains;2
16404;32;163;161;land;true;plains;2
16405;191;25;163;land;true;forest;2
16406;102;181;100;land;true;forest;2
16407;35;81;43;land;false;plains;2
16408;110;251;242;land;false;plains;2
16409;191;57;33;land;false;plains;2
16410;230;43;252;land;false;forest;2
16411;90;46;172;land;false;plains;2
16412;153;105;196;land;true;plains;2
16413;150;192;125;land;true;plains;2
16414;129;11;8;land;false;plains;2
16415;27;201;22;land;false;forest;2
16416;214;231;203;land;false;plains;2
16417;242;34;89;land;true;plains;2
16418;3;230;195;land;false;plains;2
16419;109;251;100;land;true;low_urban;2
16420;207;187;6;land;true;plains;2
16421;19;243;23;land;true;plains;2
16422;238;178;83;land;false;plains;2
16423;22;80;243;land;false;forest;2
16424;201;125;190;land;false;forest;2
16425;143;50;251;land;false;forest;2
16426;15;53;10;land;false;urban;2
16427;111;206;66;land;false;urban;2
16428;92;75;220;land;false;forest;2
16429;52;238;182;land;false;plains;2
16430;14;101;13;land;false;low_urban;2
16431;100;162;228;land;false;urban;2
16432;249;215;184;land;false;forest;2
16433;192;3;151;land;false;forest;2
16434;190;70;155;land;false;forest;2
16435;165;51;76;land;false;forest;2
16436;21;235;63;land;false;forest;2
16437;52;216;1;land;false;forest;2
16438;217;24;177;land;false;forest;2
16439;163;189;69;land;false;forest;2
16440;148;151;22;land;false;forest;2
16441;32;111;191;land;false;urban;2
16442;74;41;193;land;false;plains;2
16443;71;59;238;land;false;plains;2
16444;163;148;43;land;false;hills;2
16445;164;132;255;land;false;plains;2
16446;76;241;156;land;false;forest;2
16447;163;80;58;land;false;forest;2
16448;188;121;144;land;false;forest;2
16449;120;212;153;land;false;plains;2
16450;215;211;83;land;false;plains;2
16451;166;165;57;land;false;plains;2
16452;19;190;82;land;false;plains;2
16453;224;23;88;land;false;hills;2
16454;188;45;193;land;false;plains;2
16455;117;245;66;land;false;plains;2
16456;33;101;250;land;false;plains;2
16457;149;157;179;land;false;hills;2
16458;205;86;184;land;false;plains;2
16459;187;208;37;land;false;plains;2
16460;112;55;131;land;false;hills;2
16461;183;9;98;land;false;plains;2
16462;151;118;233;land;false;plains;2
16463;248;233;123;land;false;plains;2
16464;124;131;121;land;false;plains;2
16465;150;58;1;land;false;plains;2
16466;82;148;167;land;false;forest;2
16467;199;79;176;land;false;forest;2
16468;45;226;89;land;false;hills;2
16469;203;112;246;land;false;urban;2
16470;196;205;76;land;false;low_urban;2
16471;114;36;93;land;true;desert;2
16472;227;97;27;land;true;forest;2
16473;44;194;101;land;false;plains;2
16474;179;47;223;land;false;plains;2
16475;157;73;83;land;false;plains;2
16476;214;247;120;land;false;plains;2
16477;74;10;114;land;true;forest;2
16478;14;68;47;land;false;plains;2
16479;245;119;252;land;true;forest;2
16480;170;102;213;land;false;forest;2
16481;172;181;139;land;false;plains;2
16482;210;125;52;land;false;plains;2
16483;9;108;52;land;false;plains;2
16484;252;133;125;land;false;plains;2
16485;102;217;7;land;false;forest;2
16486;103;251;184;land;false;plains;2
16487;72;164;249;land;false;plains;2
16488;234;191;152;land;false;plains;2
16489;207;165;165;land;false;plains;2
16490;59;59;8;land;false;plains;2
16491;172;56;150;land;false;plains;2
16492;238;209;202;land;false;plains;2
16493;52;213;82;land;false;plains;2
16494;129;168;2;land;false;plains;2
16495;131;84;119;land;false;hills;2
16496;159;36;149;land;false;plains;2
16497;170;156;192;land;false;plains;2
16498;148;5;168;land;true;plains;2
16499;146;216;88;land;false;plains;2
16500;71;181;190;land;false;forest;2
16501;91;32;143;land;true;plains;2
16502;144;12;179;land;true;plains;2
16503;223;242;220;land;false;plains;2
16504;137;60;78;land;false;plains;2
16505;105;45;252;land;false;plains;2
16506;38;65;38;land;true;plains;2
16507;171;10;152;land;false;low_urban;2
16508;44;85;222;land;false;forest;2
16509;41;253;113;land;false;plains;2
16510;217;230;209;land;false;low_urban;2
16511;65;149;140;land;false;plains;2
16512;142;102;95;land;false;forest;2
16513;107;93;247;land;false;plains;2
16514;209;22;177;land;false;forest;2
16515;182;186;69;land;false;plains;2
16516;127;52;14;land;false;plains;2
16517;126;160;110;land;false;forest;2
16518;17;92;168;land;false;plains;2
16519;222;176;115;land;false;forest;2
16520;238;43;127;land;false;plains;2
16521;213;212;87;land;false;plains;2
16522;254;106;7;land;false;plains;2
16523;116;151;225;land;false;plains;2
16524;186;225;49;land;false;plains;2
16525;107;70;172;land;false;plains;2
16526;124;62;241;land;false;forest;2
16527;29;13;211;land;false;plains;2
16528;189;61;3;land;false;urban;2
16529;171;124;212;land;false;urban;2
16530;102;16;236;land;false;forest;2
16531;130;79;251;land;false;forest;2
16532;238;74;149;land;false;plains;2
16533;101;180;219;land;false;plains;2
16534;174;197;72;land;false;plains;2
16535;79;170;46;land;false;plains;2
16536;94;223;45;land;false;plains;2
16537;69;215;2;land;false;plains;2
16538;73;61;242;land;false;plains;2
16539;99;106;31;land;false;plains;2
16540;153;43;198;land;false;forest;2
16541;187;105;227;land;false;forest;2
16542;65;10;186;land;false;plains;2
16543;196;144;60;land;false;plains;2
16544;68;94;159;land;false;plains;2
16545;152;21;186;land;false;forest;2
16546;217;226;23;land;false;forest;2
16547;130;24;121;land;false;forest;2
16548;142;20;182;land;false;plains;2
16549;87;194;252;land;false;forest;2
16550;171;60;197;land;false;plains;2
16551;138;196;254;land;false;plains;2
16552;189;45;45;land;false;plains;2
16553;57;29;232;land;false;plains;2
16554;10;11;15;land;false;forest;2
16555;41;238;116;land;false;forest;2
16556;195;63;162;land;false;forest;2
16557;86;182;82;land;false;forest;2
16558;110;22;121;land;false;forest;2
16559;104;25;239;land;false;forest;2
16560;121;198;42;land;false;forest;2
16561;75;153;31;land;false;plains;2
16562;59;170;240;land;false;low_urban;2
16563;114;13;241;land;false;plains;2
16564;161;147;192;land;false;plains;2
16565;251;29;110;land;false;plains;2
16566;26;25;6;land;false;plains;2
16567;130;10;11;land;false;plains;2
16568;73;251;177;land;false;plains;2
16569;238;130;200;land;false;plains;2
16570;109;84;88;land;false;forest;2
16571;216;36;46;land;false;forest;2
16572;207;190;79;land;false;plains;2
16573;149;189;55;land;false;forest;2
16574;166;13;224;land;false;forest;2
16575;79;248;190;land;false;plains;2
16576;214;206;127;land;false;forest;2
16577;14;36;35;land;false;forest;2
16578;226;152;190;land;false;forest;2
16579;114;125;28;land;false;forest;2
16580;31;79;227;land;false;forest;2
16581;132;55;24;land;false;forest;2
16582;14;46;35;land;false;forest;2
16583;175;156;228;land;false;forest;2
16584;13;247;117;land;false;forest;2
16585;126;166;100;land;false;forest;2
16586;181;223;220;land;false;plains;2
16587;15;21;200;land;false;plains;2
16588;161;109;54;land;false;plains;2
16589;130;142;41;land;false;forest;2
16590;170;95;24;land;false;forest;2
16591;34;182;85;land;false;forest;2
16592;26;78;182;land;false;forest;2
16593;83;171;133;land;false;forest;2
16594;185;207;99;land;false;forest;2
16595;155;87;224;land;false;forest;2
16596;79;174;37;land;false;forest;2
16597;57;14;141;land;false;forest;2
16598;175;223;7;land;false;forest;2
16599;191;129;53;land;false;plains;2
16600;1;53;45;land;false;plains;2
16601;114;19;3;land;false;plains;2
16602;10;51;68;land;false;plains;2
16603;118;35;99;land;false;plains;2
16604;23;80;24;land;false;forest;2
16605;217;188;3;land;false;forest;2
16606;111;108;228;land;false;plains;2
16607;112;118;74;land;false;plains;2
16608;82;184;67;land;false;plains;2
16609;7;138;84;land;false;plains;2
16610;102;248;41;land;false;plains;2
16611;102;53;150;land;false;forest;2
16612;2;72;152;land;false;plains;2
16613;110;30;177;land;false;forest;2
16614;44;136;20;land;false;urban;2
16615;5;85;211;land;false;plains;2
16616;207;220;30;land;false;forest;2
16617;72;47;176;land;false;forest;2
16618;252;23;85;land;false;plains;2
16619;51;137;207;land;false;plains;2
16620;96;45;4;land;false;forest;2
16621;141;208;53;land;false;forest;2
16622;136;87;5;land;false;forest;2
16623;174;14;64;land;false;plains;2
16624;246;132;157;land;false;plains;2
16625;238;30;194;land;false;plains;2
16626;15;194;63;land;false;forest;2
16627;92;211;207;land;false;plains;2
16628;54;57;242;land;false;forest;2
16629;114;50;198;land;false;forest;2
16630;83;52;201;land;false;forest;2
16631;57;37;59;land;false;plains;2
16632;225;138;155;land;false;forest;2
16633;37;170;184;land;false;forest;2
16634;53;237;129;land;false;forest;2
16635;194;184;54;land;false;plains;2
16636;113;104;221;land;false;plains;2
16637;106;8;201;land;false;forest;2
16638;141;47;20;land;false;plains;2
16639;96;127;251;land;false;plains;2
16640;233;140;38;land;false;forest;2
16641;102;159;172;land;false;plains;2
16642;207;23;174;land;false;forest;2
16643;149;153;131;land;false;plains;2
16644;163;100;157;land;false;forest;2
16645;211;74;118;land;false;forest;2
16646;112;21;40;land;false;forest;2
16647;201;36;182;land;false;forest;2
16648;144;83;21;land;false;forest;2
16649;108;164;62;land;false;plains;2
16650;158;2;213;land;false;plains;2
16651;95;1;133;land;false;forest;2
16652;61;90;40;land;false;forest;2
16653;252;128;252;land;false;forest;2
16654;60;40;204;land;false;forest;2
16655;157;46;129;land;false;forest;2
16656;41;224;165;land;false;plains;2
16657;80;109;130;land;false;plains;2
16658;184;16;43;land;false;plains;2
16659;136;247;62;land;false;forest;2
16660;86;200;52;land;false;forest;2
16661;228;172;43;land;false;forest;2
16662;44;78;67;land;false;plains;2
16663;213;193;34;land;false;forest;2
16664;115;161;143;land;false;plains;2
16665;13;182;37;land;false;forest;2
16666;44;133;245;land;false;forest;2
16667;236;139;164;land;false;forest;2
16668;58;165;15;land;false;plains;2
16669;198;50;28;land;false;forest;2
16670;42;188;231;land;false;plains;2
16671;164;88;145;land;false;hills;2
16672;216;57;149;land;false;plains;2
16673;48;249;200;land;false;forest;2
16674;83;190;111;land;false;plains;2
16675;24;94;80;land;false;plains;2
16676;70;98;141;land;false;plains;2
16677;94;49;63;land;false;plains;2
16678;169;164;231;land;false;plains;2
16679;220;209;18;land;false;forest;2
16680;107;18;106;land;false;forest;2
16681;152;81;199;land;false;forest;2
16682;53;134;251;land;false;forest;2
16683;44;241;134;land;false;plains;2
16684;43;69;173;land;false;forest;2
16685;42;227;32;land;false;plains;2
16686;242;141;194;land;false;forest;2
16687;202;236;118;land;false;plains;2
16688;105;47;61;land;false;plains;2
16689;224;18;200;land;false;plains;2
16690;7;193;68;land;false;forest;2
16691;14;218;29;land;false;plains;2
16692;211;180;38;land;false;forest;2
16693;137;221;120;land;false;forest;2
16694;53;240;188;land;false;plains;2
16695;73;212;103;land;false;forest;2
16696;103;207;153;land;false;forest;2
16697;30;140;104;land;false;forest;2
16698;214;188;14;land;false;plains;2
16699;144;181;251;land;false;plains;2
16700;110;23;41;land;false;forest;2
16701;14;159;147;land;false;forest;2
16702;188;41;119;land;false;forest;2
16703;174;144;237;land;false;plains;2
16704;91;33;154;land;false;plains;2
16705;29;200;153;land;false;plains;2
16706;63;154;80;land;false;plains;2
16707;154;113;137;land;false;plains;2
16708;99;244;198;land;false;plains;2
16709;124;101;188;land;false;plains;2
16710;55;69;214;land;false;plains;2
16711;244;114;89;land;false;forest;2
16712;20;126;243;land;false;forest;2
16713;147;175;62;land;false;forest;2
16714;215;149;100;land;false;forest;2
16715;29;240;101;land;false;plains;2
16716;151;141;9;land;false;forest;2
16717;190;103;101;land;false;forest;2
16718;63;176;188;land;false;forest;2
16719;190;11;6;land;false;forest;2
16720;112;72;190;land;false;forest;2
16721;64;72;188;land;false;plains;2
16722;56;16;189;land;false;plains;2
16723;248;199;239;land;false;plains;2
16724;188;108;34;land;false;plains;2
16725;125;68;97;land;false;plains;2
16726;41;8;229;land;false;plains;2
16727;34;131;12;land;false;forest;2
16728;46;222;69;land;false;forest;2
16729;180;243;98;land;false;forest;2
16730;233;100;69;land;false;forest;2
16731;237;136;177;land;false;forest;2
16732;35;167;127;land;false;forest;2
16733;104;65;44;land;false;urban;2
16734;57;186;73;land;true;forest;4
16735;182;228;222;land;false;forest;4
16736;89;111;182;land;false;forest;4
16737;200;231;139;land;true;forest;4
16738;132;161;218;land;true;low_urban;4
16739;125;137;14;land;true;industrial;4
16740;48;154;108;land;false;plains;4
16741;42;213;109;land;false;plains;4
16742;67;1;78;land;false;plains;4
16743;30;40;160;land;true;plains;4
16744;197;156;240;land;false;low_urban;4
16745;50;142;205;land;false;forest;4
16746;52;108;199;land;false;plains;4
16747;86;188;118;land;false;plains;4
16748;6;116;136;land;false;forest;4
16749;122;169;67;land;false;low_urban;4
16750;118;107;202;land;false;plains;4
16751;4;215;151;land;false;plains;4
16752;94;72;136;land;false;forest;4
16753;99;105;156;land;false;forest;4
16754;55;198;200;land;false;plains;4
16755;128;40;221;land;false;plains;4
16756;143;83;239;land;false;forest;4
16757;65;135;13;land;false;plains;4
16758;116;188;41;land;false;forest;4
16759;89;154;102;land;false;forest;4
16760;142;152;90;land;false;plains;4
16761;28;65;123;land;true;low_urban;4
16762;7;228;119;land;true;urban;4
16763;190;160;170;land;true;plains;4
16764;80;148;2;land;false;plains;4
16765;66;251;193;land;true;plains;4
16766;115;215;225;land;false;plains;4
16767;76;15;69;land;true;plains;4
16768;196;163;130;land;false;plains;4
16769;213;32;225;land;true;plains;4
16770;166;20;201;land;false;low_urban;4
16771;228;194;222;land;false;forest;4
16772;74;176;145;land;false;plains;4
16773;11;101;238;land;false;plains;4
16774;106;13;57;land;false;plains;4
16775;51;172;17;land;false;plains;4
16776;102;67;161;land;false;plains;4
16777;149;210;3;land;false;plains;4
16778;33;219;224;land;false;plains;4
16779;68;227;201;land;false;plains;4
16780;222;23;84;land;false;plains;4
16781;85;34;241;land;false;plains;4
16782;254;5;70;land;true;plains;4
16783;218;83;91;land;true;low_urban;4
16784;66;45;116;land;true;plains;4
16785;236;2;164;land;false;plains;4
16786;57;204;15;land;false;plains;4
16787;220;144;55;land;false;plains;4
16788;105;100;203;land;false;plains;4
16789;14;212;52;land;false;plains;4
16790;20;123;136;land;false;plains;4
16791;102;69;102;land;false;plains;4
16792;118;63;149;land;false;plains;4
16793;132;5;116;land;false;plains;4
16794;83;171;37;land;false;plains;4
16795;4;50;227;land;false;plains;4
16796;125;110;49;land;false;forest;4
16797;6;228;243;land;false;forest;4
16798;75;160;152;land;false;forest;4
16799;33;170;195;land;false;plains;4
16800;239;240;31;land;false;plains;4
16801;70;139;175;land;false;forest;4
16802;117;144;47;land;false;plains;4
16803;172;194;192;land;false;plains;4
16804;201;21;85;land;false;plains;4
16805;97;100;61;land;false;plains;4
16806;190;22;189;land;false;forest;4
16807;122;189;246;land;false;forest;4
16808;88;107;206;land;false;plains;4
16809;94;56;18;land;false;plains;4
16810;133;49;102;land;false;forest;4
16811;227;49;15;land;true;plains;4
16812;179;141;201;land;false;forest;4
16813;72;234;1;land;true;plains;4
16814;153;11;254;land;false;forest;4
16815;75;102;107;land;true;plains;4
16816;205;189;153;land;false;industrial;4
16817;205;23;26;land;false;low_urban;4
16818;131;23;46;land;false;plains;4
16819;58;82;8;land;false;forest;4
16820;57;144;54;land;false;forest;4
16821;84;179;50;land;false;plains;4
16822;212;129;79;land;false;plains;4
16823;106;178;120;land;false;forest;4
16824;61;237;21;land;false;forest;4
16825;164;155;146;land;false;plains;4
16826;127;18;175;land;false;forest;4
16827;60;207;105;land;false;low_urban;4
16828;93;207;72;land;false;plains;4
16829;170;12;75;land;false;low_urban;4
16830;20;76;79;land;false;forest;4
16831;235;252;140;land;false;plains;4
16832;48;171;213;land;false;plains;4
16833;147;135;168;land;false;forest;4
16834;8;97;49;land;false;plains;4
16835;105;44;52;land;false;plains;4
16836;2;7;70;land;false;plains;4
16837;174;171;86;land;false;urban;4
16838;117;37;66;land;false;forest;4
16839;192;229;102;land;false;plains;4
16840;54;129;160;land;false;plains;4
16841;18;118;209;land;false;plains;4
16842;196;114;55;land;false;plains;4
16843;183;243;191;land;false;plains;4
16844;112;89;108;land;false;forest;4
16845;25;210;66;land;false;forest;4
16846;88;181;27;land;false;forest;4
16847;155;215;60;land;false;forest;4
16848;99;81;23;land;false;plains;4
16849;154;53;45;land;false;plains;4
16850;182;139;37;land;false;plains;4
16851;67;220;204;land;false;plains;4
16852;211;37;99;land;false;forest;4
16853;1;188;99;land;false;forest;4
16854;22;156;245;land;false;low_urban;4
16855;116;47;193;land;false;forest;4
16856;140;71;237;land;false;forest;4
16857;245;173;59;land;false;forest;4
16858;152;18;163;land;false;forest;4
16859;20;113;211;land;false;low_urban;4
16860;217;23;8;land;false;forest;4
16861;30;86;33;land;false;forest;4
16862;159;222;60;land;false;hills;4
16863;199;43;130;land;false;forest;4
16864;20;6;67;land;false;industrial;4
16865;9;45;222;land;false;plains;4
16866;55;250;29;land;false;low_urban;4
16867;248;17;22;land;false;urban;4
16868;202;53;251;land;false;plains;4
16869;188;65;5;land;false;low_urban;4
16870;126;148;44;land;false;urban;4
16871;111;226;80;land;false;urban;4
16872;131;135;240;land;false;urban;4
16873;239;64;96;land;false;forest;4
16874;19;66;174;land;false;forest;4
16875;8;32;100;land;false;forest;4
16876;48;77;198;land;false;plains;4
16877;35;242;37;land;false;plains;4
16878;90;74;43;land;false;plains;4
16879;188;161;114;land;false;forest;4
16880;109;100;179;land;false;low_urban;4
16881;105;172;213;land;false;plains;4
16882;219;113;252;land;false;plains;4
16883;210;184;215;land;false;plains;4
16884;189;190;217;land;false;plains;4
16885;194;183;81;land;false;plains;4
16886;71;141;6;land;false;low_urban;4
16887;14;18;123;land;false;forest;4
16888;97;201;8;land;false;plains;4
16889;92;20;205;land;false;hills;4
16890;92;230;4;land;false;low_urban;4
16891;68;231;148;land;false;forest;4
16892;62;205;133;land;false;forest;4
16893;240;227;191;land;false;plains;4
16894;115;109;90;land;false;forest;4
16895;118;146;57;land;false;forest;4
16896;100;238;144;land;false;low_urban;4
16897;135;120;41;land;false;forest;4
16898;90;75;95;land;false;low_urban;4
16899;106;148;90;land;false;forest;4
16900;23;247;111;land;false;forest;4
16901;82;144;215;land;false;plains;2
16902;98;63;72;land;false;low_urban;2
16903;97;70;101;land;false;forest;4
16904;193;73;17;land;false;plains;4
16905;219;59;133;land;false;low_urban;4
16906;11;112;161;land;false;forest;4
16907;94;100;253;land;false;hills;4
16908;81;243;191;land;false;forest;4
16909;242;160;131;land;false;plains;4
16910;66;223;157;land;false;low_urban;4
16911;108;29;153;land;false;forest;4
16912;75;227;185;land;false;plains;4
16913;209;251;134;land;false;low_urban;4
16914;78;71;50;land;false;plains;4
16915;214;111;197;land;false;forest;4
16916;55;112;86;land;false;plains;4
16917;56;249;135;land;false;forest;4
16918;176;244;245;land;false;plains;4
16919;209;57;199;land;false;plains;4
16920;108;233;20;land;false;low_urban;4
16921;32;221;245;land;false;forest;4
16922;40;111;240;land;false;plains;4
16923;117;38;196;land;false;forest;4
16924;155;238;9;land;false;plains;4
16925;120;103;80;land;false;low_urban;4
16926;22;41;135;land;false;plains;4
16927;232;176;131;land;false;forest;4
16928;129;227;198;land;false;forest;4
16929;21;86;230;land;false;forest;4
16930;158;198;68;land;false;forest;4
16931;82;164;13;land;false;forest;4
16932;232;246;123;land;false;forest;4
16933;95;252;65;land;false;hills;4
16934;199;120;142;land;false;plains;4
16935;33;171;61;land;false;forest;4
16936;47;62;205;land;false;low_urban;4
16937;144;221;191;land;false;forest;4
16938;2;117;111;land;false;hills;4
16939;149;101;81;land;false;plains;4
16940;219;142;57;land;false;low_urban;4
16941;7;140;29;land;false;forest;4
16942;211;116;69;land;false;forest;4
16943;191;174;116;land;false;mountain;4
16944;79;181;153;land;false;plains;4
16945;29;165;131;land;false;forest;4
16946;244;39;137;land;false;plains;4
16947;248;189;179;land;false;mountain;4
16948;235;122;36;land;false;low_urban;4
16949;127;111;142;land;false;desert;4
16950;86;242;111;land;false;forest;4
16951;161;41;176;land;false;plains;4
16952;163;9;38;land;false;hills;4
16953;250;61;80;land;false;low_urban;4
16954;162;115;159;land;false;plains;4
16955;40;93;172;land;true;plains;2
16956;123;43;238;land;true;forest;2
16957;88;168;173;land;false;plains;2
16958;67;15;136;land;false;plains;2
16959;79;166;87;land;false;plains;2
16960;101;168;179;land;true;forest;2
16961;136;139;89;land;true;forest;2
16962;158;154;105;land;false;plains;2
16963;61;143;120;land;false;plains;2
16964;5;210;139;land;false;plains;2
16965;243;182;152;land;false;plains;2
16966;144;129;40;land;false;forest;2
16967;8;149;205;land;false;plains;2
16968;239;140;240;land;false;forest;2
16969;106;80;40;land;false;forest;2
16970;30;111;29;land;false;forest;2
16971;164;118;181;land;false;forest;2
16972;98;225;44;land;false;plains;2
16973;158;208;221;land;false;plains;2
16974;230;159;45;land;false;forest;2
16975;111;39;72;land;false;forest;2
16976;14;84;69;land;false;forest;2
16977;47;84;60;land;false;forest;2
16978;37;95;54;land;false;forest;2
16979;219;42;49;land;false;low_urban;3
16980;78;23;216;land;false;low_urban;3
16981;214;252;67;land;false;low_urban;3
16982;93;184;32;land;false;hills;3
16983;118;211;119;land;false;hills;3
16984;114;55;67;land;false;mountain;3
16985;169;116;31;land;false;urban;3
16986;79;25;105;land;false;industrial;3
16987;187;96;153;land;false;hills;3
16988;177;39;125;land;true;forest;2
16989;27;90;245;land;true;plains;2
16990;109;11;53;land;true;plains;2
16991;99;223;241;land;true;plains;2
16992;130;7;174;land;false;plains;2
16993;188;223;192;land;false;plains;2
16994;108;251;33;land;false;plains;2
16995;211;85;71;land;false;forest;2
16996;185;136;118;land;false;plains;2
16997;203;40;98;land;false;plains;2
16998;147;203;214;land;false;plains;2
16999;79;235;231;land;false;plains;2
17000;132;97;147;land;true;low_urban;2
17001;51;227;72;land;false;plains;2
17002;221;20;62;land;true;plains;2
17003;200;182;100;land;false;plains;2
17004;133;44;43;land;true;plains;2
17005;216;137;99;land;false;plains;2
17006;173;90;145;land;true;plains;2
17007;190;230;30;land;false;plains;2
17008;18;136;3;land;false;forest;2
17009;15;78;251;land;false;plains;2
17010;46;31;113;land;false;plains;2
17011;166;117;16;land;false;plains;2
17012;136;219;53;land;false;forest;2
17013;117;78;2;land;false;forest;2
17014;68;236;102;land;false;forest;2
17015;98;3;80;land;false;forest;2
17016;39;98;228;land;false;forest;2
17017;195;177;177;land;false;forest;2
17018;209;227;198;land;false;forest;2
17019;119;84;92;land;false;plains;2
17020;131;166;99;land;false;forest;2
17021;141;168;13;land;false;plains;2
17022;233;74;1;land;false;forest;2
17023;170;121;38;land;false;forest;2
17024;83;155;139;land;false;forest;2
17025;103;204;15;land;false;plains;2
17026;12;8;199;land;false;forest;2
17027;158;94;120;land;false;plains;2
17028;107;141;151;land;false;forest;2
17029;205;243;162;land;false;plains;2
17030;233;167;71;land;false;plains;2
17031;18;118;92;land;false;plains;2
17032;49;12;127;land;false;forest;2
17033;49;51;236;land;false;forest;2
17034;4;167;222;land;false;plains;2
17035;30;35;160;land;false;forest;2
17036;163;155;56;land;false;plains;2
17037;5;65;142;land;false;plains;2
17038;181;120;113;land;false;plains;2
17039;179;247;194;land;false;plains;2
17040;175;242;167;land;false;forest;2
17041;175;205;150;land;false;forest;2
17042;42;243;194;land;false;forest;2
17043;130;155;171;land;false;forest;2
17044;151;246;94;land;false;forest;2
17045;3;98;166;land;false;forest;2
17046;95;82;207;land;false;forest;2
17047;252;113;52;land;false;forest;2
17048;47;23;91;land;false;forest;2
17049;127;141;82;land;false;plains;2
17050;50;237;125;land;false;forest;2
17051;121;195;40;land;false;forest;2
17052;236;240;242;land;false;forest;1
17053;189;134;89;land;false;forest;2
17054;66;83;246;land;false;forest;2
17055;177;83;93;land;false;forest;2
17056;149;119;157;land;false;forest;2
17057;74;113;128;land;false;forest;2
17058;120;242;15;land;false;forest;2
17059;193;77;234;land;false;forest;2
17060;240;134;30;land;false;forest;2
17061;36;95;252;land;false;forest;2
17062;21;35;85;land;false;plains;2
17063;13;162;36;land;false;plains;2
17064;137;233;20;land;false;forest;2
17065;192;193;7;land;false;plains;2
17066;109;105;225;land;false;forest;2
17067;124;218;154;land;false;forest;2
17068;201;109;160;land;false;plains;2
17069;154;190;135;land;false;plains;2
17070;73;150;139;land;false;forest;2
17071;119;1;136;land;false;plains;2
17072;13;41;219;land;false;forest;2
17073;231;70;36;land;false;forest;2
17074;123;216;119;land;false;plains;2
17075;157;144;88;land;false;forest;2
17076;156;120;226;land;false;forest;2
17077;25;10;251;land;false;plains;2
17078;145;121;222;land;false;plains;2
17079;64;225;10;land;false;forest;2
17080;220;194;41;land;false;forest;2
17081;214;123;216;land;false;plains;2
17082;62;93;155;land;false;plains;2
17083;250;251;99;land;false;forest;2
17084;65;118;24;land;false;forest;2
17085;213;109;157;land;false;plains;2
17086;138;6;111;land;false;forest;2
17087;108;142;35;land;false;forest;2
17088;98;100;149;land;false;forest;2
17089;1;56;130;land;false;plains;2
17090;161;79;36;land;false;plains;2
17091;74;179;239;land;false;plains;2
17092;101;73;177;land;false;plains;2
17093;37;253;185;land;false;forest;2
17094;82;197;49;land;false;plains;2
17095;165;62;28;land;false;plains;2
17096;148;117;237;land;false;forest;2
17097;84;170;158;land;false;plains;2
17098;198;102;13;land;false;plains;2
17099;167;203;15;land;false;plains;2
17100;75;62;124;land;false;forest;2
17101;195;222;172;land;false;plains;2
17102;195;118;169;land;false;plains;2
17103;98;107;184;land;false;plains;2
17104;180;143;180;land;false;forest;2
17105;114;199;90;land;false;plains;2
17106;145;175;159;land;false;plains;2
17107;58;208;248;land;false;forest;2
17108;192;7;39;land;false;plains;2
17109;213;137;124;land;false;forest;2
17110;90;214;202;land;false;plains;2
17111;247;66;15;land;false;plains;2
17112;188;57;162;land;false;plains;2
17113;163;142;70;land;false;low_urban;2
17114;100;53;64;land;false;plains;2
17115;41;142;181;land;false;plains;2
17116;252;95;98;land;false;forest;2
17117;85;14;229;land;false;plains;2
17118;121;149;35;land;false;plains;2
17119;199;30;202;land;false;forest;2
17120;169;14;81;land;false;forest;2
17121;248;156;75;land;false;plains;2
17122;234;75;232;land;false;plains;2
17123;189;95;127;land;false;plains;2
17124;62;25;70;land;false;plains;2
17125;31;93;41;land;false;plains;2
17126;166;40;225;land;false;plains;2
17127;84;229;162;land;false;plains;2
17128;113;141;176;land;false;plains;2
17129;85;21;98;land;false;plains;2
17130;239;254;99;land;false;plains;2
17131;25;212;225;land;false;plains;2
17132;221;29;1;land;false;forest;2
17133;111;17;100;land;false;plains;2
17134;87;173;37;land;false;plains;2
17135;14;35;225;land;false;forest;2
17136;132;137;61;land;false;forest;2
17137;47;83;88;land;false;plains;2
17138;93;69;204;land;false;forest;2
17139;20;195;99;land;false;low_urban;2
17140;160;242;170;land;false;plains;2
17141;143;218;145;land;false;plains;2
17142;195;250;56;land;false;plains;2
17143;200;45;40;land;false;plains;2
17144;40;22;216;land;true;forest;2
17145;93;228;102;land;true;forest;2
17146;165;93;250;land;false;plains;2
17147;27;243;166;land;true;forest;2
17148;182;106;63;land;false;plains;2
17149;88;47;48;land;false;plains;2
17150;34;66;22;land;false;plains;2
17151;173;107;192;land;false;plains;2
17152;196;11;237;land;true;low_urban;2
17153;116;117;158;land;true;plains;2
17154;135;82;242;land;false;plains;2
17155;163;46;118;land;false;plains;2
17156;7;60;220;land;false;plains;2
17157;139;191;250;land;true;forest;2
17158;180;201;174;land;false;plains;2
17159;227;54;7;land;false;plains;2
17160;149;125;143;land;false;plains;2
17161;1;172;89;land;false;plains;2
17162;210;24;15;land;false;forest;2
17163;17;74;15;land;false;plains;2
17164;158;190;35;land;false;plains;2
17165;189;59;107;land;false;plains;2
17166;21;249;24;land;false;low_urban;2
17167;177;237;117;land;false;plains;2
17168;115;115;250;land;false;plains;2
17169;223;252;5;land;false;plains;2
17170;71;88;8;land;false;plains;2
17171;90;32;60;land;false;plains;2
17172;199;48;248;land;false;plains;2
17173;154;2;127;land;false;plains;2
17174;195;158;68;land;false;plains;2
17175;88;61;231;land;false;plains;2
17176;85;105;159;land;false;plains;2
17177;167;218;11;land;false;plains;2
17178;25;90;20;land;true;plains;2
17179;209;246;166;land;false;plains;2
17180;31;252;10;land;false;plains;2
17181;61;83;244;land;false;forest;2
17182;217;102;244;land;false;plains;2
17183;218;231;39;land;false;forest;2
17184;50;146;198;land;false;plains;2
17185;117;236;241;land;false;forest;2
17186;7;148;125;land;false;plains;2
17187;53;28;166;land;false;forest;2
17188;23;143;146;land;false;forest;2
17189;7;185;184;land;false;forest;2
17190;71;81;137;land;false;plains;2
17191;140;59;168;land;false;forest;2
17192;153;30;29;land;true;plains;2
17193;198;6;1;land;false;forest;2
17194;101;250;83;land;true;plains;2
17195;224;54;206;land;false;plains;2
17196;232;69;116;land;true;plains;2
17197;231;163;111;land;false;plains;2
17198;135;146;210;land;false;plains;2
17199;170;9;200;land;true;plains;2
17200;5;95;165;land;true;plains;2
17201;210;24;14;land;false;plains;2
17202;43;24;217;land;false;plains;2
17203;12;5;100;land;true;plains;2
17204;188;87;174;land;true;plains;2
17205;39;25;193;land;true;plains;2
17206;156;76;164;land;false;plains;2
17207;30;185;59;land;true;plains;2
17208;153;114;196;land;false;plains;2
17209;77;158;67;land;true;low_urban;2
17210;152;183;168;land;true;plains;2
17211;42;39;172;land;true;forest;2
17212;39;100;236;land;true;forest;2
17213;220;30;251;land;true;forest;2
17214;205;208;82;land;true;forest;2
17215;220;58;191;land;true;forest;2
17216;11;86;105;land;true;plains;2
17217;148;188;29;land;true;industrial;2
17218;136;99;26;land;true;forest;2
17219;250;3;135;land;true;plains;2
17220;11;72;245;land;true;plains;2
17221;251;253;229;land;true;plains;1
17222;15;95;156;land;true;urban;2
17223;32;211;37;land;false;plains;2
17224;73;185;228;land;false;plains;2
17225;115;128;83;land;false;forest;2
17226;7;15;204;land;false;plains;2
17227;35;62;248;land;false;forest;2
17228;253;29;50;land;false;forest;2
17229;169;79;181;land;false;plains;2
17230;201;116;218;land;false;forest;2
17231;151;207;56;land;false;forest;2
17232;122;84;203;land;false;plains;2
17233;251;4;129;land;false;forest;2
17234;146;87;93;land;false;plains;2
17235;79;65;19;land;false;forest;2
17236;216;192;124;land;false;forest;2
17237;176;227;25;land;false;plains;2
17238;204;128;116;land;false;plains;2
17239;141;96;38;land;false;forest;2
17240;114;29;149;land;false;plains;2
17241;103;193;254;land;false;plains;2
17242;93;87;208;land;false;plains;2
17243;21;142;121;land;false;plains;2
17244;12;123;64;land;false;plains;2
17245;240;131;221;land;false;plains;2
17246;226;107;119;land;false;plains;2
17247;49;26;124;land;false;plains;2
17248;204;248;178;land;false;plains;2
17249;21;122;77;land;false;forest;2
17250;195;167;79;land;false;forest;2
17251;200;214;250;land;false;forest;2
17252;253;22;252;land;false;forest;2
17253;165;169;172;land;false;plains;2
17254;134;14;127;land;false;plains;2
17255;174;243;189;land;false;plains;2
17256;85;177;227;land;false;low_urban;2
17257;130;98;204;land;false;forest;2
17258;126;208;217;land;false;plains;2
17259;127;157;31;land;false;plains;2
17260;67;201;108;land;false;plains;2
17261;136;185;253;land;false;plains;2
17262;87;186;119;land;false;plains;2
17263;72;186;25;land;false;forest;2
17264;122;1;66;land;false;low_urban;2
17265;207;186;147;land;false;plains;2
17266;177;139;116;land;false;plains;2
17267;241;30;88;land;false;plains;2
17268;46;71;65;land;false;plains;2
17269;181;248;19;land;false;forest;2
17270;64;100;222;land;false;plains;2
17271;110;4;124;land;false;plains;2
17272;125;42;46;land;false;forest;2
17273;50;88;123;land;false;forest;2
17274;114;142;122;land;false;forest;2
17275;40;217;117;land;false;plains;2
17276;140;11;150;land;false;plains;2
17277;209;32;182;land;false;forest;2
17278;177;202;204;land;false;forest;2
17279;185;71;102;land;false;forest;2
17280;162;21;169;land;false;plains;2
17281;18;37;234;land;false;plains;2
17282;223;153;170;land;false;forest;2
17283;22;1;39;land;false;forest;2
17284;147;149;70;land;false;forest;2
17285;115;87;140;land;false;plains;2
17286;250;160;24;land;false;low_urban;2
17287;110;29;199;land;false;forest;2
17288;172;90;227;land;false;plains;2
17289;14;70;18;land;false;forest;2
17290;60;70;18;land;false;forest;2
17291;112;208;16;land;false;forest;2
17292;245;240;21;land;false;plains;2
17293;36;209;55;land;false;plains;2
17294;254;17;58;land;false;plains;2
17295;192;156;141;land;false;low_urban;2
17296;253;16;232;land;false;forest;2
17297;117;109;248;land;false;plains;2
17298;195;199;12;land;false;forest;2
17299;113;218;161;land;false;plains;2
17300;190;73;88;land;false;plains;2
17301;122;135;51;land;false;plains;2
17302;135;186;85;land;false;low_urban;2
17303;135;86;149;land;false;plains;2
17304;87;216;205;land;false;forest;2
17305;37;158;188;land;false;forest;2
17306;8;83;164;land;false;forest;2
17307;67;74;123;land;false;forest;2
17308;205;1;147;land;false;forest;2
17309;67;79;246;land;false;forest;2
17310;145;49;88;land;false;forest;2
17311;150;130;113;land;false;forest;2
17312;236;158;174;land;false;forest;2
17313;161;139;117;land;false;forest;2
17314;25;121;184;land;false;forest;2
17315;7;55;111;land;false;forest;2
17316;109;6;107;land;false;forest;2
17317;70;124;17;land;false;forest;2
17318;51;244;17;land;false;plains;2
17319;63;56;185;land;false;plains;2
17320;224;1;37;land;false;plains;2
17321;209;57;32;land;false;plains;2
17322;14;20;210;land;false;forest;2
17323;53;249;154;land;false;forest;2
17324;150;75;211;land;false;forest;2
17325;170;230;153;land;false;plains;2
17326;204;53;194;land;false;plains;2
17327;203;181;64;land;false;forest;2
17328;13;212;236;land;false;forest;2
17329;253;61;118;land;false;forest;2
17330;250;212;229;land;false;forest;2
17331;64;204;49;land;false;forest;2
17332;22;236;4;land;false;forest;2
17333;160;100;230;land;false;plains;2
17334;95;38;196;land;false;plains;2
17335;49;184;152;land;false;low_urban;2
17336;47;223;11;land;false;forest;2
17337;232;225;13;land;false;plains;2
17338;239;93;132;land;false;forest;2
17339;46;109;30;land;false;forest;2
17340;195;22;210;land;false;forest;2
17341;130;90;150;land;false;plains;2
17342;58;60;230;land;false;forest;2
17343;40;142;178;land;false;forest;2
17344;226;38;236;land;false;forest;2
17345;209;109;200;land;false;forest;2
17346;157;166;7;land;false;forest;2
17347;10;106;191;land;false;forest;2
17348;79;119;244;land;false;forest;2
17349;23;130;196;land;false;forest;2
17350;200;175;109;land;false;forest;2
17351;104;116;228;land;false;forest;2
17352;243;221;188;land;false;plains;2
17353;34;5;12;land;false;forest;2
17354;97;104;168;land;false;forest;2
17355;247;191;234;land;false;plains;2
17356;30;17;81;land;false;plains;2
17357;50;240;88;land;false;forest;2
17358;121;85;29;land;false;forest;2
17359;36;124;31;land;false;forest;2
17360;192;51;202;land;false;forest;2
17361;133;1;203;land;false;forest;2
17362;233;179;84;land;false;forest;2
17363;215;108;74;land;false;forest;2
17364;128;145;211;land;false;forest;2
17365;236;123;208;land;false;forest;2
17366;221;153;253;land;false;plains;2
17367;180;109;233;land;false;plains;2
17368;80;165;67;land;false;plains;2
17369;243;42;99;land;false;plains;2
17370;157;43;54;land;false;plains;2
17371;219;205;36;land;false;forest;2
17372;171;188;9;land;false;forest;2
17373;185;42;231;land;false;plains;2
17374;147;21;145;land;false;forest;2
17375;50;43;94;land;false;forest;2
17376;189;143;185;land;false;forest;2
17377;175;90;234;land;false;forest;2
17378;123;206;50;land;false;forest;2
17379;224;221;118;land;false;forest;2
17380;111;31;9;land;false;plains;2
17381;74;103;175;land;false;plains;2
17382;39;73;199;land;false;forest;2
17383;145;62;77;land;false;plains;2
17384;36;102;95;land;false;forest;2
17385;93;72;215;land;false;forest;2
17386;22;68;124;land;false;plains;2
17387;102;180;167;land;false;low_urban;2
17388;140;80;61;land;true;plains;2
17389;189;241;176;land;false;industrial;2
17390;167;44;60;land;true;forest;2
17391;168;195;202;land;true;forest;2
17392;220;145;51;land;true;forest;2
17393;93;92;151;land;false;forest;2
17394;135;170;186;land;false;forest;2
17395;133;128;212;land;false;forest;2
17396;148;221;206;land;false;forest;2
17397;224;17;210;land;false;forest;2
17398;38;220;218;land;true;forest;2
17399;19;139;138;land;true;plains;2
17400;4;210;2;land;false;plains;2
17401;57;85;217;land;false;forest;2
17402;141;4;100;land;false;plains;2
17403;67;151;89;land;false;plains;2
17404;81;12;23;land;false;forest;2
17405;180;23;67;land;false;forest;2
17406;38;199;65;land;false;plains;2
17407;237;246;183;land;false;forest;2
17408;129;62;193;land;false;forest;2
17409;216;119;226;land;false;plains;2
17410;61;9;144;land;false;low_urban;2
17411;41;27;2;land;false;plains;2
17412;6;184;5;land;true;plains;2
17413;6;146;27;land;false;plains;2
17414;146;6;237;land;true;plains;2
17415;50;178;57;land;true;marsh;2
17416;171;175;221;land;true;marsh;2
17417;202;137;131;land;false;forest;2
17418;138;178;122;land;false;forest;2
17419;246;212;17;land;false;forest;2
17420;187;32;28;land;false;low_urban;2
17421;155;77;88;land;false;plains;2
17422;132;27;28;land;false;plains;2
17423;139;223;133;land;false;forest;2
17424;155;134;228;land;false;plains;2
17425;178;72;80;land;false;plains;2
17426;239;221;186;land;false;plains;2
17427;20;180;234;land;false;low_urban;2
17428;223;103;187;land;false;plains;2
17429;39;206;180;land;false;plains;2
17430;64;93;244;land;false;forest;2
17431;117;177;146;land;false;plains;2
17432;140;20;21;land;false;forest;2
17433;192;165;202;land;false;forest;2
17434;60;71;100;land;false;forest;2
17435;28;225;7;land;false;forest;2
17436;139;75;83;land;false;forest;2
17437;216;67;55;land;false;forest;2
17438;183;121;234;land;false;plains;2
17439;7;30;107;land;false;plains;2
17440;14;26;219;land;false;forest;2
17441;44;107;27;land;false;forest;2
17442;76;48;122;land;false;forest;2
17443;13;205;89;land;false;forest;2
17444;135;3;206;land;false;plains;2
17445;23;120;26;land;false;plains;2
17446;17;183;227;land;false;plains;2
17447;225;110;222;land;false;plains;2
17448;112;58;219;land;false;plains;2
17449;40;158;83;land;false;plains;2
17450;161;208;201;land;false;plains;2
17451;19;49;217;land;true;plains;2
17452;45;24;48;land;false;forest;2
17453;18;245;151;land;true;plains;2
17454;145;154;17;land;true;forest;2
17455;47;161;170;land;true;forest;2
17456;91;202;127;land;false;urban;2
17457;182;166;100;land;false;low_urban;2
17458;143;91;224;land;true;plains;2
17459;17;166;78;land;false;plains;2
17460;197;196;136;land;true;plains;2
17461;184;209;239;land;false;forest;2
17462;150;227;249;land;false;forest;2
17463;137;172;32;land;false;forest;2
17464;189;138;116;land;false;forest;2
17465;215;69;183;land;false;forest;2
17466;34;40;30;land;false;forest;2
17467;138;108;3;land;false;forest;2
17468;3;34;133;land;false;forest;2
17469;116;197;76;land;false;forest;2
17470;204;32;203;land;false;plains;2
17471;216;40;126;land;false;plains;2
17472;10;168;71;land;false;plains;2
17473;140;181;54;land;false;forest;2
17474;54;42;170;land;false;plains;2
17475;186;150;19;land;false;plains;2
17476;223;145;41;land;false;plains;2
17477;200;133;22;land;false;plains;2
17478;248;35;150;land;false;plains;2
17479;1;142;164;land;false;plains;2
17480;108;141;230;land;false;plains;2
17481;129;228;98;land;false;plains;2
17482;51;121;233;land;false;plains;2
17483;179;145;20;land;false;forest;2
17484;171;249;253;land;false;plains;2
17485;212;42;211;land;false;plains;2
17486;12;243;129;land;false;forest;2
17487;235;183;129;land;false;plains;2
17488;161;62;223;land;false;forest;2
17489;174;145;208;land;true;plains;2
17490;41;121;11;land;false;forest;2
17491;151;177;231;land;true;plains;2
17492;100;143;66;land;false;forest;2
17493;114;62;21;land;false;forest;2
17494;93;23;4;land;false;forest;2
17495;191;32;227;land;false;plains;2
17496;246;54;240;land;false;plains;2
17497;201;82;99;land;false;plains;2
17498;221;139;98;land;false;plains;2
17499;12;64;7;land;false;forest;2
17500;78;140;254;land;false;plains;2
17501;7;121;40;land;false;plains;2
17502;50;180;244;land;false;plains;2
17503;56;3;103;land;false;plains;2
17504;215;66;211;land;false;plains;2
17505;187;141;126;land;true;low_urban;2
17506;230;110;192;land;true;plains;2
17507;136;133;237;land;false;plains;2
17508;107;226;228;land;false;plains;2
17509;62;135;81;land;false;forest;2
17510;164;92;127;land;false;forest;2
17511;20;4;111;land;false;forest;2
17512;62;236;73;land;false;forest;2
17513;163;157;150;land;false;plains;2
17514;145;44;112;land;false;plains;2
17515;177;155;210;land;false;plains;2
17516;56;9;9;land;false;plains;2
17517;137;24;24;land;false;plains;2
17518;94;40;127;land;false;plains;2
17519;46;172;196;land;false;plains;2
17520;205;214;245;land;true;industrial;2
17521;199;203;16;land;true;plains;2
17522;110;45;200;land;true;plains;2
17523;218;167;112;land;true;forest;2
17524;99;36;158;land;true;forest;2
17525;34;54;34;land;false;plains;2
17526;120;138;153;land;false;forest;2
17527;24;238;245;land;false;plains;2
17528;1;80;130;land;false;plains;2
17529;253;162;45;land;false;plains;2
17530;169;80;198;land;false;plains;2
17531;208;211;132;land;false;plains;2
17532;8;75;253;land;false;plains;2
17533;25;209;52;land;false;plains;2
17534;65;6;244;land;true;plains;3
17535;91;14;193;land;false;forest;3
17536;124;82;169;land;true;plains;3
17537;158;154;136;land;true;forest;3
17538;16;60;231;land;false;plains;3
17539;122;81;113;land;false;low_urban;3
17540;158;128;252;land;false;plains;3
17541;111;40;235;land;false;forest;3
17542;101;199;101;land;false;forest;3
17543;68;202;174;land;false;plains;6
17544;7;24;193;land;false;forest;3
17545;147;71;33;land;false;forest;3
17546;29;141;4;land;false;forest;3
17547;37;229;2;land;true;forest;3
17548;191;193;175;land;false;forest;3
17549;253;7;176;land;false;forest;3
17550;35;196;133;land;false;forest;3
17551;10;11;43;sea;false;ocean;0
17552;152;60;132;land;true;urban;3
17553;125;96;223;land;true;industrial;3
17554;108;162;155;land;true;forest;3
17555;133;241;142;land;false;forest;3
17556;136;139;55;land;false;plains;6
17557;126;67;127;land;true;plains;3
17558;41;138;110;land;true;plains;3
17559;41;249;251;land;false;plains;3
17560;64;103;209;land;false;forest;3
17561;203;34;134;land;false;plains;6
17562;47;75;104;sea;false;ocean;0
17563;147;219;180;land;false;low_urban;3
17564;183;46;192;land;false;forest;3
17565;0;161;34;land;true;forest;3
17566;104;138;186;land;false;plains;3
17567;7;122;8;land;false;plains;3
17568;110;254;58;land;false;forest;3
17569;62;36;156;land;false;plains;6
17570;75;196;187;land;false;plains;6
17571;86;112;64;land;false;plains;3
17572;91;158;119;land;false;forest;3
17573;88;253;11;land;false;forest;3
17574;85;90;189;land;false;plains;3
17575;157;37;111;land;false;plains;6
17576;30;252;80;land;false;plains;6
17577;6;183;142;land;false;forest;3
17578;43;61;163;land;false;plains;3
17579;85;29;103;land;false;plains;3
17580;167;81;21;land;false;plains;3
17581;247;212;165;land;false;plains;6
17582;212;238;174;land;false;forest;3
17583;52;213;170;land;true;plains;3
17584;224;102;134;land;true;plains;3
17585;227;170;115;land;false;plains;3
17586;104;16;115;land;false;plains;3
17587;248;12;136;land;false;plains;3
17588;101;237;155;land;false;forest;3
17589;200;91;172;land;false;plains;6
17590;125;25;184;land;false;plains;3
17591;127;51;110;land;false;plains;6
17592;249;149;171;land;false;plains;3
17593;228;64;50;land;false;plains;6
17594;143;142;14;land;false;plains;3
17595;104;148;2;land;false;plains;3
17596;253;179;168;land;true;plains;3
17597;110;201;64;land;false;plains;3
17598;84;169;80;land;false;plains;3
17599;127;107;106;land;false;low_urban;3
17600;128;223;138;land;false;forest;3
17601;169;207;56;land;false;plains;6
17602;65;68;201;land;false;plains;3
17603;83;15;144;land;false;plains;6
17604;199;206;160;land;false;forest;3
17605;98;138;16;land;false;plains;3
17606;27;184;152;land;false;plains;3
17607;198;85;21;land;false;forest;3
17608;236;198;193;land;false;forest;3
17609;193;157;91;land;false;plains;6
17610;25;4;1;land;false;forest;3
17611;178;139;12;land;false;plains;6
17612;193;39;113;land;false;plains;6
17613;12;61;189;land;false;forest;3
17614;108;252;80;land;false;plains;6
17615;87;111;4;land;false;plains;3
17616;128;245;142;land;false;forest;3
17617;153;200;47;land;false;plains;6
17618;243;223;136;land;false;forest;3
17619;192;92;53;land;false;plains;6
17620;74;145;205;land;false;urban;2
17621;137;67;223;land;false;plains;2
17622;104;20;132;land;false;plains;2
17623;205;135;213;land;false;forest;2
17624;221;160;4;land;false;forest;2
17625;225;129;153;land;false;forest;2
17626;6;82;95;land;false;forest;2
17627;158;131;157;land;false;plains;2
17628;244;250;23;land;false;plains;2
17629;186;124;217;land;false;plains;2
17630;123;238;158;land;false;plains;2
17631;14;2;13;land;false;plains;2
17632;77;233;244;land;false;plains;2
17633;228;27;93;land;false;plains;2
17634;117;68;97;land;false;plains;2
17635;185;74;219;land;false;plains;2
17636;190;225;219;land;false;plains;2
17637;202;6;216;land;false;forest;2
17638;189;108;78;land;false;plains;2
17639;180;213;51;land;false;plains;2
17640;21;98;55;land;false;plains;2
17641;48;35;206;land;false;plains;2
17642;104;48;87;land;false;plains;2
17643;220;143;199;land;false;forest;2
17644;110;148;68;land;false;forest;2
17645;51;108;250;land;false;forest;2
17646;9;137;141;land;false;plains;2
17647;76;84;72;land;false;plains;2
17648;22;111;160;land;false;plains;2
17649;235;173;229;land;false;plains;2
17650;147;137;91;land;false;plains;2
17651;213;64;155;land;false;plains;2
17652;204;119;26;land;false;plains;2
17653;49;249;247;land;false;plains;2
17654;221;33;70;land;false;plains;2
17655;126;16;125;land;false;forest;2
17656;137;226;216;land;false;forest;2
17657;194;71;31;land;false;plains;2
17658;126;224;148;land;false;plains;2
17659;145;137;199;land;false;plains;2
17660;238;180;5;land;false;forest;2
17661;227;9;125;land;false;plains;2
17662;114;113;145;land;false;forest;2
17663;177;79;76;land;false;forest;2
17664;237;152;105;land;false;plains;2
17665;176;29;83;land;false;forest;2
17666;90;37;70;land;false;forest;2
17667;219;29;35;land;false;plains;3
17668;72;191;163;land;true;plains;3
17669;57;68;123;land;true;marsh;3
17670;183;151;13;land;true;marsh;3
17671;68;243;218;land;false;plains;3
17672;230;215;252;land;false;plains;3
17673;140;0;16;land;false;plains;3
17674;252;16;214;land;true;plains;3
17675;206;142;143;land;true;plains;3
17676;187;177;156;land;false;plains;6
17677;124;223;173;land;false;plains;3
17678;91;49;229;land;false;plains;3
17679;41;99;130;land;false;forest;3
17680;19;73;218;land;false;forest;3
17681;1;47;234;land;false;plains;3
17682;97;68;186;land;false;plains;3
17683;98;235;29;land;false;plains;3
17684;16;59;214;land;true;plains;3
17685;139;12;217;land;true;plains;3
17686;108;175;79;land;false;plains;3
17687;82;188;219;land;false;plains;3
17688;105;176;50;land;false;forest;3
17689;40;235;239;land;false;forest;3
17690;7;96;160;land;false;plains;3
17691;133;124;6;land;false;forest;3
17692;166;115;124;land;true;plains;3
17693;16;224;178;land;true;plains;3
17694;244;75;89;land;false;plains;3
17695;140;158;72;land;false;forest;3
17696;205;157;121;land;false;plains;3
17697;162;212;52;land;true;forest;3
17698;233;111;233;land;false;forest;3
17699;139;91;32;land;false;plains;3
17700;211;46;206;land;false;forest;3
17701;22;1;113;land;false;forest;3
17702;139;122;59;land;false;plains;3
17703;240;42;97;land;false;forest;3
17704;131;110;92;land;false;low_urban;3
17705;165;231;242;land;false;forest;3
17706;78;24;194;land;false;plains;3
17707;118;53;203;land;false;plains;3
17708;156;110;32;land;false;forest;3
17709;91;39;157;land;false;plains;3
17710;43;64;168;land;false;forest;3
17711;231;87;206;land;false;plains;3
17712;210;55;88;land;false;forest;3
17713;149;195;93;land;false;plains;3
17714;97;99;52;land;false;low_urban;3
17715;172;25;202;land;false;plains;3
17716;72;84;211;land;false;plains;3
17717;160;0;138;land;false;plains;3
17718;180;144;217;land;false;plains;3
17719;182;153;21;land;false;forest;3
17720;199;196;121;land;false;plains;3
17721;135;92;75;land;false;forest;3
17722;114;153;72;land;false;plains;3
17723;94;89;196;land;false;forest;3
17724;222;117;246;land;false;plains;3
17725;74;105;167;land;false;plains;3
17726;246;121;20;land;false;forest;3
17727;61;140;117;land;false;plains;3
17728;136;0;98;land;false;forest;3
17729;135;247;68;land;false;plains;3
17730;198;63;146;land;false;plains;3
17731;112;247;124;land;false;forest;3
17732;26;55;226;land;false;forest;3
17733;36;103;104;land;false;forest;3
17734;10;219;36;land;false;forest;3
17735;203;244;216;land;false;plains;3
17736;85;114;249;land;false;forest;3
17737;147;167;128;land;false;forest;3
17738;147;200;100;land;false;plains;3
17739;99;154;46;land;false;forest;3
17740;112;202;128;land;false;plains;3
17741;137;104;112;land;false;plains;3
17742;128;22;174;land;false;forest;3
17743;213;91;164;land;false;plains;3
17744;200;2;160;land;false;forest;3
17745;209;248;44;land;false;forest;3
17746;132;90;185;land;false;forest;3
17747;62;42;128;land;false;forest;3
17748;243;166;180;land;false;plains;3
17749;179;63;106;land;false;plains;3
17750;172;133;47;land;false;plains;3
17751;213;0;107;land;false;plains;3
17752;56;48;123;land;false;plains;3
17753;212;86;61;land;false;forest;3
17754;23;189;193;land;false;forest;3
17755;15;75;172;land;false;forest;3
17756;79;126;235;land;false;plains;3
17757;138;38;179;land;false;forest;3
17758;61;84;1;land;false;plains;3
17759;199;144;85;land;false;plains;3
17760;165;12;205;land;false;forest;3
17761;59;75;134;land;false;plains;3
17762;37;227;20;land;false;forest;3
17763;212;249;63;land;false;forest;3
17764;43;60;247;land;false;plains;3
17765;161;76;95;land;false;forest;3
17766;138;102;240;land;false;forest;3
17767;158;233;179;land;false;plains;3
17768;88;46;101;land;false;forest;3
17769;196;102;77;land;false;plains;3
17770;206;115;100;land;false;forest;3
17771;13;92;184;land;false;low_urban;3
17772;10;223;72;land;false;forest;3
17773;79;163;23;land;false;plains;2
17774;213;99;246;land;true;forest;2
17775;100;216;234;land;true;forest;2
17776;42;148;5;land;false;forest;2
17777;58;20;104;land;false;forest;2
17778;57;235;243;land;false;forest;2
17779;112;6;174;land;false;forest;2
17780;183;179;12;land;false;forest;2
17781;74;27;138;land;false;plains;2
17782;153;37;118;land;false;plains;2
17783;30;137;167;land;false;forest;2
17784;5;186;234;land;false;forest;2
17785;77;224;38;land;false;low_urban;2
17786;80;78;105;land;true;forest;2
17787;164;29;62;land;true;forest;2
17788;110;240;97;land;true;forest;2
17789;22;83;105;land;true;forest;2
17790;74;89;53;land;true;forest;2
17791;225;72;19;land;false;low_urban;2
17792;15;103;36;land;false;plains;2
17793;104;124;41;land;false;plains;2
17794;172;187;34;land;false;plains;2
17795;228;69;165;land;false;plains;2
17796;15;153;94;land;false;plains;2
17797;203;96;225;land;false;plains;2
17798;21;255;223;land;false;forest;2
17799;168;94;205;land;false;plains;2
17800;27;125;245;land;false;plains;2
17801;219;91;190;land;false;plains;2
17802;55;193;75;land;false;plains;2
17803;27;109;148;land;false;plains;2
17804;136;224;23;land;false;plains;2
17805;100;81;210;land;false;plains;2
17806;136;2;229;land;false;forest;2
17807;92;187;148;land;true;forest;2
17808;65;153;88;land;true;plains;2
17809;253;139;17;land;true;forest;2
17810;164;5;86;land;false;plains;2
17811;48;159;127;land;false;plains;2
17812;200;40;227;land;false;low_urban;2
17813;179;160;32;land;false;plains;2
17814;85;168;86;land;false;plains;2
17815;12;180;65;land;false;plains;2
17816;50;48;176;land;false;plains;2
17817;215;88;160;land;false;plains;2
17818;222;217;127;land;false;plains;2
17819;34;143;42;land;false;plains;2
17820;240;222;215;land;false;plains;2
17821;9;32;211;land;false;plains;2
17822;163;130;250;land;false;plains;2
17823;62;17;198;land;false;plains;2
17824;182;128;24;land;false;plains;2
17825;178;162;190;land;false;plains;2
17826;207;144;105;land;false;plains;2
17827;48;13;188;land;false;forest;2
17828;19;227;238;land;false;forest;2
17829;208;101;80;land;false;plains;2
17830;141;16;55;land;false;forest;2
17831;105;75;218;land;false;plains;2
17832;108;8;49;land;false;forest;2
17833;43;191;247;land;false;forest;2
17834;193;158;212;land;false;forest;2
17835;127;89;117;land;false;low_urban;2
17836;41;56;226;land;false;forest;2
17837;165;114;44;land;false;forest;2
17838;73;122;113;land;false;plains;2
17839;96;222;17;land;false;plains;2
17840;110;243;45;land;false;plains;2
17841;126;59;110;land;false;forest;2
17842;56;125;107;land;false;plains;2
17843;250;47;38;land;false;plains;2
17844;141;233;1;land;false;plains;2
17845;191;58;191;land;false;plains;2
17846;229;150;219;land;false;low_urban;2
17847;175;56;82;land;false;plains;2
17848;18;142;42;land;false;plains;2
17849;57;220;100;land;false;plains;2
17850;118;93;42;land;false;plains;2
17851;63;213;145;land;false;plains;2
17852;61;1;178;land;false;plains;2
17853;79;35;76;land;false;plains;2
17854;252;209;191;land;false;plains;2
17855;109;31;9;land;false;plains;2
17856;27;121;119;land;false;plains;2
17857;82;66;153;land;false;plains;2
17858;110;115;151;land;false;plains;2
17859;214;216;15;land;false;forest;2
17860;48;33;192;land;false;urban;2
17861;71;68;249;land;false;plains;2
17862;176;252;139;land;false;forest;2
17863;11;134;94;land;false;plains;2
17864;242;145;179;land;false;plains;2
17865;117;123;43;land;false;plains;2
17866;143;21;145;land;false;plains;2
17867;13;38;243;land;false;plains;2
17868;45;112;83;land;false;forest;2
17869;227;42;185;land;false;forest;2
17870;84;53;8;land;false;forest;2
17871;207;120;32;land;false;plains;2
17872;199;113;245;land;false;forest;2
17873;84;251;78;land;false;plains;2
17874;179;127;216;land;false;forest;2
17875;119;242;65;land;false;forest;2
17876;157;60;146;land;true;plains;2
17877;158;93;74;land;false;forest;2
17878;197;57;84;land;false;forest;2
17879;166;71;196;land;true;plains;2
17880;143;72;215;land;true;plains;2
17881;27;48;110;land;false;forest;2
17882;117;208;123;land;true;forest;2
17883;178;241;179;land;true;forest;2
17884;55;252;47;land;true;low_urban;1
17885;40;183;244;land;true;plains;1
17886;17;64;161;land;true;forest;1
17887;241;204;14;land;true;plains;1
17888;9;71;53;land;false;forest;1
17889;208;62;210;land;false;forest;1
17890;236;206;181;land;false;forest;1
17891;158;100;249;land;true;plains;1
17892;137;103;72;land;true;forest;1
17893;201;139;64;land;false;plains;1
17894;242;211;50;land;false;plains;1
17895;235;188;235;land;false;forest;1
17896;52;45;167;land;false;forest;1
17897;105;198;112;land;false;forest;1
17898;118;48;184;land;false;forest;1
17899;31;5;91;land;false;forest;1
17900;213;248;185;land;false;forest;1
17901;212;221;104;land;false;forest;1
17902;160;80;216;land;true;plains;1
17903;123;123;104;land;false;forest;2
17904;53;200;187;land;true;forest;2
17905;148;168;235;land;false;forest;3
17906;50;65;143;land;true;forest;1
17907;112;144;58;land;false;forest;1
17908;52;173;165;land;false;forest;1
17909;206;123;64;land;true;forest;1
17910;237;17;195;land;true;forest;1
17911;42;222;218;land;false;forest;1
17912;233;75;66;land;true;plains;3
17913;21;53;249;land;true;low_urban;3
17914;116;196;155;land;false;plains;3
17915;188;45;18;land;true;plains;3
17916;161;53;18;land;true;plains;3
17917;115;228;135;land;false;plains;3
17918;64;194;67;land;false;plains;3
17919;159;252;157;land;false;forest;3
17920;220;169;125;land;false;forest;3
17921;247;202;178;land;false;forest;3
17922;158;237;141;land;false;forest;3
17923;97;202;122;land;false;forest;3
17924;131;119;85;land;false;forest;3
17925;140;171;92;land;false;forest;3
17926;110;200;174;land;false;plains;3
17927;157;11;232;land;false;plains;3
17928;118;84;47;land;true;plains;3
17929;96;65;65;land;false;plains;3
17930;186;70;73;land;false;forest;2
17931;214;217;141;land;false;forest;3
17932;112;71;176;land;false;forest;3
17933;5;38;163;land;true;plains;3
17934;237;204;67;land;false;plains;3
17935;193;245;207;land;true;plains;3
17936;101;147;52;land;false;forest;3
17937;52;128;52;land;true;plains;3
17938;195;7;211;land;true;plains;3
17939;234;242;198;land;true;plains;2
17940;22;55;117;land;false;plains;2
17941;5;102;68;land;false;forest;2
17942;29;177;36;land;true;low_urban;3
17943;89;4;144;land;true;plains;3
17944;89;83;201;land;false;low_urban;3
17945;149;112;205;land;false;urban;2
17946;179;220;16;land;true;low_urban;2
17947;25;5;127;land;false;plains;2
17948;229;218;161;land;true;low_urban;2
17949;188;35;242;land;false;urban;3
17950;178;0;107;land;false;urban;3
17951;95;4;15;land;false;forest;3
17952;123;246;228;land;false;urban;3
17953;78;52;113;land;false;forest;3
17954;187;21;192;land;false;forest;3
17955;50;239;27;land;false;forest;3
17956;251;148;89;land;false;forest;3
17957;5;205;37;land;true;urban;3
17958;147;162;98;land;true;forest;3
17959;214;68;42;land;true;forest;3
17960;251;83;169;land;true;forest;3
17961;184;9;244;land;false;forest;3
17962;228;175;242;land;false;forest;3
17963;211;206;120;land;false;plains;3
17964;174;154;180;land;false;forest;3
17965;46;112;55;land;false;forest;3
17966;196;218;71;land;false;forest;3
17967;192;231;194;land;false;forest;3
17968;93;241;69;land;false;forest;3
17969;87;204;47;land;true;forest;3
17970;116;39;160;land;false;forest;3
17971;249;63;135;land;false;forest;3
17972;30;177;179;land;true;forest;3
17973;69;233;202;land;false;forest;3
17974;190;253;29;land;false;forest;3
17975;80;94;121;land;false;forest;3
17976;46;25;8;land;false;forest;3
17977;140;0;57;land;false;forest;3
17978;251;57;27;land;false;forest;3
17979;135;167;24;land;false;forest;3
17980;226;249;29;land;true;forest;3
17981;91;184;242;land;true;plains;3
17982;183;224;119;land;false;forest;3
17983;183;133;222;land;true;plains;3
17984;150;161;9;land;false;forest;3
17985;51;172;182;land;false;forest;3
17986;107;59;191;land;false;forest;3
17987;106;245;238;land;false;plains;3
17988;156;215;250;land;false;forest;3
17989;186;141;86;land;true;forest;3
17990;173;54;190;land;false;forest;3
17991;66;245;51;land;false;forest;3
17992;100;18;91;land;false;forest;3
17993;62;81;142;land;false;urban;3
17994;19;183;176;land;false;forest;3
17995;124;183;223;land;false;forest;3
17996;135;233;86;land;true;forest;3
17997;12;186;79;land;true;plains;3
17998;225;60;130;land;false;forest;3
17999;58;104;127;land;false;forest;3
18000;119;1;237;land;false;plains;3
18001;0;145;18;land;false;forest;3
18002;174;111;101;land;false;forest;3
18003;216;193;223;land;false;forest;3
18004;86;80;244;land;false;forest;3
18005;230;49;252;land;false;forest;3
18006;114;122;110;land;false;forest;3
18007;227;22;8;land;false;forest;3
18008;87;98;5;land;false;forest;3
18009;73;84;184;land;false;plains;3
18010;24;154;189;land;false;forest;3
18011;202;160;242;land;false;forest;3
18012;240;54;54;land;false;forest;3
18013;232;156;58;land;false;forest;3
18014;243;95;153;land;false;forest;3
18015;36;32;193;land;false;forest;3
18016;188;203;161;land;false;plains;3
18017;43;82;125;land;false;plains;3
18018;241;248;140;land;false;plains;3
18019;222;154;136;land;false;forest;3
18020;192;42;168;land;false;plains;3
18021;91;169;80;land;false;plains;3
18022;158;95;131;land;false;plains;3
18023;171;167;156;land;false;forest;3
18024;18;238;35;land;false;forest;3
18025;107;177;22;land;false;plains;3
18026;151;181;88;land;false;plains;3
18027;39;160;214;land;false;plains;3
18028;156;12;249;land;false;forest;3
18029;119;154;47;land;false;low_urban;3
18030;83;246;22;land;false;forest;3
18031;45;146;216;land;false;forest;3
18032;195;31;12;land;false;forest;3
18033;204;253;62;land;false;forest;3
18034;1;119;114;land;false;forest;3
18035;115;184;216;land;false;forest;3
18036;211;9;100;land;false;plains;3
18037;211;15;214;land;false;forest;3
18038;232;67;62;land;false;forest;3
18039;36;16;21;land;false;plains;3
18040;99;197;36;land;false;forest;3
18041;125;238;149;land;false;forest;3
18042;170;58;193;land;false;plains;3
18043;176;68;167;land;false;plains;3
18044;116;245;34;land;false;plains;3
18045;12;158;237;land;false;forest;3
18046;224;69;14;land;false;forest;3
18047;7;159;148;land;false;forest;3
18048;80;245;48;land;false;plains;3
18049;30;35;173;land;false;plains;3
18050;18;244;89;land;false;plains;3
18051;218;120;88;land;false;plains;3
18052;145;253;42;land;false;forest;3
18053;114;144;31;land;false;plains;3
18054;250;49;111;land;false;forest;3
18055;243;117;113;land;false;forest;3
18056;111;167;38;land;false;forest;3
18057;160;219;181;land;false;forest;3
18058;24;85;182;land;false;plains;3
18059;187;129;2;land;false;plains;3
18060;54;106;91;land;false;forest;3
18061;170;140;207;land;false;plains;3
18062;153;77;54;land;false;low_urban;3
18063;84;139;171;land;false;forest;3
18064;179;220;226;land;false;plains;3
18065;104;118;13;land;false;forest;2
18066;151;243;195;land;false;forest;2
18067;4;132;147;land;false;forest;2
18068;28;86;113;land;false;forest;2
18069;191;60;23;land;false;forest;2
18070;78;161;151;land;false;forest;2
18071;199;247;118;land;false;plains;2
18072;23;133;185;land;true;industrial;2
18073;121;201;16;land;false;plains;2
18074;114;158;75;land;true;plains;2
18075;35;105;1;land;true;plains;2
18076;2;195;169;land;false;forest;2
18077;73;229;17;land;false;forest;2
18078;242;224;216;land;false;forest;2
18079;198;63;55;land;false;forest;2
18080;150;70;22;land;false;forest;2
18081;21;15;47;land;true;forest;2
18082;143;206;14;land;false;plains;2
18083;177;46;36;land;false;forest;2
18084;210;121;89;land;false;plains;2
18085;50;52;147;land;false;forest;2
18086;119;55;168;land;false;forest;3
18087;42;54;40;land;false;plains;3
18088;239;108;137;land;false;forest;3
18089;116;183;172;land;false;forest;3
18090;233;15;2;land;false;forest;3
18091;71;67;236;land;false;forest;3
18092;122;229;206;land;false;forest;3
18093;146;50;77;land;false;forest;3
18094;122;247;144;land;true;forest;3
18095;173;49;206;land;false;plains;3
18096;130;172;25;land;false;urban;3
18097;220;29;165;land;true;plains;3
18098;227;28;144;land;true;forest;3
18099;85;169;216;land;false;plains;3
18100;144;199;161;land;false;plains;3
18101;183;137;232;land;false;forest;3
18102;182;122;247;land;false;plains;3
18103;44;218;37;land;false;plains;3
18104;195;165;239;land;false;plains;3
18105;60;89;139;land;false;forest;3
18106;66;45;154;land;false;plains;3
18107;87;39;226;land;false;plains;3
18108;246;22;72;land;false;urban;3
18109;169;144;39;land;false;forest;3
18110;212;129;30;land;false;forest;3
18111;68;242;162;land;false;forest;3
18112;55;165;151;land;true;plains;3
18113;235;183;196;land;false;forest;3
18114;200;179;125;land;false;plains;3
18115;125;105;155;land;true;forest;3
18116;17;191;111;land;true;plains;3
18117;88;107;226;land;true;plains;3
18118;132;27;16;land;true;plains;3
18119;29;95;194;land;false;forest;3
18120;242;93;244;land;true;plains;3
18121;241;150;52;land;true;forest;3
18122;109;128;92;land;true;plains;3
18123;10;142;161;land;false;urban;3
18124;223;147;155;land;false;forest;3
18125;108;59;85;land;true;plains;3
18126;191;14;20;land;true;plains;3
18127;162;219;1;land;false;urban;3
18128;193;71;19;land;false;plains;3
18129;239;106;140;lake;false;lakes;3
18130;234;42;174;land;false;plains;3
18131;22;191;158;land;false;plains;3
18132;48;212;1;land;false;forest;3
18133;127;24;177;land;false;forest;3
18134;150;222;255;land;false;forest;3
18135;11;253;157;land;false;forest;3
18136;172;232;160;land;false;urban;3
18137;248;57;183;land;true;plains;3
18138;49;250;129;land;false;plains;3
18139;51;150;187;land;false;forest;3
18140;141;204;5;land;false;plains;3
18141;36;173;247;land;false;plains;3
18142;172;8;93;land;true;plains;3
18143;154;64;220;land;false;plains;3
18144;167;254;130;land;false;plains;3
18145;78;62;93;land;false;plains;3
18146;75;151;117;land;false;plains;3
18147;37;116;4;land;false;forest;3
18148;97;2;86;land;false;plains;3
18149;92;197;131;land;false;plains;3
18150;159;133;14;land;true;forest;3
18151;187;30;101;land;false;plains;3
18152;185;106;149;land;true;forest;3
18153;198;157;242;land;false;forest;3
18154;184;84;113;land;false;forest;3
18155;140;173;58;land;false;plains;3
18156;110;92;181;land;false;urban;5
18157;209;90;53;land;false;urban;5
18158;94;39;30;land;false;low_urban;5
18159;60;176;126;land;false;forest;5
18160;78;238;24;land;false;forest;5
18161;239;74;37;land;false;forest;5
18162;164;209;141;land;false;low_urban;5
18163;223;131;223;land;false;urban;5
18164;137;202;127;land;false;low_urban;5
18165;154;137;158;land;false;urban;5
18166;51;107;134;land;false;low_urban;5
18167;229;40;205;land;false;urban;5
18168;180;11;157;land;false;low_urban;5
18169;5;214;7;land;false;low_urban;5
18170;124;58;18;land;true;plains;3
18171;59;54;190;land;false;forest;3
18172;58;212;201;land;false;forest;3
18173;206;226;222;land;false;forest;3
18174;8;88;193;land;false;forest;3
18175;251;108;105;land;false;plains;3
18176;18;122;151;land;false;forest;3
18177;193;105;205;land;false;forest;3
18178;35;100;71;land;false;forest;3
18179;175;144;107;land;false;forest;3
18180;146;174;113;land;false;plains;3
18181;203;237;70;land;false;forest;3
18182;188;148;191;land;false;forest;3
18183;163;71;66;land;false;forest;3
18184;116;22;9;land;false;urban;3
18185;37;35;69;land;false;plains;3
18186;85;60;23;land;false;plains;3
18187;181;79;102;land;false;forest;3
18188;189;114;55;land;false;forest;3
18189;6;2;123;land;false;plains;3
18190;67;79;39;land;false;forest;3
18191;122;21;108;land;false;plains;3
18192;2;162;6;land;false;forest;3
18193;235;235;214;land;false;plains;3
18194;167;63;227;land;false;plains;3
18195;127;16;143;land;false;plains;3
18196;180;50;146;land;false;plains;3
18197;178;250;66;land;false;plains;3
18198;93;43;127;land;false;plains;3
18199;223;8;0;land;false;plains;3
18200;206;188;205;land;false;urban;3
18201;42;62;227;land;false;urban;3
18202;177;217;168;land;false;forest;3
18203;205;254;38;land;false;forest;3
18204;121;65;158;land;false;forest;3
18205;44;7;31;land;false;forest;3
18206;201;91;123;land;false;forest;3
18207;52;59;170;land;false;forest;3
18208;140;14;37;land;false;forest;3
18209;231;83;135;land;false;forest;3
18210;153;64;109;land;false;forest;3
18211;215;122;3;land;false;forest;3
18212;169;243;65;land;false;forest;3
18213;126;229;89;land;false;forest;3
18214;106;189;139;land;false;forest;3
18215;222;224;80;land;false;plains;3
18216;67;5;16;land;false;forest;3
18217;195;57;40;land;false;plains;3
18218;49;239;135;land;false;forest;3
18219;15;223;128;land;false;forest;3
18220;133;8;71;land;false;plains;3
18221;27;128;167;land;false;plains;3
18222;92;75;51;land;false;forest;3
18223;244;142;232;land;false;forest;3
18224;174;249;137;land;false;plains;3
18225;117;21;25;land;false;forest;3
18226;54;59;105;land;false;plains;3
18227;4;247;110;land;false;forest;3
18228;248;184;246;land;false;forest;3
18229;175;124;113;land;false;forest;3
18230;147;43;196;land;false;forest;3
18231;76;66;55;land;false;plains;3
18232;136;39;42;land;false;forest;3
18233;137;1;182;land;false;forest;3
18234;116;51;108;land;false;forest;3
18235;183;73;77;land;false;forest;3
18236;65;35;201;land;false;forest;3
18237;175;135;152;land;false;plains;3
18238;39;34;240;land;false;forest;3
18239;170;105;211;land;false;forest;3
18240;102;29;226;land;false;forest;3
18241;182;0;198;land;false;forest;3
18242;249;227;38;land;false;plains;3
18243;164;251;208;land;false;plains;3
18244;24;62;254;land;false;plains;3
18245;240;15;145;land;false;forest;3
18246;30;167;176;land;false;plains;3
18247;58;48;102;land;false;plains;3
18248;8;181;133;land;false;plains;3
18249;34;129;240;land;false;plains;3
18250;127;202;0;land;false;forest;3
18251;68;217;99;land;false;plains;3
18252;78;231;24;land;false;forest;3
18253;105;88;5;land;false;forest;3
18254;13;179;212;land;false;forest;3
18255;119;105;161;land;false;forest;3
18256;218;65;184;land;false;plains;3
18257;170;26;41;land;false;forest;3
18258;76;132;33;land;false;forest;3
18259;134;55;165;land;false;forest;3
18260;9;203;103;land;false;forest;3
18261;7;51;18;land;false;forest;3
18262;57;100;120;land;false;low_urban;3
18263;85;10;170;land;false;forest;3
18264;164;88;148;land;false;plains;3
18265;248;50;139;land;false;forest;3
18266;149;162;7;land;false;forest;3
18267;64;12;127;land;false;forest;3
18268;98;156;194;land;false;forest;3
18269;70;213;69;land;false;plains;3
18270;131;222;92;land;false;forest;3
18271;57;25;164;land;false;forest;3
18272;229;113;150;land;false;forest;3
18273;33;96;31;land;false;plains;3
18274;186;131;160;land;false;forest;3
18275;192;234;11;land;false;plains;3
18276;156;115;149;land;false;forest;3
18277;39;193;10;land;false;forest;3
18278;73;178;249;land;false;desert;3
18279;155;217;232;land;false;forest;3
18280;86;250;157;land;false;plains;3
18281;155;42;87;land;false;plains;3
18282;167;104;55;land;false;plains;3
18283;90;176;28;land;false;plains;3
18284;105;198;211;land;false;plains;3
18285;126;69;177;land;false;low_urban;3
18286;26;122;181;land;false;plains;3
18287;254;24;171;land;false;forest;3
18288;159;61;92;land;false;forest;3
18289;245;57;176;land;false;forest;3
18290;127;186;126;land;false;forest;3
18291;126;167;166;land;false;plains;3
18292;57;158;158;land;false;plains;3
18293;70;105;177;land;false;plains;3
18294;53;187;245;land;false;plains;3
18295;4;27;59;land;false;plains;3
18296;214;10;149;land;false;plains;3
18297;37;177;23;land;false;forest;3
18298;72;33;148;land;false;plains;3
18299;171;95;29;land;false;plains;3
18300;252;181;62;land;false;forest;3
18301;107;234;189;land;false;plains;3
18302;53;187;210;land;false;forest;3
18303;64;24;13;land;true;urban;3
18304;1;48;151;land;false;plains;3
18305;153;165;96;land;false;plains;3
18306;178;109;190;land;true;forest;6
18307;118;221;183;land;true;marsh;6
18308;38;206;94;land;true;plains;6
18309;124;88;53;land;true;plains;6
18310;83;136;24;land;true;plains;6
18311;160;188;116;land;true;plains;6
18312;253;13;159;land;false;plains;6
18313;40;8;201;land;false;plains;6
18314;251;61;243;land;false;plains;6
18315;146;231;140;land;false;plains;6
18316;192;240;191;land;true;forest;6
18317;234;164;182;land;true;forest;6
18318;119;33;74;land;false;plains;6
18319;52;53;198;land;false;plains;6
18320;150;211;17;land;false;plains;6
18321;161;162;165;land;true;forest;6
18322;213;37;57;land;true;forest;6
18323;190;144;29;land;false;plains;6
18324;80;226;124;land;false;marsh;6
18325;173;213;239;land;false;forest;6
18326;19;207;62;land;false;marsh;6
18327;183;243;34;land;false;plains;6
18328;93;137;110;land;false;forest;6
18329;70;71;204;land;false;plains;6
18330;39;171;42;land;false;plains;6
18331;122;5;120;land;false;forest;6
18332;79;199;227;land;false;low_urban;6
18333;238;206;135;land;false;forest;6
18334;233;68;17;land;false;plains;6
18335;31;8;245;land;false;plains;6
18336;79;26;195;land;false;plains;6
18337;31;201;31;land;false;plains;6
18338;103;115;188;land;false;plains;6
18339;14;36;254;land;false;plains;6
18340;133;216;138;land;false;plains;6
18341;242;147;138;land;false;plains;6
18342;8;147;23;land;true;low_urban;6
18343;168;26;182;land;true;low_urban;6
18344;111;11;111;land;false;plains;5
18345;9;142;116;land;false;forest;5
18346;59;130;128;land;false;forest;5
18347;157;216;3;land;false;forest;5
18348;168;130;191;land;false;plains;5
18349;174;215;128;land;false;plains;5
18350;74;118;83;land;false;plains;5
18351;195;189;48;land;false;plains;5
18352;217;176;109;land;false;plains;5
18353;66;73;150;land;false;plains;5
18354;252;47;97;land;false;plains;5
18355;75;191;147;land;false;plains;5
18356;7;155;231;land;false;plains;5
18357;193;100;216;land;false;low_urban;5
18358;1;222;47;land;false;forest;5
18359;62;135;182;land;false;plains;5
18360;168;29;204;land;false;plains;5
18361;187;9;26;land;false;plains;5
18362;97;120;9;land;false;plains;5
18363;216;4;252;land;false;forest;5
18364;131;254;51;land;false;plains;5
18365;111;189;249;land;false;forest;5
18366;156;94;88;land;false;plains;5
18367;167;234;233;land;false;forest;5
18368;46;240;40;land;false;plains;5
18369;181;80;90;land;false;plains;5
18370;166;246;85;land;false;plains;5
18371;110;118;235;land;false;plains;5
18372;244;253;83;land;false;forest;5
18373;113;196;232;land;false;plains;5
18374;7;237;14;land;false;plains;5
18375;211;104;74;land;false;plains;5
18376;207;90;118;land;false;plains;5
18377;189;197;126;land;false;plains;5
18378;140;229;57;land;false;plains;5
18379;18;11;213;land;false;plains;5
18380;64;59;160;land;false;plains;5
18381;65;209;88;land;false;plains;5
18382;3;20;4;land;false;plains;5
18383;70;92;238;land;false;plains;5
18384;216;27;27;land;false;plains;5
18385;23;197;116;land;false;plains;5
18386;34;170;149;land;false;plains;5
18387;55;75;73;land;false;plains;5
18388;15;42;11;land;false;plains;5
18389;231;106;131;land;false;plains;5
18390;66;183;163;land;false;forest;6
18391;97;191;208;land;false;plains;6
18392;141;137;249;land;false;forest;6
18393;135;124;63;land;false;forest;6
18394;67;251;99;land;false;forest;6
18395;82;120;103;land;false;plains;6
18396;219;72;223;land;false;forest;6
18397;251;8;123;land;false;forest;6
18398;4;25;94;land;false;forest;6
18399;149;43;21;land;false;forest;6
18400;113;124;203;land;false;forest;6
18401;151;132;165;land;false;forest;6
18402;119;92;193;land;false;forest;6
18403;110;199;58;land;false;plains;6
18404;69;157;253;land;false;low_urban;6
18405;76;56;22;land;false;plains;6
18406;2;143;61;land;false;forest;6
18407;211;105;240;land;false;plains;6
18408;86;161;175;land;false;plains;6
18409;201;203;187;land;false;plains;6
18410;59;216;238;land;false;plains;6
18411;254;253;159;land;false;forest;6
18412;80;130;242;land;false;plains;6
18413;13;30;217;land;false;plains;6
18414;244;17;35;land;false;plains;6
18415;26;148;98;land;false;plains;6
18416;25;183;161;land;false;plains;6
18417;185;27;196;land;false;plains;6
18418;177;177;138;land;false;plains;6
18419;27;148;255;land;false;plains;6
18420;225;72;157;land;false;plains;6
18421;49;45;87;land;false;plains;6
18422;213;105;241;land;false;plains;6
18423;52;109;11;land;false;plains;6
18424;185;168;161;land;false;plains;6
18425;125;120;245;land;false;forest;6
18426;155;189;175;land;false;plains;6
18427;34;86;38;land;false;plains;6
18428;124;89;39;land;false;plains;6
18429;179;154;147;land;false;forest;6
18430;17;67;46;land;false;forest;6
18431;144;161;72;land;false;plains;6
18432;152;4;155;land;false;plains;6
18433;54;156;44;land;false;low_urban;6
18434;237;189;223;land;false;forest;6
18435;143;160;45;land;false;plains;6
18436;165;174;234;land;false;plains;6
18437;193;66;163;land;false;plains;6
18438;72;175;83;land;false;plains;6
18439;29;8;197;land;false;plains;6
18440;131;106;204;land;false;forest;6
18441;32;89;58;land;false;forest;6
18442;62;184;212;land;false;forest;6
18443;227;143;0;land;false;forest;6
18444;119;21;42;land;false;forest;6
18445;57;234;38;land;false;forest;6
18446;110;108;69;land;false;forest;6
18447;9;122;194;land;false;forest;6
18448;170;46;30;land;false;forest;6
18449;99;196;178;land;false;plains;6
18450;248;81;209;land;false;forest;6
18451;156;183;5;land;false;plains;6
18452;226;74;243;land;false;plains;6
18453;51;91;188;land;false;plains;6
18454;27;199;54;land;false;plains;6
18455;91;41;225;land;false;low_urban;6
18456;144;59;49;land;false;plains;6
18457;41;118;40;land;false;plains;6
18458;194;229;39;land;false;plains;6
18459;120;234;29;land;false;plains;6
18460;254;234;143;land;false;plains;5
18461;128;27;135;land;false;low_urban;5
18462;142;196;77;land;false;low_urban;5
18463;103;176;115;land;false;plains;5
18464;115;43;155;land;false;forest;5
18465;107;168;20;land;false;forest;5
18466;22;162;198;land;false;low_urban;5
18467;98;103;180;land;false;marsh;5
18468;21;3;37;land;false;plains;5
18469;45;23;157;land;false;plains;5
18470;48;236;42;land;false;plains;5
18471;169;50;245;land;false;plains;5
18472;112;218;73;land;false;plains;5
18473;120;39;151;land;false;forest;5
18474;133;21;0;land;false;forest;5
18475;150;30;154;land;false;plains;5
18476;135;230;87;land;false;forest;5
18477;96;207;133;land;false;forest;5
18478;145;56;141;land;false;plains;5
18479;38;116;83;land;false;plains;5
18480;56;76;43;land;false;marsh;5
18481;99;140;144;land;false;plains;5
18482;165;216;213;land;false;forest;5
18483;79;87;167;land;false;marsh;5
18484;127;63;247;land;false;plains;5
18485;87;49;43;land;true;plains;5
18486;112;98;216;land;false;plains;5
18487;72;33;33;land;true;plains;5
18488;89;16;211;land;true;plains;5
18489;210;156;224;land;false;plains;5
18490;109;61;189;land;false;forest;5
18491;249;176;101;land;false;forest;5
18492;27;39;24;land;false;forest;5
18493;67;227;142;land;false;plains;5
18494;234;204;92;land;false;plains;5
18495;5;209;201;land;false;plains;5
18496;61;128;39;land;false;forest;5
18497;61;147;161;land;false;plains;5
18498;114;70;221;land;false;low_urban;5
18499;227;251;5;land;false;plains;5
18500;98;74;244;land;false;plains;5
18501;3;198;235;land;false;forest;5
18502;42;206;160;land;false;forest;5
18503;88;235;17;land;false;forest;5
18504;80;228;43;land;false;plains;5
18505;66;200;15;land;false;forest;5
18506;42;153;207;land;false;forest;5
18507;164;233;8;land;false;plains;5
18508;136;207;94;land;false;forest;5
18509;155;122;149;land;false;forest;5
18510;58;109;107;land;false;plains;5
18511;59;237;212;land;false;forest;5
18512;250;32;161;land;false;plains;5
18513;14;237;173;land;false;plains;5
18514;77;204;74;land;false;plains;5
18515;47;86;172;land;false;plains;5
18516;228;158;198;land;true;plains;5
18517;145;32;168;land;false;forest;5
18518;115;24;26;land;false;plains;5
18519;80;92;201;land;false;plains;5
18520;67;240;97;land;true;plains;5
18521;199;48;35;land;false;forest;5
18522;176;60;88;land;false;forest;5
18523;228;157;156;land;false;forest;5
18524;185;36;7;land;false;plains;5
18525;252;77;63;land;false;plains;5
18526;148;40;169;land;false;plains;5
18527;9;212;20;land;false;forest;5
18528;5;220;250;land;false;plains;5
18529;206;33;67;land;true;plains;5
18530;156;147;28;land;true;plains;5
18531;18;202;199;land;true;plains;5
18532;71;130;124;land;false;low_urban;5
18533;110;227;27;land;false;forest;5
18534;114;195;133;land;false;forest;5
18535;176;41;103;land;false;forest;5
18536;89;126;112;land;false;forest;5
18537;185;83;65;land;false;forest;5
18538;253;248;173;land;false;forest;5
18539;204;30;178;land;false;forest;5
18540;161;114;253;land;false;forest;5
18541;79;112;167;land;true;marsh;5
18542;249;175;84;land;false;low_urban;5
18543;238;162;234;land;false;plains;6
18544;157;181;10;land;false;plains;6
18545;51;247;49;land;false;plains;6
18546;100;53;154;land;false;low_urban;6
18547;53;58;198;land;false;plains;6
18548;120;39;20;land;false;plains;6
18549;221;84;74;land;false;plains;6
18550;252;144;148;land;false;plains;6
18551;192;59;24;land;false;forest;6
18552;168;213;189;land;false;plains;6
18553;53;94;246;land;false;plains;6
18554;249;209;142;land;false;plains;6
18555;6;154;229;land;false;plains;6
18556;137;161;49;land;false;plains;6
18557;151;162;213;land;false;plains;6
18558;138;3;135;land;false;forest;6
18559;177;34;111;land;false;forest;6
18560;0;250;126;land;false;forest;6
18561;107;100;23;land;false;plains;6
18562;221;2;182;land;false;forest;6
18563;105;160;9;land;false;forest;6
18564;220;58;151;land;false;forest;6
18565;24;205;5;land;false;forest;6
18566;249;12;1;land;false;plains;6
18567;71;104;131;land;false;plains;6
18568;129;174;214;land;false;forest;6
18569;42;219;243;land;false;plains;6
18570;207;107;116;land;false;plains;6
18571;160;159;177;land;false;plains;6
18572;78;159;190;land;false;plains;6
18573;218;229;223;land;false;plains;6
18574;108;3;15;land;false;plains;6
18575;110;150;30;land;false;plains;6
18576;58;5;220;land;false;plains;6
18577;93;61;253;land;false;plains;6
18578;4;187;75;land;false;forest;6
18579;239;107;13;land;false;plains;6
18580;148;235;68;land;false;plains;6
18581;17;247;216;land;false;plains;6
18582;38;160;169;land;false;plains;6
18583;242;212;72;land;false;plains;6
18584;55;238;22;land;false;low_urban;6
18585;134;195;116;land;false;plains;6
18586;71;105;181;land;false;forest;6
18587;158;234;242;land;false;forest;6
18588;19;101;92;land;false;forest;6
18589;97;74;165;land;false;forest;6
18590;60;209;65;land;false;forest;6
18591;3;80;98;land;false;forest;6
18592;86;219;28;land;false;plains;6
18593;89;53;28;land;false;plains;6
18594;26;20;48;land;false;forest;2
18595;6;16;79;land;false;low_urban;4
18596;144;10;69;land;true;low_urban;5
18597;244;37;1;land;true;low_urban;5
18598;135;71;253;land;true;low_urban;5
18599;120;198;16;land;true;plains;5
18600;142;22;9;land;false;plains;5
18601;30;78;238;land;false;forest;5
18602;70;7;41;land;false;plains;5
18603;160;8;51;land;false;plains;5
18604;11;27;3;land;false;forest;5
18605;61;206;21;land;false;forest;5
18606;31;247;48;land;false;forest;5
18607;100;246;104;land;true;forest;5
18608;188;74;245;land;false;forest;5
18609;163;10;34;land;false;forest;5
18610;105;4;112;land;false;forest;5
18611;71;160;14;land;false;forest;5
18612;37;85;145;land;false;forest;5
18613;252;241;220;land;false;plains;5
18614;2;90;170;land;false;plains;5
18615;73;194;95;land;false;plains;5
18616;132;230;212;land;false;forest;5
18617;101;55;165;land;false;forest;5
18618;246;224;73;land;false;forest;5
18619;151;189;236;land;false;forest;5
18620;189;9;76;land;false;plains;5
18621;129;28;208;land;false;plains;5
18622;153;35;46;land;false;forest;5
18623;139;106;59;land;false;plains;5
18624;82;20;184;land;false;forest;5
18625;105;30;132;land;false;plains;5
18626;217;75;6;land;false;forest;5
18627;228;54;244;land;false;plains;5
18628;154;217;193;land;false;forest;5
18629;41;202;69;land;false;plains;5
18630;78;41;18;land;false;plains;5
18631;213;239;226;land;false;plains;5
18632;64;154;241;land;false;plains;5
18633;24;66;58;land;false;forest;5
18634;81;68;93;land;false;plains;5
18635;30;174;98;land;false;plains;5
18636;35;111;240;land;false;forest;5
18637;156;188;174;land;false;plains;5
18638;201;184;231;land;false;plains;5
18639;155;73;123;land;false;plains;5
18640;22;158;78;land;false;forest;5
18641;193;16;172;land;false;plains;5
18642;176;106;131;land;false;plains;5
18643;147;100;18;land;false;plains;5
18644;149;189;209;land;false;plains;5
18645;201;131;242;land;false;plains;5
18646;110;67;190;land;false;forest;5
18647;120;156;35;land;false;forest;5
18648;107;160;81;land;false;plains;5
18649;132;209;23;land;false;plains;5
18650;22;125;59;land;false;plains;5
18651;147;12;179;land;true;plains;5
18652;232;62;239;land;false;plains;5
18653;87;63;89;land;false;plains;5
18654;200;23;235;land;false;plains;5
18655;202;194;92;land;false;plains;5
18656;227;229;210;land;true;plains;5
18657;5;164;64;land;false;forest;5
18658;103;177;248;land;false;plains;5
18659;188;73;66;land;false;plains;5
18660;211;131;234;land;false;plains;5
18661;172;13;226;land;false;plains;5
18662;78;173;120;land;false;plains;5
18663;41;225;31;land;true;forest;5
18664;166;224;78;land;false;forest;5
18665;35;4;85;land;false;forest;5
18666;190;178;247;land;true;plains;5
18667;62;248;118;land;false;plains;5
18668;175;174;87;land;false;plains;5
18669;131;243;58;land;false;plains;5
18670;94;76;95;land;false;forest;5
18671;25;166;188;land;false;plains;5
18672;214;175;42;land;false;plains;5
18673;142;117;29;land;false;plains;5
18674;153;13;16;land;true;marsh;5
18675;238;168;92;land;true;plains;5
18676;102;205;165;land;true;plains;5
18677;153;200;46;land;false;plains;5
18678;218;161;247;land;false;plains;5
18679;250;52;135;land;false;plains;5
18680;190;31;211;land;false;plains;5
18681;170;230;149;land;false;plains;5
18682;39;66;194;land;false;plains;5
18683;92;129;235;land;false;plains;5
18684;43;129;50;land;false;plains;5
18685;114;130;104;land;false;plains;5
18686;5;21;91;land;false;plains;5
18687;216;123;215;land;false;plains;5
18688;112;54;49;land;false;plains;5
18689;61;30;243;land;false;plains;5
18690;56;140;64;land;false;plains;5
18691;48;20;28;land;false;plains;5
18692;25;32;10;land;false;plains;5
18693;21;61;249;land;false;plains;5
18694;116;121;240;land;false;plains;5
18695;40;230;151;land;false;plains;5
18696;31;218;228;land;false;plains;5
18697;101;139;20;land;false;plains;5
18698;34;144;59;land;false;plains;5
18699;73;94;17;land;false;plains;5
18700;10;189;140;land;false;plains;5
18701;153;62;98;land;false;forest;5
18702;14;13;253;land;false;plains;5
18703;246;159;144;land;false;plains;5
18704;186;94;226;land;false;plains;5
18705;250;10;80;land;false;plains;5
18706;221;179;187;land;false;plains;5
18707;187;180;246;land;false;plains;5
18708;226;197;155;land;false;plains;5
18709;102;241;26;land;false;plains;5
18710;143;231;232;land;false;plains;5
18711;142;158;212;land;false;plains;5
18712;152;56;108;land;false;plains;5
18713;228;137;19;land;false;plains;5
18714;248;19;93;land;false;plains;5
18715;74;64;133;land;false;plains;5
18716;89;153;251;land;false;forest;5
18717;81;35;161;land;false;forest;5
18718;8;117;118;land;false;plains;5
18719;14;154;125;land;false;plains;5
18720;45;187;120;land;false;plains;5
18721;87;181;129;land;false;plains;5
18722;185;211;147;land;false;plains;5
18723;84;169;32;land;false;plains;5
18724;54;46;96;land;false;plains;5
18725;13;163;100;land;false;plains;5
18726;220;47;39;land;false;forest;5
18727;175;168;191;land;false;plains;5
18728;205;2;177;land;false;plains;5
18729;139;113;0;land;false;plains;5
18730;249;233;144;land;false;plains;5
18731;42;253;237;land;false;plains;5
18732;97;33;239;land;false;forest;5
18733;239;218;232;land;false;plains;5
18734;213;171;227;land;false;plains;5
18735;45;30;184;land;false;plains;5
18736;141;20;18;land;false;plains;5
18737;40;245;111;land;false;plains;5
18738;158;216;194;land;false;low_urban;4
18739;94;240;134;land;false;plains;5
18740;235;45;251;land;false;plains;5
18741;201;68;66;land;true;plains;6
18742;138;182;151;land;true;plains;6
18743;28;218;130;land;true;plains;6
18744;32;123;77;land;false;plains;6
18745;21;138;138;land;true;plains;6
18746;142;59;64;land;false;plains;6
18747;148;74;251;land;true;plains;6
18748;151;174;36;land;false;plains;6
18749;17;124;11;land;true;plains;6
18750;75;235;181;land;true;plains;6
18751;82;30;17;land;true;plains;6
18752;243;13;5;land;true;plains;6
18753;53;102;111;land;true;plains;6
18754;215;9;108;land;true;plains;6
18755;159;159;185;land;true;plains;6
18756;84;162;22;land;false;plains;6
18757;21;236;6;land;true;plains;6
18758;124;137;137;land;true;plains;6
18759;227;65;200;land;true;plains;6
18760;241;12;138;land;true;plains;6
18761;79;210;115;land;false;plains;6
18762;38;42;19;land;false;plains;6
18763;231;12;122;land;false;plains;6
18764;208;222;93;land;false;plains;6
18765;113;16;179;land;false;plains;6
18766;71;199;113;land;false;plains;6
18767;10;145;98;land;false;plains;6
18768;211;174;173;land;false;plains;6
18769;20;167;116;land;true;plains;6
18770;90;197;192;land;false;plains;6
18771;6;197;6;land;false;plains;6
18772;75;182;137;land;true;plains;6
18773;131;88;131;land;true;plains;6
18774;210;214;140;land;true;plains;6
18775;163;165;178;land;true;plains;6
18776;217;128;79;land;true;plains;6
18777;166;211;71;land;true;plains;6
18778;240;253;60;land;true;plains;6
18779;108;142;46;land;true;plains;6
18780;248;229;65;land;true;plains;6
18781;15;134;132;land;true;plains;6
18782;29;92;5;land;true;plains;6
18783;252;97;32;land;false;plains;6
18784;161;123;43;land;true;plains;6
18785;126;95;13;land;true;plains;6
18786;244;238;212;land;true;plains;6
18787;130;228;46;land;true;plains;6
18788;5;149;5;land;false;plains;6
18789;141;83;71;land;false;plains;6
18790;105;176;218;land;false;forest;5
18791;246;85;247;land;false;plains;5
18792;109;158;238;land;false;plains;5
18793;235;241;44;land;false;plains;5
18794;108;102;43;land;false;plains;5
18795;26;34;92;land;false;plains;5
18796;150;93;1;land;false;plains;5
18797;174;60;109;land;false;forest;5
18798;220;57;21;land;false;plains;5
18799;128;166;112;land;false;plains;5
18800;132;79;214;land;false;marsh;5
18801;25;31;117;land;false;plains;5
18802;73;52;37;land;false;forest;5
18803;195;234;147;land;false;plains;5
18804;153;227;225;land;false;plains;5
18805;224;174;241;land;false;plains;5
18806;168;123;99;land;false;plains;5
18807;167;143;149;land;false;plains;5
18808;145;37;235;land;false;plains;5
18809;210;234;167;land;false;plains;5
18810;105;76;161;land;false;plains;5
18811;35;109;6;land;false;plains;5
18812;6;46;58;land;false;plains;5
18813;72;90;70;land;false;plains;5
18814;145;112;82;land;false;plains;5
18815;231;162;224;land;false;plains;5
18816;135;46;194;land;false;plains;5
18817;87;205;173;land;false;plains;5
18818;113;126;44;land;false;plains;4
18819;250;45;76;land;false;forest;4
18820;225;0;171;land;false;forest;4
18821;229;215;252;land;false;plains;4
18822;40;202;65;land;false;plains;4
18823;193;17;89;land;false;plains;4
18824;143;181;180;land;false;forest;4
18825;46;180;94;land;false;plains;4
18826;48;184;16;land;false;plains;4
18827;27;210;175;land;false;forest;4
18828;93;209;38;land;false;plains;4
18829;115;132;12;land;false;plains;4
18830;41;220;117;land;false;forest;4
18831;98;130;161;land;false;forest;4
18832;14;0;21;land;false;plains;4
18833;93;184;239;land;false;forest;4
18834;42;110;44;land;false;plains;4
18835;132;45;5;land;false;forest;4
18836;170;90;58;land;false;forest;4
18837;251;160;45;land;false;forest;4
18838;220;74;146;land;false;forest;4
18839;157;57;143;land;false;plains;4
18840;84;49;134;land;false;plains;4
18841;29;26;139;land;false;low_urban;4
18842;215;244;27;land;false;plains;4
18843;165;25;190;land;false;plains;4
18844;112;112;146;land;false;forest;4
18845;107;114;178;land;false;forest;4
18846;166;0;6;land;false;plains;4
18847;142;3;242;land;false;plains;4
18848;96;233;102;land;false;plains;4
18849;35;174;69;land;false;marsh;4
18850;28;147;206;land;false;forest;4
18851;7;155;199;land;false;forest;4
18852;6;132;6;land;false;forest;4
18853;120;54;40;land;false;forest;4
18854;146;229;163;land;false;forest;4
18855;155;141;203;land;false;forest;4
18856;29;81;22;land;false;forest;4
18857;131;171;95;land;false;forest;4
18858;242;131;181;land;false;forest;4
18859;42;4;222;land;false;forest;4
18860;82;108;33;land;false;forest;4
18861;45;120;140;land;false;forest;4
18862;119;236;55;land;false;plains;4
18863;45;196;84;land;false;forest;4
18864;140;247;228;land;false;forest;4
18865;144;7;222;land;false;plains;4
18866;225;104;180;land;false;plains;4
18867;111;162;208;land;false;plains;4
18868;79;220;184;land;false;plains;4
18869;254;29;215;land;false;plains;4
18870;166;54;102;land;false;forest;4
18871;230;190;60;land;false;plains;4
18872;182;220;151;land;false;plains;4
18873;26;37;46;land;false;plains;4
18874;102;246;182;land;false;forest;4
18875;242;10;35;land;false;forest;4
18876;215;74;73;land;false;forest;4
18877;31;74;86;land;false;plains;4
18878;17;137;198;land;false;plains;4
18879;237;170;132;land;false;plains;4
18880;158;18;0;land;false;plains;4
18881;171;114;244;land;false;forest;4
18882;222;51;157;land;false;low_urban;4
18883;143;181;17;land;false;plains;4
18884;41;178;66;land;false;plains;4
18885;173;212;182;land;false;low_urban;4
18886;214;231;175;land;false;forest;4
18887;58;82;174;land;false;plains;4
18888;253;214;242;land;false;plains;4
18889;56;240;14;land;false;plains;4
18890;124;21;81;land;false;plains;4
18891;178;38;235;land;false;plains;4
18892;25;163;191;land;false;forest;4
18893;117;149;139;land;false;plains;4
18894;196;181;89;land;false;plains;4
18895;197;105;96;land;false;plains;4
18896;25;252;149;land;false;plains;4
18897;137;93;144;land;false;forest;4
18898;105;243;226;land;false;forest;4
18899;0;108;130;land;false;forest;4
18900;60;61;152;land;false;plains;4
18901;144;114;249;land;false;plains;4
18902;219;165;67;land;false;plains;4
18903;254;95;71;land;false;plains;4
18904;94;61;34;land;false;plains;4
18905;231;210;133;land;false;plains;4
18906;194;154;149;land;false;plains;4
18907;91;249;106;land;false;forest;4
18908;15;111;201;land;false;plains;4
18909;179;50;182;land;false;plains;4
18910;163;197;31;land;false;forest;4
18911;245;47;121;land;false;plains;4
18912;16;144;92;land;false;plains;4
18913;187;196;89;land;false;plains;4
18914;70;108;0;land;false;plains;4
18915;64;137;170;land;false;plains;4
18916;58;217;164;land;false;plains;4
18917;119;157;180;land;false;plains;4
18918;145;88;75;land;false;plains;4
18919;93;74;83;land;false;forest;4
18920;111;71;95;land;true;plains;4
18921;41;182;218;land;false;plains;4
18922;146;222;223;land;false;plains;4
18923;58;33;51;land;false;plains;4
18924;7;3;182;land;false;plains;4
18925;117;58;32;land;false;plains;4
18926;72;51;72;land;false;forest;4
18927;198;13;159;land;false;plains;4
18928;79;52;198;land;false;plains;4
18929;124;206;215;land;false;plains;4
18930;205;172;37;land;false;forest;4
18931;66;112;142;land;false;plains;4
18932;90;76;170;land;false;plains;4
18933;41;41;197;land;false;plains;4
18934;236;33;1;land;false;forest;4
18935;53;103;136;land;false;plains;4
18936;97;53;50;land;false;plains;4
18937;188;173;131;land;false;plains;4
18938;173;140;198;land;false;forest;4
18939;2;44;95;land;false;plains;4
18940;156;40;167;land;false;plains;4
18941;220;168;111;land;false;forest;4
18942;94;23;113;land;true;plains;4
18943;24;104;131;land;false;plains;4
18944;252;26;116;land;true;plains;4
18945;115;71;112;land;true;forest;4
18946;42;221;209;land;false;forest;4
18947;32;236;252;land;true;marsh;4
18948;66;206;167;land;false;forest;4
18949;241;45;65;land;false;forest;4
18950;148;125;113;land;false;plains;4
18951;141;108;252;land;false;plains;4
18952;124;20;163;land;false;plains;4
18953;138;206;72;land;false;plains;4
18954;5;87;175;land;false;plains;4
18955;101;228;253;land;false;forest;4
18956;145;213;30;land;false;plains;4
18957;90;175;210;land;false;plains;4
18958;207;17;151;land;false;plains;4
18959;13;30;131;land;false;plains;4
18960;122;223;163;land;false;plains;4
18961;222;60;68;land;false;marsh;4
18962;227;41;19;land;false;plains;4
18963;16;253;133;land;false;plains;4
18964;34;182;176;land;false;plains;4
18965;36;26;6;land;false;plains;4
18966;1;230;202;land;false;low_urban;4
18967;193;186;166;land;false;plains;4
18968;45;17;174;land;false;plains;4
18969;85;82;214;land;false;plains;4
18970;111;214;175;land;false;plains;4
18971;216;216;134;land;false;marsh;4
18972;248;187;70;land;false;marsh;4
18973;174;174;169;land;false;plains;4
18974;105;129;161;land;false;plains;4
18975;25;124;223;land;false;plains;4
18976;89;10;165;land;false;plains;4
18977;245;199;213;land;false;plains;4
18978;253;196;153;land;false;plains;4
18979;170;54;29;land;false;plains;4
18980;209;2;82;land;false;plains;4
18981;71;41;151;land;false;forest;4
18982;128;87;247;land;false;forest;4
18983;77;46;22;land;false;forest;4
18984;200;197;154;land;false;plains;4
18985;232;166;125;land;false;plains;4
18986;205;98;179;land;false;forest;4
18987;184;86;36;land;false;forest;4
18988;37;130;175;land;false;plains;4
18989;252;252;194;land;false;forest;4
18990;218;24;204;land;false;plains;4
18991;68;204;226;land;false;forest;4
18992;14;0;69;land;false;forest;4
18993;39;210;199;land;false;low_urban;4
18994;134;156;204;land;false;forest;4
18995;91;181;152;land;false;forest;4
18996;76;127;50;land;false;forest;4
18997;226;163;58;land;false;plains;4
18998;158;174;107;land;false;forest;4
18999;147;176;73;land;true;plains;4
19000;19;168;115;land;false;forest;4
19001;220;218;218;land;false;forest;4
19002;90;219;209;land;false;forest;4
19003;59;188;90;land;false;forest;4
19004;1;240;24;land;false;plains;4
19005;135;61;203;land;false;forest;4
19006;50;138;194;land;false;plains;4
19007;12;123;247;land;false;forest;4
19008;118;114;98;land;false;plains;4
19009;140;35;30;land;false;plains;4
19010;114;40;198;land;false;plains;4
19011;231;156;177;land;false;forest;4
19012;103;65;205;land;false;forest;4
19013;222;143;66;land;false;plains;4
19014;31;15;133;land;false;plains;4
19015;112;140;113;land;false;forest;4
19016;5;58;19;land;false;forest;4
19017;82;193;208;land;false;plains;4
19018;116;46;87;land;false;plains;4
19019;100;254;124;land;false;plains;4
19020;59;114;71;land;false;plains;4
19021;158;174;54;land;false;plains;4
19022;133;180;233;land;false;plains;4
19023;251;183;100;land;false;forest;4
19024;198;161;228;land;false;forest;4
19025;240;77;34;land;false;forest;4
19026;58;67;28;land;false;forest;4
19027;189;173;220;land;false;plains;4
19028;40;12;22;land;false;plains;4
19029;250;89;46;land;false;plains;4
19030;10;76;163;land;false;marsh;4
19031;248;168;193;land;false;marsh;4
19032;110;139;218;land;false;plains;4
19033;243;97;243;land;false;plains;4
19034;45;197;137;land;false;plains;4
19035;182;197;109;land;false;plains;4
19036;113;217;229;land;false;plains;4
19037;79;131;103;land;false;forest;4
19038;6;230;62;land;false;forest;4
19039;163;186;64;land;false;forest;4
19040;233;75;154;land;false;plains;4
19041;148;177;2;land;false;forest;4
19042;173;224;87;land;false;marsh;4
19043;239;189;40;land;false;forest;4
19044;25;246;202;land;false;plains;4
19045;24;29;189;land;false;forest;4
19046;33;172;222;land;false;plains;4
19047;219;4;252;land;false;forest;4
19048;65;243;217;land;false;forest;4
19049;156;199;118;land;false;plains;4
19050;190;195;94;land;false;plains;4
19051;242;237;204;land;false;plains;4
19052;187;206;83;land;false;plains;4
19053;153;41;30;land;false;plains;4
19054;102;152;15;land;false;plains;4
19055;206;136;124;land;false;plains;4
19056;43;28;148;land;false;plains;4
19057;242;169;184;land;false;forest;4
19058;201;99;115;land;false;forest;4
19059;242;42;174;land;false;plains;4
19060;104;129;28;land;false;plains;4
19061;49;15;82;land;false;plains;4
19062;116;91;174;land;false;forest;5
19063;151;5;95;land;false;plains;5
19064;194;15;229;land;false;plains;5
19065;181;9;5;land;false;plains;5
19066;130;9;161;land;false;plains;5
19067;57;83;192;land;false;plains;5
19068;174;213;178;land;false;plains;5
19069;243;211;202;land;false;plains;5
19070;186;186;196;land;false;plains;5
19071;12;29;180;land;false;plains;5
19072;179;55;243;land;false;plains;5
19073;36;41;53;land;false;forest;5
19074;139;210;91;land;false;forest;5
19075;100;167;63;land;false;plains;5
19076;51;52;107;land;false;plains;5
19077;228;156;37;land;false;plains;5
19078;244;187;77;land;false;plains;5
19079;114;225;10;land;false;plains;5
19080;41;72;137;land;false;plains;5
19081;73;186;247;land;false;plains;5
19082;222;122;220;land;false;plains;5
19083;18;87;209;land;false;plains;5
19084;161;76;219;land;false;forest;5
19085;218;32;162;land;false;forest;5
19086;128;210;159;land;false;plains;5
19087;165;156;164;land;false;plains;5
19088;86;163;22;land;false;plains;5
19089;94;234;56;land;false;plains;5
19090;208;102;188;land;false;plains;5
19091;246;229;246;land;false;plains;5
19092;0;143;108;land;false;forest;5
19093;109;252;135;land;false;plains;5
19094;187;30;108;land;false;plains;5
19095;81;15;252;land;false;plains;5
19096;209;92;212;land;false;plains;5
19097;95;192;68;land;false;forest;5
19098;27;227;180;land;false;forest;5
19099;44;107;32;land;false;plains;5
19100;147;220;248;land;false;plains;5
19101;252;209;252;land;false;plains;5
19102;95;71;152;land;false;plains;5
19103;225;237;65;land;false;plains;5
19104;111;8;72;land;false;plains;5
19105;185;19;237;land;false;plains;5
19106;162;15;112;land;false;plains;5
19107;9;5;82;land;false;plains;5
19108;172;167;179;land;false;plains;5
19109;24;166;155;land;false;plains;5
19110;65;179;128;land;false;plains;5
19111;69;149;133;land;false;plains;5
19112;71;146;14;land;false;forest;5
19113;125;185;189;land;false;plains;5
19114;73;32;89;land;false;plains;5
19115;55;185;245;land;false;plains;5
19116;59;34;38;land;false;plains;5
19117;200;87;227;land;false;plains;1
19118;184;237;234;land;false;forest;5
19119;211;113;186;land;false;plains;5
19120;55;26;177;land;false;plains;5
19121;126;166;138;land;false;forest;5
19122;88;88;57;land;false;plains;5
19123;163;144;201;land;false;plains;5
19124;167;29;189;land;false;plains;5
19125;210;207;241;land;false;plains;5
19126;28;210;53;land;false;plains;5
19127;31;116;113;land;false;plains;5
19128;26;152;166;land;false;plains;5
19129;112;68;229;land;false;plains;5
19130;188;55;59;land;false;forest;5
19131;211;22;195;land;false;plains;5
19132;129;107;151;land;false;plains;5
19133;25;87;154;land;false;plains;5
19134;250;106;198;land;false;plains;5
19135;17;35;7;land;false;plains;5
19136;225;75;154;land;false;plains;5
19137;64;31;116;land;false;plains;5
19138;78;114;5;land;false;plains;5
19139;219;138;10;land;false;plains;5
19140;229;223;186;land;false;plains;5
19141;91;203;251;land;false;plains;5
19142;188;151;201;land;false;plains;5
19143;16;199;163;land;false;forest;5
19144;96;209;117;land;false;plains;5
19145;166;171;187;land;false;plains;5
19146;221;99;219;land;false;forest;5
19147;53;216;225;land;false;plains;5
19148;37;94;173;land;false;forest;5
19149;106;168;33;land;false;plains;5
19150;131;158;127;land;false;forest;5
19151;31;14;34;land;false;plains;5
19152;179;131;124;land;false;plains;5
19153;156;188;157;land;false;plains;5
19154;35;125;232;land;false;plains;5
19155;191;253;61;land;false;forest;5
19156;238;185;27;land;false;plains;5
19157;156;87;0;land;false;plains;5
19158;116;180;56;land;false;plains;5
19159;70;205;64;land;false;forest;5
19160;193;246;189;land;false;plains;5
19161;223;121;202;land;false;plains;5
19162;131;159;200;land;false;plains;5
19163;127;60;50;land;false;plains;5
19164;155;67;118;land;false;plains;5
19165;83;157;224;land;false;plains;5
19166;195;125;123;land;false;plains;5
19167;179;146;126;land;false;forest;5
19168;149;94;237;land;false;plains;5
19169;81;212;211;land;false;plains;5
19170;105;153;140;land;false;plains;5
19171;65;69;91;land;false;urban;5
19172;100;46;33;land;false;plains;4
19173;234;128;235;land;false;plains;5
19174;127;116;97;land;false;plains;5
19175;61;236;203;land;false;plains;5
19176;127;234;16;land;false;plains;5
19177;99;138;44;land;false;plains;5
19178;183;3;218;land;false;plains;5
19179;222;60;216;land;false;plains;5
19180;65;174;244;land;false;plains;5
19181;65;230;131;land;false;plains;5
19182;142;110;67;land;false;plains;5
19183;201;186;220;land;false;plains;5
19184;25;179;217;land;false;plains;5
19185;119;83;153;land;false;plains;5
19186;48;22;48;land;false;forest;5
19187;232;244;76;land;false;plains;5
19188;247;102;127;land;false;plains;5
19189;62;70;143;land;false;plains;5
19190;68;148;208;land;false;plains;5
19191;252;235;160;land;false;plains;5
19192;22;226;13;land;false;plains;5
19193;56;174;227;land;false;plains;5
19194;207;20;174;land;false;forest;3
19195;240;176;183;land;false;plains;6
19196;69;196;93;land;false;forest;4
19197;0;10;91;lake;false;lakes;0
19198;91;129;82;lake;false;lakes;0
19199;228;4;109;lake;false;lakes;0
19200;250;177;108;lake;false;lakes;0
19201;180;144;109;lake;false;lakes;0
19202;21;128;147;lake;false;lakes;0
19203;22;246;245;lake;false;lakes;0
19204;113;106;165;lake;false;lakes;0
19205;36;103;228;lake;false;lakes;0
19206;190;20;170;lake;false;lakes;0
19207;188;132;110;lake;false;lakes;0
19208;145;18;252;lake;false;lakes;0
19209;208;140;49;lake;false;lakes;0
19210;44;215;206;lake;false;lakes;0
19211;243;82;162;sea;false;ocean;0
19212;171;0;79;land;false;plains;6
19213;100;54;88;land;true;plains;6
19214;94;78;222;land;true;plains;6
19215;253;181;9;land;false;hills;4
19216;31;255;132;land;false;urban;4
19217;140;0;255;land;false;low_urban;4
19218;240;219;55;land;false;urban;4
19219;255;121;31;land;false;low_urban;4
19220;255;255;31;land;false;forest;4
19221;239;14;118;land;false;low_urban;4
19222;184;0;163;land;false;plains;6
19223;0;132;184;land;false;plains;6
19224;66;79;133;land;false;forest;6
19225;191;47;148;land;false;low_urban;6
19226;28;244;132;land;false;forest;6
19227;170;66;56;land;false;urban;6
19228;246;255;0;land;false;low_urban;6
19229;240;155;26;land;false;forest;6
19230;115;48;196;land;false;plains;6
19231;116;153;228;land;false;plains;6
19232;63;98;170;land;false;plains;6
19233;176;173;87;land;false;low_urban;6
19234;49;175;135;land;false;hills;6
19235;233;26;240;land;false;hills;6
19236;93;44;101;land;false;hills;6
19237;244;28;28;land;false;low_urban;6
19238;80;124;34;land;false;mountain;6
19239;132;159;103;land;false;hills;6
19240;124;123;34;land;false;mountain;6
19241;34;86;124;land;false;mountain;6
19242;175;175;11;land;false;mountain;6
19243;76;181;86;land;false;industrial;6
19244;28;158;244;land;false;mountain;6
19245;255;188;17;land;false;hills;6
19246;17;77;255;land;false;hills;6
19247;244;114;28;land;false;low_urban;6
19248;135;74;24;land;false;mountain;6
19249;164;255;17;land;false;mountain;6
19250;17;255;243;land;false;mountain;6
19251;28;209;31;land;false;forest;6
19252;54;3;11;sea;false;ocean;6
19253;54;26;31;sea;false;ocean;6
19254;36;8;22;sea;false;ocean;6
19255;48;6;54;sea;false;ocean;6
19256;30;23;40;sea;false;ocean;6
19257;27;16;45;sea;false;ocean;6
19258;9;37;61;sea;false;ocean;6
19259;9;61;52;sea;false;ocean;6
19260;13;40;19;sea;false;ocean;6
19261;29;40;13;sea;false;ocean;6
19262;32;31;10;sea;false;ocean;6
19263;32;22;10;sea;false;ocean;6
19264;32;17;10;sea;false;ocean;6
19265;32;12;10;sea;false;ocean;6
19266;32;10;10;sea;false;ocean;6
19267;20;24;26;sea;false;ocean;6
19268;37;25;44;sea;false;ocean;6
19269;255;55;182;land;false;low_urban;6
19270;102;64;208;land;true;urban;6
19271;45;143;127;land;true;low_urban;6
19272;63;139;65;land;true;plains;6
19273;41;51;117;land;true;urban;6
19274;131;31;22;land;true;urban;6
19275;191;163;87;land;true;plains;6
19276;54;15;117;land;true;low_urban;6
19277;190;80;177;land;true;low_urban;6
19278;200;203;74;land;true;low_urban;6
19279;77;97;166;land;false;forest;6
19280;201;84;67;land;true;low_urban;6
19281;212;116;38;land;true;hills;6
19282;162;195;236;land;true;low_urban;6
19283;177;238;47;land;false;forest;6
19284;131;106;55;land;false;plains;6
19285;34;184;39;land;false;plains;6
19286;184;97;165;land;false;plains;6
19287;188;11;11;land;false;plains;6
19288;159;235;134;land;true;urban;6
19289;76;113;63;land;true;low_urban;6
19290;91;17;165;land;false;hills;6
19291;134;70;70;land;true;low_urban;6
19292;78;111;90;land;true;plains;6
19293;63;194;111;land;true;plains;6
19294;168;23;47;land;false;hills;6
19295;79;237;0;land;true;plains;6
19296;231;77;21;land;true;low_urban;6
19297;255;229;64;land;true;hills;6
19298;88;117;101;land;false;hills;6
19299;112;98;78;land;false;plains;6
19300;111;109;241;land;false;plains;6
19301;127;134;97;land;false;hills;6
19302;89;133;188;land;true;hills;6
19303;188;173;89;land;true;hills;6
19304;237;131;96;land;false;urban;6
19305;10;84;111;land;false;low_urban;6
19306;94;10;111;land;false;plains;6
19307;148;53;82;land;false;forest;6
19308;145;163;6;land;false;plains;6
19309;169;109;193;land;false;mountain;6
19310;80;118;27;land;false;mountain;6
19311;233;189;58;land;false;mountain;6
19312;135;58;168;land;false;mountain;6
19313;179;240;189;land;false;low_urban;6
19314;107;86;71;land;false;plains;6
19315;124;178;96;land;true;mountain;6
19316;237;235;107;land;true;hills;6
19317;199;28;25;land;false;hills;6
19318;205;158;88;land;false;low_urban;6
19319;37;58;139;land;true;mountain;6
19320;242;83;240;land;true;mountain;6
19321;170;194;168;land;false;mountain;6
19322;255;173;40;land;false;low_urban;6
19323;73;67;156;land;false;mountain;6
19324;242;144;135;land;false;hills;6
19325;112;162;62;land;false;mountain;6
19326;92;242;195;land;false;mountain;6
19327;80;107;148;land;false;low_urban;6
19328;221;84;107;land;false;hills;6
19329;132;108;208;land;false;plains;6
19330;103;174;110;land;false;mountain;6
19331;253;255;162;land;false;mountain;6
19332;146;58;25;land;false;mountain;6
19333;181;108;220;land;false;mountain;6
19334;240;120;45;land;false;low_urban;6
19335;168;155;173;land;false;hills;6
19336;163;64;37;land;false;urban;1
19337;64;116;27;land;false;urban;1
19338;116;39;27;land;false;urban;1
19339;127;137;110;land;false;low_urban;3
19340;114;140;86;land;false;urban;3
19341;58;98;102;land;false;mountain;5
19342;195;241;197;land;false;mountain;5
19343;154;67;225;land;false;forest;5
19344;225;67;135;land;false;urban;5
19345;67;225;146;land;true;urban;5
19346;129;131;38;land;false;low_urban;5
19347;112;118;132;land;false;urban;5

